country,state,city,station,last_update,latitude,longitude,pollutant_id,pollutant_min,pollutant_max,pollutant_avg
India,Andhra_Pradesh,Vijayawada,"Rajiv Gandhi Park, Vijayawada - APPCB","09-04-2026 11:00:00",16.509717,80.612222,CO,22,34,30
India,Andhra_Pradesh,Vijayawada,"Rajiv Nagar, Vijayawada - APPCB","09-04-2026 11:00:00",16.554731,80.649110,PM10,57,72,67
India,Andhra_Pradesh,Vijayawada,"Rajiv Nagar, Vijayawada - APPCB","09-04-2026 11:00:00",16.554731,80.649110,SO2,5,15,10
India,Andhra_Pradesh,Visakhapatnam,"GVM Corporation, Visakhapatnam - APPCB","09-04-2026 11:00:00",17.72,83.3,PM2.5,36,117,72
India,Andhra_Pradesh,Machilipatnam,"Srinivas Nagar Colony, Machilipatnam - APPCB","09-04-2026 11:00:00",16.186555,81.13219,NH3,6,10,8
India,Andhra_Pradesh,Machilipatnam,"Srinivas Nagar Colony, Machilipatnam - APPCB","09-04-2026 11:00:00",16.186555,81.13219,SO2,11,60,15
India,Andhra_Pradesh,Machilipatnam,"Srinivas Nagar Colony, Machilipatnam - APPCB","09-04-2026 11:00:00",16.186555,81.13219,CO,22,100,72
India,Andhra_Pradesh,Machilipatnam,"Srinivas Nagar Colony, Machilipatnam - APPCB","09-04-2026 11:00:00",16.186555,81.13219,OZONE,34,38,34
India,Assam,Guwahati,"Railway Colony, Guwahati - PCBA","09-04-2026 11:00:00",26.181742,91.78063,PM2.5,2,132,47
India,Assam,Guwahati,"Railway Colony, Guwahati - PCBA","09-04-2026 11:00:00",26.181742,91.78063,NO2,3,4,3
India,Assam,Nagaon,"Christianpatty, Nagaon - PCBA","09-04-2026 11:00:00",26.349082,92.68449,OZONE,8,13,11
India,Andhra_Pradesh,Visakhapatnam,"GVM Corporation, Visakhapatnam - APPCB","09-04-2026 11:00:00",17.72,83.3,OZONE,5,40,16
India,Arunachal_Pradesh,Naharlagun,"Naharlagun, Naharlagun - APSPCB","09-04-2026 11:00:00",27.103358,93.679645,NH3,NA,NA,NA
India,Andhra_Pradesh,Tirumala,"Toll Gate, Tirumala - APPCB","09-04-2026 11:00:00",13.67,79.35,PM10,47,87,69
India,Andhra_Pradesh,Tirumala,"Toll Gate, Tirumala - APPCB","09-04-2026 11:00:00",13.67,79.35,SO2,2,14,6
India,Andhra_Pradesh,Tirumala,"Toll Gate, Tirumala - APPCB","09-04-2026 11:00:00",13.67,79.35,CO,16,34,20
India,Andhra_Pradesh,Guntur,"Rajendra Nagar North, Guntur - APPCB","09-04-2026 11:00:00",16.316553,80.413302,NO2,16,28,22
India,Andhra_Pradesh,Guntur,"Rajendra Nagar North, Guntur - APPCB","09-04-2026 11:00:00",16.316553,80.413302,CO,11,30,15
India,Andhra_Pradesh,Nellore,"Ambedkar Nagar, Nellore - APPCB ","09-04-2026 11:00:00","14.438164 ","79.966814 ",PM10,33,91,61
India,Andhra_Pradesh,Tirupati,"Vaikuntapuram, Tirupati - APPCB","09-04-2026 11:00:00",13.615387,79.409230,CO,14,35,17
India,Andhra_Pradesh,Tirupati,"Vaikuntapuram, Tirupati - APPCB","09-04-2026 11:00:00",13.615387,79.409230,PM2.5,NA,NA,NA
India,Andhra_Pradesh,Kadapa,"Yerramukkapalli, Kadapa - APPCB","09-04-2026 11:00:00",14.465052,78.824187,NH3,4,7,6
India,Bihar,Aurangabad,"Gurdeo Nagar, Aurangabad - BSPCB","09-04-2026 11:00:00",24.75746,84.366208,PM10,32,175,86
India,Bihar,Aurangabad,"Gurdeo Nagar, Aurangabad - BSPCB","09-04-2026 11:00:00",24.75746,84.366208,CO,100,102,102
India,Bihar,Aurangabad,"Gurdeo Nagar, Aurangabad - BSPCB","09-04-2026 11:00:00",24.75746,84.366208,OZONE,6,40,14
India,Bihar,Begusarai,"Lohiyanagar, Begusarai - BSPCB","09-04-2026 11:00:00",25.42742023,86.13886079,PM2.5,NA,NA,NA
India,Bihar,Begusarai,"Lohiyanagar, Begusarai - BSPCB","09-04-2026 11:00:00",25.42742023,86.13886079,NH3,3,4,4
India,Bihar,Chhapra,"Darshan Nagar, Chhapra - BSPCB","09-04-2026 11:00:00",25.7808257,84.7446768,CO,8,12,9
India,Bihar,Gaya,"Collectorate, Gaya - BSPCB","09-04-2026 11:00:00",24.7955,84.9994,PM2.5,NA,NA,NA
India,Bihar,Gaya,"Collectorate, Gaya - BSPCB","09-04-2026 11:00:00",24.7955,84.9994,OZONE,19,20,19
India,Bihar,Gaya,"Kareemganj, Gaya - BSPCB","09-04-2026 11:00:00",24.792403,84.992416,CO,1,6,6
India,Bihar,Bhagalpur,"DM Office_Kachari Chowk, Bhagalpur - BSPCB","09-04-2026 11:00:00",25.251013,86.989001,NO2,6,11,9
India,Bihar,Bhagalpur,"Mayaganj, Bhagalpur - BSPCB","09-04-2026 11:00:00",25.265194,87.012947,NH3,5,7,6
India,Bihar,"Bihar Sharif","D M Colony, Bihar Sharif - BSPCB","09-04-2026 11:00:00",25.204762,85.514960,CO,44,64,60
India,Bihar,Bettiah,"Kamalnath Nagar, Bettiah - BSPCB","09-04-2026 11:00:00",26.80365,84.51954,OZONE,22,25,24
India,Bihar,Araria,"Kharahiya Basti, Araria - BSPCB","09-04-2026 11:00:00",26.146529,87.454184,PM10,18,98,60
India,Bihar,Buxar,"Charitra Van, Buxar - BSPCB","09-04-2026 11:00:00",25.567520,83.966379,PM2.5,NA,NA,NA
India,Assam,Silchar,"Tarapur, Silchar - PCBA","09-04-2026 11:00:00",24.82827,92.79525,OZONE,2,6,2
India,Bihar,Motihari,"Gandak Colony, Motihari - BSPCB","09-04-2026 11:00:00",26.63086,84.90051,OZONE,2,4,3
India,Bihar,Munger,"Town Hall, Munger - BSPCB","09-04-2026 11:00:00",25.376776,86.471523,CO,NA,NA,NA
India,Bihar,Munger,"Town Hall, Munger - BSPCB","09-04-2026 11:00:00",25.376776,86.471523,OZONE,NA,NA,NA
India,Bihar,Muzaffarpur,"Buddha Colony, Muzaffarpur - BSPCB","09-04-2026 11:00:00",26.11442,85.39813,PM2.5,55,224,128
India,Bihar,Hajipur,"Industrial Area, Hajipur - BSPCB","09-04-2026 11:00:00",25.697189,85.245900,PM2.5,67,222,134
India,Bihar,Hajipur,"Industrial Area, Hajipur - BSPCB","09-04-2026 11:00:00",25.697189,85.245900,CO,15,48,41
India,Bihar,Katihar,"Mirchaibari, Katihar - BSPCB","09-04-2026 11:00:00",25.560083,87.553265,PM2.5,13,27,19
India,Bihar,Patna,"Muradpur, Patna - BSPCB","09-04-2026 11:00:00",25.619651,85.147382,CO,4,30,18
India,Bihar,Patna,"Rajbansi Nagar, Patna - BSPCB","09-04-2026 11:00:00",25.599486,85.113666,PM2.5,56,97,68
India,Bihar,Patna,"Rajbansi Nagar, Patna - BSPCB","09-04-2026 11:00:00",25.599486,85.113666,PM10,75,126,97
India,Bihar,Motihari,"Gandak Colony, Motihari - BSPCB","09-04-2026 11:00:00",26.63086,84.90051,PM10,12,80,44
India,Bihar,Motihari,"Gandak Colony, Motihari - BSPCB","09-04-2026 11:00:00",26.63086,84.90051,NO2,8,12,10
India,Bihar,Motihari,"Gandak Colony, Motihari - BSPCB","09-04-2026 11:00:00",26.63086,84.90051,NH3,3,3,3
India,Bihar,Kishanganj,"SDM Office_Khagra, Kishanganj - BSPCB","09-04-2026 11:00:00",26.0881305,87.93840336,NH3,3,3,3
India,Bihar,Kishanganj,"SDM Office_Khagra, Kishanganj - BSPCB","09-04-2026 11:00:00",26.0881305,87.93840336,OZONE,32,34,33
India,Bihar,Muzaffarpur,"MIT-Daudpur Kothi, Muzaffarpur - BSPCB","09-04-2026 11:00:00",26.1403345,85.3650192,PM2.5,47,65,50
India,Bihar,Patna,"IGSC Planetarium Complex, Patna - BSPCB","09-04-2026 11:00:00",25.610369,85.132568,PM2.5,59,194,94
India,Bihar,Patna,"Govt. High School Shikarpur, Patna - BSPCB","09-04-2026 11:00:00",25.592539,85.227158,NH3,4,5,5
India,Bihar,Muzaffarpur,"Muzaffarpur Collectorate, Muzaffarpur - BSPCB","09-04-2026 11:00:00",26.1209,85.3647,NO2,9,13,12
India,Bihar,Saharsa,"Police Line, Saharsa - BSPCB","09-04-2026 11:00:00",25.892357,86.590325,NO2,6,8,7
India,Bihar,Samastipur,"DM Office_Kasipur, Samastipur - BSPCB","09-04-2026 11:00:00",25.859655,85.77944,PM10,25,123,74
India,Bihar,Samastipur,"DM Office_Kasipur, Samastipur - BSPCB","09-04-2026 11:00:00",25.859655,85.77944,NO2,8,9,8
India,Bihar,Samastipur,"DM Office_Kasipur, Samastipur - BSPCB","09-04-2026 11:00:00",25.859655,85.77944,SO2,NA,NA,NA
India,Chandigarh,Chandigarh,"Sector-25, Chandigarh - CPCC","09-04-2026 11:00:00",30.751462,76.762879,OZONE,1,45,15
India,Chandigarh,Chandigarh,"Sector-53, Chandigarh - CPCC","09-04-2026 11:00:00",30.719859,76.738637,PM10,10,29,18
India,Chandigarh,Chandigarh,"Sector-53, Chandigarh - CPCC","09-04-2026 11:00:00",30.719859,76.738637,NO2,21,69,40
India,Chandigarh,Chandigarh,"Sector-53, Chandigarh - CPCC","09-04-2026 11:00:00",30.719859,76.738637,CO,32,52,42
India,Bihar,Patna,"Samanpura, Patna - BSPCB","09-04-2026 11:00:00",25.596727,85.085624,PM10,79,140,108
India,Bihar,Patna,"Samanpura, Patna - BSPCB","09-04-2026 11:00:00",25.596727,85.085624,OZONE,23,35,31
India,Bihar,Purnia,"Mariam Nagar, Purnia - BSPCB","09-04-2026 11:00:00",25.366336,87.117468,NH3,2,2,2
India,Chhattisgarh,Bhilai,"Civic Center, Bhilai - Bhilai Steel Plant","09-04-2026 11:00:00",21.185571,81.343175,SO2,7,11,9
India,Chhattisgarh,Bhilai,"Hathkhoj, Bhilai - CECB","09-04-2026 11:00:00",21.224231,81.408350,NH3,4,6,5
India,Chhattisgarh,Bhilai,"Hathkhoj, Bhilai - CECB","09-04-2026 11:00:00",21.224231,81.408350,OZONE,5,19,11
India,Bihar,Purnia,"Mariam Nagar, Purnia - BSPCB","09-04-2026 11:00:00",25.366336,87.117468,OZONE,19,32,25
India,Bihar,Rajgir,"Dangi Tola, Rajgir - BSPCB","09-04-2026 11:00:00",25.03280,85.41948,PM2.5,32,83,53
India,Bihar,Patna,"Rajbansi Nagar, Patna - BSPCB","09-04-2026 11:00:00",25.599486,85.113666,CO,34,101,54
India,Bihar,Patna,"Rajbansi Nagar, Patna - BSPCB","09-04-2026 11:00:00",25.599486,85.113666,OZONE,24,34,30
India,Chandigarh,Chandigarh,"Sector 22, Chandigarh - CPCC","09-04-2026 11:00:00",30.735567,76.775714,PM10,18,103,46
India,Bihar,Siwan,"Chitragupta Nagar, Siwan - BSPCB","09-04-2026 11:00:00",26.2271665,84.3570427,SO2,7,8,7
India,Chhattisgarh,Bilaspur,"Mangala, Bilaspur - NTPC","09-04-2026 11:00:00",22.08815,82.13737,CO,12,60,25
India,Delhi,Delhi,"Ashok Vihar, Delhi - DPCC","09-04-2026 11:00:00",28.695381,77.181665,OZONE,9,128,27
India,Delhi,Delhi,"Burari Crossing, Delhi - IMD","09-04-2026 11:00:00",28.7256504,77.2011573,CO,12,37,25
India,Delhi,Delhi,"Burari Crossing, Delhi - IMD","09-04-2026 11:00:00",28.7256504,77.2011573,OZONE,27,161,34
India,Delhi,Delhi,"CRRI Mathura Road, Delhi - IMD","09-04-2026 11:00:00",28.5512005,77.2735737,PM2.5,11,96,54
India,Delhi,Delhi,"CRRI Mathura Road, Delhi - IMD","09-04-2026 11:00:00",28.5512005,77.2735737,PM10,59,128,86
India,Delhi,Delhi,"CRRI Mathura Road, Delhi - IMD","09-04-2026 11:00:00",28.5512005,77.2735737,NO2,48,102,58
India,Delhi,Delhi,"CRRI Mathura Road, Delhi - IMD","09-04-2026 11:00:00",28.5512005,77.2735737,OZONE,22,96,28
India,Chhattisgarh,Raipur,"Siltara Phase-II, Raipur - CECB","09-04-2026 11:00:00",21.371751,81.664929,NH3,3,3,3
India,Chhattisgarh,Tumidih,"OP Jindal Industrial Park, Tumidih - CECB","09-04-2026 11:00:00",22.06631475,83.33820077,PM10,20,51,33
India,Chhattisgarh,Tumidih,"OP Jindal Industrial Park, Tumidih - CECB","09-04-2026 11:00:00",22.06631475,83.33820077,NH3,1,3,2
India,Chhattisgarh,Tumidih,"OP Jindal Industrial Park, Tumidih - CECB","09-04-2026 11:00:00",22.06631475,83.33820077,CO,15,44,16
India,Delhi,Delhi,"Alipur, Delhi - DPCC","09-04-2026 11:00:00",28.815329,77.153010,NO2,16,37,23
India,Delhi,Delhi,"Ashok Vihar, Delhi - DPCC","09-04-2026 11:00:00",28.695381,77.181665,PM2.5,40,312,81
India,Delhi,Delhi,"Ashok Vihar, Delhi - DPCC","09-04-2026 11:00:00",28.695381,77.181665,NH3,6,7,7
India,Delhi,Delhi,"Ashok Vihar, Delhi - DPCC","09-04-2026 11:00:00",28.695381,77.181665,SO2,10,28,15
India,Chhattisgarh,Korba,"Urja Nagar, Korba - CECB","09-04-2026 11:00:00",22.348441,82.549611,CO,16,28,17
India,Chhattisgarh,Kunjemura,"OP Jindal School, Kunjemura - CECB","09-04-2026 11:00:00",22.126650,83.483212,PM10,27,67,46
India,Chhattisgarh,Kunjemura,"OP Jindal School, Kunjemura - CECB","09-04-2026 11:00:00",22.126650,83.483212,NH3,2,2,2
India,Chhattisgarh,Kunjemura,"OP Jindal School, Kunjemura - CECB","09-04-2026 11:00:00",22.126650,83.483212,SO2,11,20,16
India,Delhi,Delhi,"Chandni Chowk, Delhi - IITM","09-04-2026 11:00:00",28.656756,77.227234,PM2.5,17,55,36
India,Delhi,Delhi,"Chandni Chowk, Delhi - IITM","09-04-2026 11:00:00",28.656756,77.227234,PM10,63,135,105
India,Chhattisgarh,Raipur,"Bhatagaon New ISBT, Raipur - CECB","09-04-2026 11:00:00",21.219665,81.630094,NO2,22,41,28
India,Chhattisgarh,Korba,"Urja Nagar, Korba - CECB","09-04-2026 11:00:00",22.348441,82.549611,PM10,19,62,37
India,Delhi,Delhi,"Cantonment Area, Delhi - DPCC ","09-04-2026 11:00:00","28.594169 ","77.125100 ",SO2,22,26,24
India,Delhi,Delhi,"Mandir Marg, Delhi - DPCC","09-04-2026 11:00:00",28.636429,77.201067,OZONE,8,110,17
India,Delhi,Delhi,"Mundka, Delhi - DPCC","09-04-2026 11:00:00",28.684678,77.076574,OZONE,4,84,10
India,Delhi,Delhi,"NSIT Dwarka, Delhi - CPCB","09-04-2026 11:00:00",28.60909,77.0325413,PM2.5,49,83,65
India,Delhi,Delhi,"NSIT Dwarka, Delhi - CPCB","09-04-2026 11:00:00",28.60909,77.0325413,PM10,61,267,105
India,Delhi,Delhi,"NSIT Dwarka, Delhi - CPCB","09-04-2026 11:00:00",28.60909,77.0325413,NO2,73,119,92
India,Delhi,Delhi,"NSIT Dwarka, Delhi - CPCB","09-04-2026 11:00:00",28.60909,77.0325413,NH3,4,11,8
India,Delhi,Delhi,"NSIT Dwarka, Delhi - CPCB","09-04-2026 11:00:00",28.60909,77.0325413,SO2,4,9,7
India,Delhi,Delhi,"JNU, Delhi - DPCC","09-04-2026 11:00:00","28.540721 ","77.168544 ",SO2,17,19,18
India,Delhi,Delhi,"JNU, Delhi - DPCC","09-04-2026 11:00:00","28.540721 ","77.168544 ",CO,114,117,116
India,Delhi,Delhi,"Jahangirpuri, Delhi - DPCC","09-04-2026 11:00:00",28.732820,77.170633,PM10,77,182,116
India,Delhi,Delhi,"Jahangirpuri, Delhi - DPCC","09-04-2026 11:00:00",28.732820,77.170633,NH3,9,12,10
India,Delhi,Delhi,"Jawaharlal Nehru Stadium, Delhi - DPCC","09-04-2026 11:00:00",28.580280,77.233829,PM2.5,40,95,60
India,Delhi,Delhi,"NSUT Jaffarpur, Delhi - DPCC","09-04-2026 11:00:00","28.594004 ","76.909423 ",PM10,44,118,76
India,Delhi,Delhi,"NSUT Jaffarpur, Delhi - DPCC","09-04-2026 11:00:00","28.594004 ","76.909423 ",NO2,4,68,28
India,Delhi,Delhi,"Najafgarh, Delhi - DPCC","09-04-2026 11:00:00",28.570173,76.933762,PM10,30,96,61
India,Delhi,Delhi,"Najafgarh, Delhi - DPCC","09-04-2026 11:00:00",28.570173,76.933762,SO2,8,74,13
India,Delhi,Delhi,"Najafgarh, Delhi - DPCC","09-04-2026 11:00:00",28.570173,76.933762,CO,16,107,33
India,Delhi,Delhi,"Najafgarh, Delhi - DPCC","09-04-2026 11:00:00",28.570173,76.933762,OZONE,11,126,26
India,Delhi,Delhi,"Commonwealth Sports Complex, Delhi - DPCC","09-04-2026 11:00:00","28.615828 ","77.271992 ",NO2,12,109,50
India,Delhi,Delhi,"Commonwealth Sports Complex, Delhi - DPCC","09-04-2026 11:00:00","28.615828 ","77.271992 ",NH3,2,6,4
India,Delhi,Delhi,"Commonwealth Sports Complex, Delhi - DPCC","09-04-2026 11:00:00","28.615828 ","77.271992 ",SO2,24,28,25
India,Delhi,Delhi,"DTU, Delhi - CPCB","09-04-2026 11:00:00",28.7500499,77.1112615,PM2.5,43,233,101
India,Delhi,Delhi,"IGNOU_Maidan Garhi, Delhi - DPCC","09-04-2026 11:00:00","28.493624 ","77.201159 ",NH3,2,5,3
India,Delhi,Delhi,"IGNOU_Maidan Garhi, Delhi - DPCC","09-04-2026 11:00:00","28.493624 ","77.201159 ",SO2,35,40,36
India,Delhi,Delhi,"IGNOU_Maidan Garhi, Delhi - DPCC","09-04-2026 11:00:00","28.493624 ","77.201159 ",CO,26,48,36
India,Delhi,Delhi,"IHBAS, Dilshad Garden, Delhi - CPCB","09-04-2026 11:00:00",28.6811736,77.3025234,NO2,40,92,56
India,Delhi,Delhi,"Nehru Nagar, Delhi - DPCC","09-04-2026 11:00:00",28.567890,77.250515,SO2,2,26,9
India,Delhi,Delhi,"North Campus, DU, Delhi - IMD","09-04-2026 11:00:00",28.6573814,77.1585447,OZONE,4,137,16
India,Delhi,Delhi,"IHBAS, Dilshad Garden, Delhi - CPCB","09-04-2026 11:00:00",28.6811736,77.3025234,SO2,2,33,17
India,Delhi,Delhi,"IHBAS, Dilshad Garden, Delhi - CPCB","09-04-2026 11:00:00",28.6811736,77.3025234,CO,67,147,113
India,Delhi,Delhi,"Jawaharlal Nehru Stadium, Delhi - DPCC","09-04-2026 11:00:00",28.580280,77.233829,CO,38,60,46
India,Delhi,Delhi,"Jawaharlal Nehru Stadium, Delhi - DPCC","09-04-2026 11:00:00",28.580280,77.233829,OZONE,7,153,19
India,Delhi,Delhi,"Major Dhyan Chand National Stadium, Delhi - DPCC","09-04-2026 11:00:00",28.611281,77.237738,CO,53,86,62
India,Delhi,Delhi,"Vivek Vihar, Delhi - DPCC","09-04-2026 11:00:00",28.672342,77.315260,SO2,12,64,26
India,Delhi,Delhi,"Wazirpur, Delhi - DPCC","09-04-2026 11:00:00",28.699793,77.165453,OZONE,15,107,22
India,Gujarat,Ahmedabad,"Gyaspur, Ahmedabad - IITM","09-04-2026 11:00:00",22.977134,72.553024,SO2,18,94,40
India,Gujarat,Ahmedabad,"Gyaspur, Ahmedabad - IITM","09-04-2026 11:00:00",22.977134,72.553024,CO,28,99,70
India,Gujarat,Ahmedabad,"Gyaspur, Ahmedabad - IITM","09-04-2026 11:00:00",22.977134,72.553024,OZONE,1,20,6
India,Gujarat,Ahmedabad,"Maninagar, Ahmedabad - GPCB","09-04-2026 11:00:00",23.002657,72.591912,PM2.5,38,175,89
India,Delhi,Delhi,"Pusa, Delhi - DPCC","09-04-2026 11:00:00",28.639652,77.146275,CO,44,96,74
India,Delhi,Delhi,"Pusa, Delhi - IMD","09-04-2026 11:00:00",28.636110,77.173332,NO2,45,167,92
India,Delhi,Delhi,"Pusa, Delhi - IMD","09-04-2026 11:00:00",28.636110,77.173332,OZONE,27,315,197
India,Delhi,Delhi,"R K Puram, Delhi - DPCC","09-04-2026 11:00:00",28.563262,77.186937,NO2,18,71,35
India,Delhi,Delhi,"R K Puram, Delhi - DPCC","09-04-2026 11:00:00",28.563262,77.186937,NH3,5,10,6
India,Delhi,Delhi,"Rohini, Delhi - DPCC","09-04-2026 11:00:00",28.732528,77.119920,PM2.5,52,352,155
India,Delhi,Delhi,"Okhla Phase-2, Delhi - DPCC","09-04-2026 11:00:00",28.530785,77.271255,SO2,13,26,19
India,Delhi,Delhi,"Patparganj, Delhi - DPCC","09-04-2026 11:00:00",28.623763,77.287209,PM10,55,130,92
India,Delhi,Delhi,"Patparganj, Delhi - DPCC","09-04-2026 11:00:00",28.623763,77.287209,NH3,8,10,9
India,Delhi,Delhi,"Patparganj, Delhi - DPCC","09-04-2026 11:00:00",28.623763,77.287209,SO2,9,40,19
India,Delhi,Delhi,"Patparganj, Delhi - DPCC","09-04-2026 11:00:00",28.623763,77.287209,OZONE,19,149,24
India,Delhi,Delhi,"Punjabi Bagh, Delhi - DPCC","09-04-2026 11:00:00",28.674045,77.131023,CO,41,64,49
India,Gujarat,Ahmedabad,"Maninagar, Ahmedabad - GPCB","09-04-2026 11:00:00",23.002657,72.591912,OZONE,37,136,80
India,Gujarat,Ahmedabad,"Raikhad, Ahmedabad - IITM","09-04-2026 11:00:00",23.020509,72.579261,CO,4,63,31
India,Gujarat,Ahmedabad,"Raikhad, Ahmedabad - IITM","09-04-2026 11:00:00",23.020509,72.579261,OZONE,1,46,19
India,Gujarat,Ahmedabad,"Rakhial, Ahmedabad - IITM","09-04-2026 11:00:00",23.016834,72.625775,PM2.5,23,58,40
India,Gujarat,Ahmedabad,"Rakhial, Ahmedabad - IITM","09-04-2026 11:00:00",23.016834,72.625775,NH3,6,12,9
India,Delhi,Delhi,"Sri Aurobindo Marg, Delhi - DPCC","09-04-2026 11:00:00",28.531346,77.190156,NO2,12,46,26
India,Delhi,Delhi,"Sri Aurobindo Marg, Delhi - DPCC","09-04-2026 11:00:00",28.531346,77.190156,OZONE,3,108,20
India,Gujarat,Ahmedabad,"SAC ISRO Bopal, Ahmedabad - IITM","09-04-2026 11:00:00",23.041137,72.456691,PM10,50,103,78
India,Delhi,Delhi,"Talkatora Garden, Delhi - DPCC","09-04-2026 11:00:00",28.621810,77.1944633,SO2,23,37,29
India,Delhi,Delhi,"Shadipur, Delhi - CPCB","09-04-2026 11:00:00",28.6514781,77.1473105,CO,10,70,33
India,Delhi,Delhi,"Shadipur, Delhi - CPCB","09-04-2026 11:00:00",28.6514781,77.1473105,NH3,6,8,7
India,Gujarat,Bhavnagar,"Vidhyanagar, Bhavnagar - Nexteng Enviro","09-04-2026 11:00:00",21.755417,72.139056,NH3,2,4,3
India,Gujarat,Bhavnagar,"Vidhyanagar, Bhavnagar - Nexteng Enviro","09-04-2026 11:00:00",21.755417,72.139056,CO,80,85,82
India,Gujarat,Bhavnagar,"Vidhyanagar, Bhavnagar - Nexteng Enviro","09-04-2026 11:00:00",21.755417,72.139056,OZONE,5,18,7
India,Gujarat,Gandhinagar,"GIFT City, Gandhinagar - IITM","09-04-2026 11:00:00",23.163798,72.677768,PM10,116,159,142
India,Gujarat,Gandhinagar,"GIFT City, Gandhinagar - IITM","09-04-2026 11:00:00",23.163798,72.677768,NH3,4,9,6
India,Gujarat,Gandhinagar,"IIPHG Lekawada, Gandhinagar - IITM","09-04-2026 11:00:00",23.243639,72.68994,NO2,6,21,10
India,Gujarat,Ahmedabad,"SAC ISRO Satellite, Ahmedabad - IITM","09-04-2026 11:00:00",23.023389,72.515201,PM10,13,57,35
India,Gujarat,Ahmedabad,"SVPI Airport Hansol, Ahmedabad - IITM","09-04-2026 11:00:00",23.076793,72.627874,NH3,NA,NA,NA
India,Gujarat,Ahmedabad,"SVPI Airport Hansol, Ahmedabad - IITM","09-04-2026 11:00:00",23.076793,72.627874,CO,NA,NA,NA
India,Gujarat,Ankleshwar,"GIDC, Ankleshwar - GPCB","09-04-2026 11:00:00",21.613267,73.010555,PM10,46,118,106
India,Gujarat,Ankleshwar,"GIDC, Ankleshwar - GPCB","09-04-2026 11:00:00",21.613267,73.010555,NH3,5,6,5
India,Gujarat,Vapi,"Phase-1 GIDC, Vapi - GPCB","09-04-2026 11:00:00",20.362421,72.918013,PM10,NA,NA,NA
India,Gujarat,Vapi,"Phase-1 GIDC, Vapi - GPCB","09-04-2026 11:00:00",20.362421,72.918013,NH3,NA,NA,NA
India,Gujarat,Vatva,"Phase-4 GIDC, Vatva - GPCB","09-04-2026 11:00:00",22.969611,72.643500,PM2.5,69,321,190
India,Gujarat,Vatva,"Phase-4 GIDC, Vatva - GPCB","09-04-2026 11:00:00",22.969611,72.643500,PM10,109,184,140
India,Gujarat,Vatva,"Phase-4 GIDC, Vatva - GPCB","09-04-2026 11:00:00",22.969611,72.643500,NO2,38,56,50
India,Gujarat,Rajkot,"Mavdi, Rajkot - Nexteng Enviro ","09-04-2026 11:00:00",22.248853,70.776774,PM10,85,148,115
India,Gujarat,Rajkot,"Mavdi, Rajkot - Nexteng Enviro ","09-04-2026 11:00:00",22.248853,70.776774,SO2,8,19,13
India,Gujarat,Gandhinagar,"Sector-10, Gandhinagar - GPCB","09-04-2026 11:00:00",23.221714,72.654328,PM10,70,104,90
India,Gujarat,Gandhinagar,"Sector-10, Gandhinagar - GPCB","09-04-2026 11:00:00",23.221714,72.654328,NH3,1,2,1
India,Gujarat,Surat,"Science Center, Surat - SMC","09-04-2026 11:00:00",21.170046,72.795405,PM10,33,112,72
India,Gujarat,Surat,"Science Center, Surat - SMC","09-04-2026 11:00:00",21.170046,72.795405,CO,29,38,34
India,Gujarat,Mehsana,"Sadanand Nagar, Mehsana - Nexteng Enviro","09-04-2026 11:00:00",23.593150,72.372792,PM2.5,15,174,63
India,Haryana,"Charkhi Dadri","Mini Secretariat, Charkhi Dadri - HSPCB","09-04-2026 11:00:00",28.593883,76.270653,NO2,9,23,15
India,Gujarat,Vadodara,"Bapunagar, Vadodara - Nexteng Enviro","09-04-2026 11:00:00",22.320153,73.216285,OZONE,3,7,4
India,Haryana,Hisar,"Urban Estate-II, Hisar - HSPCB","09-04-2026 11:00:00",29.140560,75.744941,SO2,NA,NA,NA
India,Haryana,Hisar,"Urban Estate-II, Hisar - HSPCB","09-04-2026 11:00:00",29.140560,75.744941,OZONE,15,156,34
India,Haryana,Jind,"Police Lines, Jind - HSPCB","09-04-2026 11:00:00",29.307814,76.337619,PM2.5,17,59,42
India,Haryana,Karnal,"Sector-12, Karnal - HSPCB","09-04-2026 11:00:00",29.695300,77.002700,PM2.5,30,162,68
India,Haryana,Karnal,"Sector-12, Karnal - HSPCB","09-04-2026 11:00:00",29.695300,77.002700,SO2,3,13,8
India,Haryana,Karnal,"Sector-12, Karnal - HSPCB","09-04-2026 11:00:00",29.695300,77.002700,OZONE,13,52,30
India,Haryana,Kurukshetra,"Sector-7, Kurukshetra - HSPCB","09-04-2026 11:00:00",29.966942,76.875879,PM2.5,33,65,49
India,Haryana,Kurukshetra,"Sector-7, Kurukshetra - HSPCB","09-04-2026 11:00:00",29.966942,76.875879,NO2,3,6,4
India,Haryana,"Charkhi Dadri","Mini Secretariat, Charkhi Dadri - HSPCB","09-04-2026 11:00:00",28.593883,76.270653,OZONE,14,16,15
India,Haryana,Dharuhera,"Municipal Corporation Office, Dharuhera -  HSPCB","09-04-2026 11:00:00",28.206800,76.799700,SO2,6,7,6
India,Haryana,Dharuhera,"Municipal Corporation Office, Dharuhera -  HSPCB","09-04-2026 11:00:00",28.206800,76.799700,CO,54,102,72
India,Haryana,Faridabad,"New Industrial Town, Faridabad - HSPCB","09-04-2026 11:00:00",28.39072,77.30059,PM2.5,115,143,132
India,Haryana,Faridabad,"New Industrial Town, Faridabad - HSPCB","09-04-2026 11:00:00",28.39072,77.30059,NH3,11,12,11
India,Haryana,Gurugram,"Teri Gram, Gurugram - HSPCB","09-04-2026 11:00:00",28.4275,77.1465,PM10,20,127,59
India,Haryana,Gurugram,"Teri Gram, Gurugram - HSPCB","09-04-2026 11:00:00",28.4275,77.1465,SO2,3,12,7
India,Haryana,Gurugram,"Teri Gram, Gurugram - HSPCB","09-04-2026 11:00:00",28.4275,77.1465,CO,18,26,20
India,Haryana,Gurugram,"Teri Gram, Gurugram - HSPCB","09-04-2026 11:00:00",28.4275,77.1465,OZONE,9,37,15
India,Haryana,Gurugram,"Vikas Sadan, Gurugram - HSPCB","09-04-2026 11:00:00",28.4501238,77.0263051,CO,64,114,97
India,Haryana,Hisar,"Urban Estate-II, Hisar - HSPCB","09-04-2026 11:00:00",29.140560,75.744941,PM10,37,111,67
India,Haryana,Panchkula,"Sector-6, Panchkula - HSPCB ","09-04-2026 11:00:00",30.7057778,76.8531805555555,CO,6,15,14
India,Haryana,Panipat,"Sector-18, Panipat - HSPCB","09-04-2026 11:00:00",29.432304,76.972765,PM2.5,10,51,32
India,Haryana,Panipat,"Sector-18, Panipat - HSPCB","09-04-2026 11:00:00",29.432304,76.972765,PM10,67,108,86
India,Haryana,Panipat,"Sector-18, Panipat - HSPCB","09-04-2026 11:00:00",29.432304,76.972765,SO2,11,11,11
India,Haryana,Panipat,"Sector-18, Panipat - HSPCB","09-04-2026 11:00:00",29.432304,76.972765,OZONE,30,30,30
India,Haryana,Kurukshetra,"Sector-7, Kurukshetra - HSPCB","09-04-2026 11:00:00",29.966942,76.875879,CO,2,26,14
India,Haryana,Kurukshetra,"Sector-7, Kurukshetra - HSPCB","09-04-2026 11:00:00",29.966942,76.875879,OZONE,3,49,29
India,Haryana,Manesar,"Sector-2 IMT, Manesar - HSPCB","09-04-2026 11:00:00",28.360699,76.936090,PM10,26,70,53
India,Haryana,Gurugram,"NISE Gwal Pahari, Gurugram - IMD","09-04-2026 11:00:00",28.422681,77.148944,OZONE,11,83,22
India,Haryana,Gurugram,"Sector-51, Gurugram - HSPCB","09-04-2026 11:00:00",28.4227,77.0667,CO,12,30,25
India,Haryana,Faridabad,"Sector 30, Faridabad - HSPCB","09-04-2026 11:00:00",28.4417,77.3217,CO,30,64,62
India,Haryana,Fatehabad,"Huda Sector, Fatehabad - HSPCB","09-04-2026 11:00:00",29.503664,75.467934,CO,25,34,29
India,Haryana,Faridabad,"Sector 11, Faridabad - HSPCB","09-04-2026 11:00:00",28.376058,77.315741,CO,40,41,40
India,Haryana,Faridabad,"Sector 11, Faridabad - HSPCB","09-04-2026 11:00:00",28.376058,77.315741,OZONE,15,16,15
India,Haryana,Faridabad,"Sector 30, Faridabad - HSPCB","09-04-2026 11:00:00",28.4417,77.3217,NH3,11,12,11
India,"Himachal Pradesh",Baddi,"HIMUDA Complex Phase-1, Baddi - HPPCB","09-04-2026 11:00:00",30.943887,76.801991,PM10,NA,NA,NA
India,"Himachal Pradesh",Baddi,"HIMUDA Complex Phase-1, Baddi - HPPCB","09-04-2026 11:00:00",30.943887,76.801991,NO2,1,49,11
India,Jammu_and_Kashmir,Pampore,"Khrew, Pampore - JKPCC","09-04-2026 11:00:00",34.031606,75.009712,NO2,6,16,11
India,Jammu_and_Kashmir,Srinagar,"Rajbagh, Srinagar - JKPCC","09-04-2026 11:00:00",34.066206,74.819820,SO2,3,4,3
India,Jharkhand,Dhanbad,"Sardar Patel Nagar, Dhanbad - JSPCB","09-04-2026 11:00:00",23.80569,86.44268,PM10,NA,NA,NA
India,Jharkhand,Dhanbad,"Sardar Patel Nagar, Dhanbad - JSPCB","09-04-2026 11:00:00",23.80569,86.44268,NO2,92,176,103
India,Jharkhand,Dhanbad,"Sardar Patel Nagar, Dhanbad - JSPCB","09-04-2026 11:00:00",23.80569,86.44268,OZONE,8,310,17
India,Karnataka,Bagalkot,"Vidayagiri, Bagalkot - KSPCB","09-04-2026 11:00:00",16.172806,75.659694,PM2.5,18,36,35
India,Karnataka,Bagalkot,"Vidayagiri, Bagalkot - KSPCB","09-04-2026 11:00:00",16.172806,75.659694,NH3,1,1,1
India,Karnataka,Bagalkot,"Vidayagiri, Bagalkot - KSPCB","09-04-2026 11:00:00",16.172806,75.659694,SO2,3,7,7
India,Karnataka,Belgaum,"Ramteerth Nagar, Belgaum - KSPCB","09-04-2026 11:00:00",15.888653,74.541751,PM10,45,104,73
India,Karnataka,Belgaum,"Ramteerth Nagar, Belgaum - KSPCB","09-04-2026 11:00:00",15.888653,74.541751,NO2,1,63,34
India,Karnataka,Belgaum,"Ramteerth Nagar, Belgaum - KSPCB","09-04-2026 11:00:00",15.888653,74.541751,NH3,3,11,9
India,Karnataka,Bengaluru,"BTM Layout, Bengaluru - CPCB","09-04-2026 11:00:00",12.9135218,77.5950804,PM10,88,89,88
India,Karnataka,Bengaluru,"BWSSB Kadabesanahalli, Bengaluru - CPCB","09-04-2026 11:00:00",12.9352049,77.6814488,PM2.5,4,59,28
India,Haryana,Sirsa,"F-Block, Sirsa - HSPCB","09-04-2026 11:00:00",29.536400,75.015800,NH3,12,14,13
India,Haryana,Sonipat,"Murthal, Sonipat - HSPCB","09-04-2026 11:00:00",29.027200,77.062100,NO2,12,13,12
India,Haryana,Sonipat,"Murthal, Sonipat - HSPCB","09-04-2026 11:00:00",29.027200,77.062100,NH3,21,21,21
India,Karnataka,Bengaluru,"Hombegowda Nagar, Bengaluru - KSPCB","09-04-2026 11:00:00",12.938539,77.590100,CO,2,52,11
India,Karnataka,Bengaluru,"Jayanagar 5th Block, Bengaluru - KSPCB","09-04-2026 11:00:00",12.920984,77.584908,NO2,4,39,16
India,Karnataka,Bengaluru,"Bapuji Nagar, Bengaluru - KSPCB","09-04-2026 11:00:00",12.951913,77.539784,PM10,70,190,114
India,Karnataka,Bengaluru,"Bapuji Nagar, Bengaluru - KSPCB","09-04-2026 11:00:00",12.951913,77.539784,OZONE,22,89,42
India,Jharkhand,Jorapokhar,"Tata Stadium, Jorapokhar - JSPCB","09-04-2026 11:00:00",23.707909,86.414670,PM2.5,41,140,61
India,Jharkhand,Jorapokhar,"Tata Stadium, Jorapokhar - JSPCB","09-04-2026 11:00:00",23.707909,86.414670,SO2,NA,NA,NA
India,Haryana,Rohtak,"MD University, Rohtak - HSPCB","09-04-2026 11:00:00",28.52123,76.37138,PM10,39,81,61
India,Karnataka,Bengaluru,"Jigani, Bengaluru - KSPCB","09-04-2026 11:00:00",12.7816279,77.6299145,NH3,4,6,4
India,Kerala,Thiruvananthapuram,"Kariavattom, Thiruvananthapuram - Kerala PCB","09-04-2026 11:00:00",8.563700,76.886500,OZONE,30,31,30
India,Kerala,Thiruvananthapuram,"Plammoodu, Thiruvananthapuram - Kerala PCB","09-04-2026 11:00:00",8.5149093,76.9435879,PM2.5,23,37,30
India,Kerala,Thiruvananthapuram,"Plammoodu, Thiruvananthapuram - Kerala PCB","09-04-2026 11:00:00",8.5149093,76.9435879,SO2,7,24,15
India,"Madhya Pradesh",Bhopal,"Idgah Hills, Bhopal - MPPCB","09-04-2026 11:00:00",23.264759,77.381568,NO2,18,52,31
India,"Madhya Pradesh",Bhopal,"Idgah Hills, Bhopal - MPPCB","09-04-2026 11:00:00",23.264759,77.381568,OZONE,22,57,38
India,"Madhya Pradesh",Bhopal,"Paryavaran Parisar, Bhopal - MPPCB","09-04-2026 11:00:00",23.210494,77.425409,PM2.5,23,87,48
India,"Madhya Pradesh",Bhopal,"Paryavaran Parisar, Bhopal - MPPCB","09-04-2026 11:00:00",23.210494,77.425409,PM10,73,122,96
India,Karnataka,Bengaluru,"Sanegurava Halli, Bengaluru - KSPCB","09-04-2026 11:00:00",12.990328,77.5431385,PM10,51,54,51
India,Karnataka,Bengaluru,"Sanegurava Halli, Bengaluru - KSPCB","09-04-2026 11:00:00",12.990328,77.5431385,NO2,17,19,18
India,Karnataka,Bengaluru,"Silk Board, Bengaluru - KSPCB","09-04-2026 11:00:00",12.917348,77.622813,OZONE,1,57,43
India,Karnataka,Chikkaballapur,"Chikkaballapur Rural, Chikkaballapur - KSPCB","09-04-2026 11:00:00",13.428828,77.731418,NO2,3,30,10
India,Karnataka,Chikkaballapur,"Chikkaballapur Rural, Chikkaballapur - KSPCB","09-04-2026 11:00:00",13.428828,77.731418,OZONE,13,22,16
India,Karnataka,Chikkamagaluru,"Kalyana Nagara, Chikkamagaluru - KSPCB","09-04-2026 11:00:00",13.328028,75.797056,NH3,NA,NA,NA
India,Karnataka,Chikkamagaluru,"Kalyana Nagara, Chikkamagaluru - KSPCB","09-04-2026 11:00:00",13.328028,75.797056,SO2,NA,NA,NA
India,Karnataka,Chikkamagaluru,"Kalyana Nagara, Chikkamagaluru - KSPCB","09-04-2026 11:00:00",13.328028,75.797056,CO,NA,NA,NA
India,Karnataka,Hubballi,"Lingaraj Nagar, Hubballi - KSPCB","09-04-2026 11:00:00",15.3714823,75.1160168,PM2.5,36,44,42
India,Karnataka,Kalaburagi,"Mahatma Basaveswar Colony, Kalaburgi - KSPCB","09-04-2026 11:00:00",17.336318,76.847397,PM2.5,14,54,39
India,Karnataka,Kalaburagi,"Mahatma Basaveswar Colony, Kalaburgi - KSPCB","09-04-2026 11:00:00",17.336318,76.847397,PM10,19,67,49
India,Karnataka,Vijayapura,"Ibrahimpur, Vijayapura - KSPCB","09-04-2026 11:00:00",16.802639,75.722694,NH3,3,4,4
India,Karnataka,Yadgir,"Collector Office, Yadgir - KSPCB","09-04-2026 11:00:00",16.7602,77.1428,CO,14,30,19
India,Karnataka,Mangalore,"Kadri, Mangalore - KSPCB","09-04-2026 11:00:00",12.889250,74.853000,PM2.5,23,48,36
India,Karnataka,Ramanagara,"Vijay Nagar, Ramanagara - KSPCB","09-04-2026 11:00:00",12.733409,77.298051,PM10,41,122,63
India,Karnataka,Bengaluru,"Peenya, Bengaluru - CPCB","09-04-2026 11:00:00",13.0270199,77.494094,OZONE,24,28,28
India,Karnataka,Bengaluru,"RVCE-Mailasandra, Bengaluru - KSPCB","09-04-2026 11:00:00",12.921418,77.502466,PM10,23,140,93
India,"Madhya Pradesh",Bhopal,"Paryavaran Parisar, Bhopal - MPPCB","09-04-2026 11:00:00",23.210494,77.425409,SO2,15,31,24
India,"Madhya Pradesh",Bhopal,"Paryavaran Parisar, Bhopal - MPPCB","09-04-2026 11:00:00",23.210494,77.425409,CO,20,36,27
India,"Madhya Pradesh",Bhopal,"Paryavaran Parisar, Bhopal - MPPCB","09-04-2026 11:00:00",23.210494,77.425409,OZONE,36,61,51
India,Karnataka,Tumakuru,"Thimmalapura, Tumakuru - KSPCB","09-04-2026 11:00:00",13.377516,77.099072,NH3,3,3,3
India,"Madhya Pradesh",Jabalpur,"Gupteshwar, Jabalpur - JMC","09-04-2026 11:00:00",23.142888,79.916147,PM2.5,59,121,83
India,"Madhya Pradesh",Jabalpur,"Gupteshwar, Jabalpur - JMC","09-04-2026 11:00:00",23.142888,79.916147,PM10,76,127,98
India,"Madhya Pradesh",Jabalpur,"Marhatal, Jabalpur - MPPCB","09-04-2026 11:00:00",23.168606,79.932247,SO2,13,16,14
India,"Madhya Pradesh",Jabalpur,"Suhagi, Jabalpur - JMC","09-04-2026 11:00:00",23.218135,79.957770,PM2.5,23,106,54
India,"Madhya Pradesh",Jabalpur,"Suhagi, Jabalpur - JMC","09-04-2026 11:00:00",23.218135,79.957770,PM10,33,132,65
India,"Madhya Pradesh",Gwalior,"Maharaj Bada, Gwalior - MPPCB","09-04-2026 11:00:00",26.200388,78.147714,OZONE,24,126,65
India,"Madhya Pradesh",Indore,"Chhoti Gwaltoli, Indore - MPPCB","09-04-2026 11:00:00",22.4310,75.5213,PM10,118,368,189
India,"Madhya Pradesh",Mandideep,"Sector-D Industrial Area, Mandideep - MPPCB","09-04-2026 11:00:00",23.108440,77.511428,NH3,7,10,9
India,"Madhya Pradesh",Pithampur,"Sector-2 Industrial Area, Pithampur - MPPCB","09-04-2026 11:00:00",22.624758,75.675238,PM10,120,376,192
India,"Madhya Pradesh",Indore,"Residency Area, Indore - IMC","09-04-2026 11:00:00",22.7084,75.8815,PM2.5,32,304,140
India,"Madhya Pradesh",Indore,"Residency Area, Indore - IMC","09-04-2026 11:00:00",22.7084,75.8815,NO2,8,26,17
India,"Madhya Pradesh",Indore,"Residency Area, Indore - IMC","09-04-2026 11:00:00",22.7084,75.8815,OZONE,6,13,6
India,"Madhya Pradesh",Damoh,"Shrivastav Colony, Damoh - MPPCB","09-04-2026 11:00:00",23.81748678,79.446246,SO2,42,55,50
India,"Madhya Pradesh",Gwalior,"City Center, Gwalior - MPPCB","09-04-2026 11:00:00",26.203442,78.193251,PM10,14,210,56
India,"Madhya Pradesh",Gwalior,"Maharaj Bada, Gwalior - MPPCB","09-04-2026 11:00:00",26.200388,78.147714,NO2,8,32,18
India,"Madhya Pradesh",Indore,"Maguda Nagar, Indore - IMC","09-04-2026 11:00:00",22.7524,75.8872,OZONE,12,16,13
India,"Madhya Pradesh",Katni,"Gole Bazar, Katni - MPPCB","09-04-2026 11:00:00",23.50016,80.23284,NO2,16,38,26
India,"Madhya Pradesh",Pithampur,"Sector-2 Industrial Area, Pithampur - MPPCB","09-04-2026 11:00:00",22.624758,75.675238,NH3,13,19,15
India,"Madhya Pradesh",Ratlam,"Shasthri Nagar, Ratlam - IPCA Lab","09-04-2026 11:00:00",23.331731,75.045981,NO2,11,39,20
India,"Madhya Pradesh",Ratlam,"Shasthri Nagar, Ratlam - IPCA Lab","09-04-2026 11:00:00",23.331731,75.045981,SO2,33,36,35
India,Maharashtra,Ahmednagar,"Tarakpur, Ahmednagar - MPCB","09-04-2026 11:00:00",19.10122,74.73339,OZONE,14,83,27
India,Maharashtra,Akola,"Ramdaspeth, Akola - MPCB","09-04-2026 11:00:00",20.719516,77.000253,PM2.5,40,82,51
India,Maharashtra,Akola,"Ramdaspeth, Akola - MPCB","09-04-2026 11:00:00",20.719516,77.000253,NO2,7,20,13
India,Maharashtra,Ahmednagar,"Tarakpur, Ahmednagar - MPCB","09-04-2026 11:00:00",19.10122,74.73339,PM2.5,25,53,41
India,Maharashtra,Ahmednagar,"Tarakpur, Ahmednagar - MPCB","09-04-2026 11:00:00",19.10122,74.73339,NH3,5,6,6
India,Maharashtra,Ambernath,"Chinchpada, Ambernath - MPCB","09-04-2026 11:00:00",19.2157840,73.1997810,NO2,17,39,30
India,Maharashtra,Ambernath,"Chinchpada, Ambernath - MPCB","09-04-2026 11:00:00",19.2157840,73.1997810,NH3,3,5,4
India,Maharashtra,Aurangabad,"More Chowk Waluj, Aurangabad - MPCB","09-04-2026 11:00:00",19.8389439,75.244448,NH3,1,16,6
India,Maharashtra,Aurangabad,"More Chowk Waluj, Aurangabad - MPCB","09-04-2026 11:00:00",19.8389439,75.244448,OZONE,2,48,9
India,"Madhya Pradesh",Singrauli,"Suryakiran Bhawan NCL, Singrauli - MPPCB","09-04-2026 11:00:00",24.108970,82.645580,SO2,13,47,35
India,"Madhya Pradesh",Satna,"Bandhavgar Colony, Satna - Birla Cement","09-04-2026 11:00:00",24.58434363,80.8549414,SO2,18,21,20
India,Maharashtra,Aurangabad,"More Chowk Waluj, Aurangabad - MPCB","09-04-2026 11:00:00",19.8389439,75.244448,PM2.5,12,308,133
India,"Madhya Pradesh",Ujjain,"Mahashweta Nagar, Ujjain - MPPCB","09-04-2026 11:00:00",23.1633321,75.800225,CO,14,31,29
India,Maharashtra,Dombivli,"Kalu Nagar, Dombivli - MPCB","09-04-2026 11:00:00","19.2268427 ","73.0788456 ",PM10,41,87,52
India,Maharashtra,Dombivli,"Kalu Nagar, Dombivli - MPCB","09-04-2026 11:00:00","19.2268427 ","73.0788456 ",SO2,NA,NA,NA
India,Maharashtra,Hingoli,"Ashta Vinayak Nagar, Hingoli - MPCB","09-04-2026 11:00:00",19.710842,77.151824,PM10,60,92,77
India,Maharashtra,Hingoli,"Ashta Vinayak Nagar, Hingoli - MPCB","09-04-2026 11:00:00",19.710842,77.151824,NO2,10,35,17
India,Maharashtra,Beed,"Bir, Beed - MPCB","09-04-2026 11:00:00",18.988474,75.753873,OZONE,6,26,13
India,Maharashtra,Belapur,"CBD Belapur, Belapur - MPCB","09-04-2026 11:00:00",19.0243902,73.0406721,PM2.5,22,81,58
India,Maharashtra,Belapur,"CBD Belapur, Belapur - MPCB","09-04-2026 11:00:00",19.0243902,73.0406721,NO2,28,69,41
India,Maharashtra,Belapur,"CBD Belapur, Belapur - MPCB","09-04-2026 11:00:00",19.0243902,73.0406721,NH3,3,5,5
India,Maharashtra,Chandrapur,"Chauhan Colony, Chandrapur - MPCB","09-04-2026 11:00:00",19.962900,79.298714,PM10,110,246,150
India,Maharashtra,Chandrapur,"MIDC Khutala, Chandrapur - MPCB","09-04-2026 11:00:00",19.9775302,79.2337086,OZONE,3,90,30
India,Maharashtra,Bhiwandi,"Gokul Nagar, Bhiwandi - MPCB","09-04-2026 11:00:00",19.309073,73.057223,PM2.5,42,75,52
India,Maharashtra,Jalgaon,"Prabhat Colony, Jalgaon - MPCB","09-04-2026 11:00:00",21.001264,75.565602,NO2,3,8,5
India,Maharashtra,Dhule,"Deopur, Dhule - MPCB","09-04-2026 11:00:00",20.918946,74.776388,SO2,1,10,4
India,Maharashtra,Beed,"Bir, Beed - MPCB","09-04-2026 11:00:00",18.988474,75.753873,SO2,1,6,3
India,Maharashtra,Latur,"Sawe Wadi, Latur - MPCB","09-04-2026 11:00:00",18.39963,76.57452,PM10,77,106,90
India,Maharashtra,Latur,"Sawe Wadi, Latur - MPCB","09-04-2026 11:00:00",18.39963,76.57452,NH3,3,7,5
India,Maharashtra,Latur,"Sawe Wadi, Latur - MPCB","09-04-2026 11:00:00",18.39963,76.57452,SO2,4,71,12
India,Maharashtra,Mahad,"Kamble Tarf Birwadi, Mahad - MPCB","09-04-2026 11:00:00",18.1023399,73.4783687,NH3,3,8,6
India,Maharashtra,Malegaon,"Mahesh Nagar, Malegaon - MPCB","09-04-2026 11:00:00",20.555712,74.529236,CO,5,37,9
India,Maharashtra,Mira-Bhayandar,"Bhayandar West, Mira-Bhayandar - MPCB","09-04-2026 11:00:00",19.296481,72.840923,PM2.5,18,63,33
India,Maharashtra,Mumbai,"Bandra Kurla Complex, Mumbai - IITM","09-04-2026 11:00:00",19.053536,72.84643,SO2,1,2,1
India,Maharashtra,Mumbai,"Bandra Kurla Complex, Mumbai - MPCB","09-04-2026 11:00:00",19.065931,72.862131,PM2.5,21,122,52
India,Maharashtra,Mumbai,"Bandra Kurla Complex, Mumbai - MPCB","09-04-2026 11:00:00",19.065931,72.862131,NO2,13,24,18
India,Maharashtra,Mumbai,"Borivali East, Mumbai - IITM","09-04-2026 11:00:00",19.23241,72.86895,OZONE,6,81,25
India,Maharashtra,Mumbai,"Borivali East, Mumbai - MPCB","09-04-2026 11:00:00",19.2243333,72.8658113,CO,10,17,12
India,Maharashtra,Mumbai,"Byculla, Mumbai - BMC","09-04-2026 11:00:00",18.9767,72.8380,PM10,43,77,53
India,Maharashtra,Kalyan,"Pimpleshwar Mandir, Kalyan - MPCB","09-04-2026 11:00:00",19.192056,72.9585188,PM2.5,11,46,23
India,Maharashtra,Kalyan,"Pimpleshwar Mandir, Kalyan - MPCB","09-04-2026 11:00:00",19.192056,72.9585188,SO2,7,12,10
India,Maharashtra,Kolhapur,"Shivaji University, Kolhapur - MPCB","09-04-2026 11:00:00",16.6870449,74.2505872,PM2.5,29,58,46
India,Maharashtra,Kolhapur,"Shivaji University, Kolhapur - MPCB","09-04-2026 11:00:00",16.6870449,74.2505872,PM10,48,104,78
India,Maharashtra,Kolhapur,"Shivaji University, Kolhapur - MPCB","09-04-2026 11:00:00",16.6870449,74.2505872,NH3,3,4,4
India,Maharashtra,Kolhapur,"Sinchan Bhavan, Kolhapur - MPCB","09-04-2026 11:00:00",16.7143745,74.2426398,PM2.5,NA,NA,NA
India,Maharashtra,Mumbai,"Byculla, Mumbai - BMC","09-04-2026 11:00:00",18.9767,72.8380,NO2,8,20,14
India,Maharashtra,Mumbai,"Chakala-Andheri East, Mumbai - IITM","09-04-2026 11:00:00",19.11074,72.86084,CO,11,31,22
India,Maharashtra,Mumbai,"Chembur, Mumbai - MPCB","09-04-2026 11:00:00",19.0364585,72.8954371,PM10,46,85,57
India,Maharashtra,Mumbai,"Chembur, Mumbai - MPCB","09-04-2026 11:00:00",19.0364585,72.8954371,SO2,3,10,5
India,Maharashtra,Mumbai,"Chhatrapati Shivaji Intl. Airport (T2), Mumbai - MPCB","09-04-2026 11:00:00",19.10078,72.87462,SO2,7,8,7
India,Maharashtra,Mumbai,"Colaba, Mumbai - MPCB","09-04-2026 11:00:00",18.910000,72.820000,SO2,NA,NA,NA
India,Maharashtra,Mumbai,"Deonar, Mumbai - IITM","09-04-2026 11:00:00",19.04946,72.9230,PM2.5,16,73,41
India,Maharashtra,Mumbai,"Deonar, Mumbai - IITM","09-04-2026 11:00:00",19.04946,72.9230,NO2,3,14,7
India,Maharashtra,Mumbai,"Deonar, Mumbai - IITM","09-04-2026 11:00:00",19.04946,72.9230,SO2,1,3,2
India,Maharashtra,Mumbai,"Ghatkopar, Mumbai - BMC","09-04-2026 11:00:00",19.083694,72.920967,NO2,3,11,6
India,Maharashtra,Mumbai,"Kurla, Mumbai - MPCB","09-04-2026 11:00:00",19.0863,72.8888,NO2,4,8,5
India,Maharashtra,Mumbai,"Malad West, Mumbai - IITM","09-04-2026 11:00:00",19.19709,72.82204,NH3,4,5,5
India,Maharashtra,Mumbai,"Mazgaon, Mumbai - IITM","09-04-2026 11:00:00",18.96702,72.84214,PM2.5,38,91,57
India,Maharashtra,Mumbai,"Mindspace-Malad West, Mumbai - MPCB","09-04-2026 11:00:00",19.1878657,72.8304069,PM2.5,11,28,18
India,Maharashtra,Jalna,"Old MIDC, Jalna - MPCB","09-04-2026 11:00:00",19.854616,75.905894,NO2,NA,NA,NA
India,Maharashtra,Jalna,"Old MIDC, Jalna - MPCB","09-04-2026 11:00:00",19.854616,75.905894,NH3,NA,NA,NA
India,Maharashtra,Jalna,"Old MIDC, Jalna - MPCB","09-04-2026 11:00:00",19.854616,75.905894,SO2,NA,NA,NA
India,Maharashtra,Kalyan,"Khadakpada, Kalyan - MPCB","09-04-2026 11:00:00",19.25292,73.142019,OZONE,8,8,8
India,Maharashtra,Mumbai,"Kherwadi_Bandra East, Mumbai - MPCB","09-04-2026 11:00:00",19.0632143,72.8456324,PM10,44,69,57
India,Maharashtra,Mumbai,"Kandivali West, Mumbai - BMC","09-04-2026 11:00:00",19.215859,72.831718,NH3,3,4,4
India,Maharashtra,Mumbai,"Navy Nagar-Colaba, Mumbai - IITM","09-04-2026 11:00:00",18.897756,72.813320,CO,15,27,20
India,Maharashtra,Mumbai,"Navy Nagar-Colaba, Mumbai - IITM","09-04-2026 11:00:00",18.897756,72.813320,OZONE,20,38,30
India,Maharashtra,Mumbai,"Powai, Mumbai - MPCB","09-04-2026 11:00:00",19.137500,72.915056,SO2,3,8,6
India,Maharashtra,Mumbai,"Powai, Mumbai - MPCB","09-04-2026 11:00:00",19.137500,72.915056,OZONE,9,9,9
India,Maharashtra,Mumbai,"Sewri, Mumbai - BMC","09-04-2026 11:00:00",19.000084,72.856730,NO2,29,37,29
India,Maharashtra,Nanded,"Sneh Nagar, Nanded - MPCB","09-04-2026 11:00:00",19.173852,77.296291,PM2.5,34,76,55
India,Maharashtra,Nanded,"Sneh Nagar, Nanded - MPCB","09-04-2026 11:00:00",19.173852,77.296291,NO2,NA,NA,NA
India,Maharashtra,Nashik,"Gangapur Road, Nashik - MPCB","09-04-2026 11:00:00",20.0073285,73.7762427,NO2,5,5,5
India,Maharashtra,Nashik,"Gangapur Road, Nashik - MPCB","09-04-2026 11:00:00",20.0073285,73.7762427,CO,25,29,26
India,Maharashtra,Mumbai,"Sion, Mumbai - MPCB","09-04-2026 11:00:00",19.047000,72.874600,PM2.5,20,64,31
India,Maharashtra,Mumbai,"Sion, Mumbai - MPCB","09-04-2026 11:00:00",19.047000,72.874600,NO2,27,31,29
India,Maharashtra,Mumbai,"Vile Parle West, Mumbai - MPCB","09-04-2026 11:00:00",19.10861,72.83622,NH3,6,6,6
India,Maharashtra,Nagpur,"Opp GPO Civil Lines, Nagpur - MPCB","09-04-2026 11:00:00",21.152875,79.0517531,OZONE,8,61,39
India,Maharashtra,Nagpur,"Ram Nagar, Nagpur - MPCB","09-04-2026 11:00:00",21.143383,79.048912,NH3,4,4,4
India,Maharashtra,Nagpur,"Ambazari, Nagpur - MPCB","09-04-2026 11:00:00",21.121801,79.04952,CO,5,36,18
India,Maharashtra,Nagpur,"Mahal, Nagpur - MPCB","09-04-2026 11:00:00",21.14472,79.107595,PM10,71,119,98
India,Maharashtra,Mumbai,"Siddharth Nagar-Worli, Mumbai - IITM","09-04-2026 11:00:00",19.000083,72.813993,CO,3,35,22
India,Maharashtra,Nashik,"Pandav Nagari, Nashik - MPCB","09-04-2026 11:00:00",19.9591346,73.7788008,NH3,2,4,3
India,Maharashtra,Nashik,"Hirawadi, Nashik - MPCB","09-04-2026 11:00:00",20.021503,73.813844,OZONE,5,53,16
India,Maharashtra,Mumbai,"Worli, Mumbai -MPCB","09-04-2026 11:00:00",18.9942180,72.8158167,OZONE,10,27,17
India,Maharashtra,"Navi Mumbai","Tondare-Taloja, Navi Mumbai - MPCB","09-04-2026 11:00:00",19.0630,73.1209,PM10,70,97,80
India,Maharashtra,"Navi Mumbai","Tondare-Taloja, Navi Mumbai - MPCB","09-04-2026 11:00:00",19.0630,73.1209,SO2,2,3,2
India,Maharashtra,"Navi Mumbai","Tondare-Taloja, Navi Mumbai - MPCB","09-04-2026 11:00:00",19.0630,73.1209,OZONE,1,8,2
India,Maharashtra,Parbhani,"Masoom Colony, Parbhani - MPCB","09-04-2026 11:00:00",19.265594,76.761463,PM10,75,395,113
India,Maharashtra,Parbhani,"Masoom Colony, Parbhani - MPCB","09-04-2026 11:00:00",19.265594,76.761463,NH3,2,5,4
India,Maharashtra,Pimpri-Chinchwad,"Bhosari, Pune - IITM","09-04-2026 11:00:00",18.640051,73.848956,PM2.5,14,66,32
India,Maharashtra,Pune,"Revenue Colony-Shivajinagar, Pune - IITM","09-04-2026 11:00:00",18.530085,73.849598,CO,15,64,30
India,Maharashtra,Pune,"Savitribai Phule Pune University, Pune - MPCB","09-04-2026 11:00:00",18.547056,73.826908,PM10,44,74,58
India,Maharashtra,Pune,"Savitribai Phule Pune University, Pune - MPCB","09-04-2026 11:00:00",18.547056,73.826908,OZONE,1,25,6
India,Maharashtra,Sangli,"Vijay Nagar, Sangli - MPCB","09-04-2026 11:00:00"," 16.5038",74.3623,PM2.5,NA,NA,NA
India,Maharashtra,Sangli,"Vijay Nagar, Sangli - MPCB","09-04-2026 11:00:00"," 16.5038",74.3623,CO,7,51,43
India,Maharashtra,Pimpri-Chinchwad,"Bhumkar Nagar, Pune - IITM","09-04-2026 11:00:00",18.605770,73.749976,NO2,NA,NA,NA
India,Maharashtra,Pimpri-Chinchwad,"Gavalinagar, Pimpri Chinchwad - MPCB","09-04-2026 11:00:00",18.63673,73.82487,PM2.5,4,67,47
India,Maharashtra,Pimpri-Chinchwad,"Gavalinagar, Pimpri Chinchwad - MPCB","09-04-2026 11:00:00",18.63673,73.82487,SO2,1,1,1
India,Maharashtra,Pimpri-Chinchwad,"Gavalinagar, Pimpri Chinchwad - MPCB","09-04-2026 11:00:00",18.63673,73.82487,CO,8,26,18
India,Maharashtra,"Navi Mumbai","Kopripada-Vashi, Navi Mumbai - MPCB","09-04-2026 11:00:00",19.090337,73.014232,NH3,3,6,5
India,Maharashtra,"Navi Mumbai","Mahape, Navi Mumbai - MPCB","09-04-2026 11:00:00",19.1135051,73.008978,NO2,57,60,58
India,Maharashtra,"Navi Mumbai","Sanpada, Navi Mumbai - MPCB","09-04-2026 11:00:00",19.0575752,73.0151367,CO,6,40,22
India,Maharashtra,Pune,"Dhankawadi, Pune - IITM","09-04-2026 11:00:00",18.459883,73.852193,PM10,40,123,79
India,Maharashtra,Pune,"Hadapsar, Pune - IITM","09-04-2026 11:00:00",18.501793,73.927532,NO2,27,108,71
India,Maharashtra,Pune,"Hadapsar, Pune - IITM","09-04-2026 11:00:00",18.501793,73.927532,OZONE,3,36,7
India,Maharashtra,Pune,"Mhada Colony, Pune - IITM","09-04-2026 11:00:00",18.573040,73.927715,PM2.5,32,83,52
India,Maharashtra,Pune,"Mhada Colony, Pune - IITM","09-04-2026 11:00:00",18.573040,73.927715,PM10,74,109,90
India,Maharashtra,Pune,"Mhada Colony, Pune - IITM","09-04-2026 11:00:00",18.573040,73.927715,OZONE,9,44,17
India,Maharashtra,Pune,"Revenue Colony-Shivajinagar, Pune - IITM","09-04-2026 11:00:00",18.530085,73.849598,PM2.5,13,66,36
India,Maharashtra,Pimpri-Chinchwad,"Thergaon, Pimpri Chinchwad - MPCB","09-04-2026 11:00:00",18.616318,73.765797,SO2,1,2,1
India,Maharashtra,Nashik,"Pandav Nagari, Nashik - MPCB","09-04-2026 11:00:00",19.9591346,73.7788008,OZONE,14,51,26
India,Meghalaya,Byrnihat,"15th Mile-Nongthymmai, Byrnihat - Meghalaya PCB","09-04-2026 11:00:00",26.05374,91.86796,PM2.5,21,73,36
India,Meghalaya,Byrnihat,"15th Mile-Nongthymmai, Byrnihat - Meghalaya PCB","09-04-2026 11:00:00",26.05374,91.86796,SO2,1,1,1
India,Meghalaya,Shillong,"JN Stadium, Shillong - Meghalaya PCB","09-04-2026 11:00:00",25.5803419,91.8942571,CO,13,44,18
India,Meghalaya,Shillong,"JN Stadium, Shillong - Meghalaya PCB","09-04-2026 11:00:00",25.5803419,91.8942571,OZONE,NA,NA,NA
India,Maharashtra,Solapur,"Ratandeep Housing Society, Solapur - MPCB","09-04-2026 11:00:00",17.65439,75.90649,NH3,4,15,6
India,Maharashtra,Solapur,"Ratandeep Housing Society, Solapur - MPCB","09-04-2026 11:00:00",17.65439,75.90649,CO,12,95,19
India,Maharashtra,Thane,"Kasarvadavali, Thane - MPCB","09-04-2026 11:00:00",19.26777,72.97182,PM2.5,25,58,40
India,Maharashtra,Thane,"Kasarvadavali, Thane - MPCB","09-04-2026 11:00:00",19.26777,72.97182,NO2,5,15,11
India,Odisha,Angul,"Hakimapada, Angul - OSPCB","09-04-2026 11:00:00",20.832874,85.104082,NH3,4,21,9
India,Odisha,Balasore,"Kalidaspur, Balasore - OSPCB","09-04-2026 11:00:00",21.51161,86.89088,PM2.5,7,40,22
India,Odisha,Balasore,"Kalidaspur, Balasore - OSPCB","09-04-2026 11:00:00",21.51161,86.89088,PM10,11,68,33
India,Maharashtra,Virar,"Bolinj, Virar - MPCB","09-04-2026 11:00:00",19.4458210,72.7988231,NH3,5,26,10
India,Maharashtra,Virar,"Bolinj, Virar - MPCB","09-04-2026 11:00:00",19.4458210,72.7988231,SO2,1,4,2
India,Maharashtra,Virar,"Bolinj, Virar - MPCB","09-04-2026 11:00:00",19.4458210,72.7988231,CO,10,95,39
India,Maharashtra,Solapur,"Dnyaneshwar Nagar, Solapur - MPCB","09-04-2026 11:00:00",17.6336264,75.9132495,SO2,2,6,4
India,Maharashtra,Solapur,"Dnyaneshwar Nagar, Solapur - MPCB","09-04-2026 11:00:00",17.6336264,75.9132495,OZONE,12,56,36
India,Maharashtra,Thane,"Upvan Fort, Thane - MPCB","09-04-2026 11:00:00",19.222279,72.957979,CO,1,26,11
India,Maharashtra,Thane,"Upvan Fort, Thane - MPCB","09-04-2026 11:00:00",19.222279,72.957979,OZONE,23,46,28
India,Nagaland,Kohima,"PWD Junction, Kohima - NPCB","09-04-2026 11:00:00",25.6635413,94.0989878,PM2.5,4,53,27
India,Nagaland,Kohima,"PWD Junction, Kohima - NPCB","09-04-2026 11:00:00",25.6635413,94.0989878,OZONE,1,7,1
India,Odisha,Balasore,"Kalidaspur, Balasore - OSPCB","09-04-2026 11:00:00",21.51161,86.89088,NH3,1,2,1
India,Puducherry,Puducherry,"Jawahar Nagar, Puducherry - PPCC","09-04-2026 11:00:00",11.9309,79.8027,PM10,22,54,37
India,Puducherry,Puducherry,"Jawahar Nagar, Puducherry - PPCC","09-04-2026 11:00:00",11.9309,79.8027,NO2,1,9,5
India,Punjab,Amritsar,"Golden Temple, Amritsar - PPCB","09-04-2026 11:00:00",31.620000,74.876512,OZONE,44,60,52
India,Punjab,Jalandhar,"Civil Line, Jalandhar - PPCB","09-04-2026 11:00:00",31.321907,75.578914,SO2,19,21,20
India,Punjab,Jalandhar,"Civil Line, Jalandhar - PPCB","09-04-2026 11:00:00",31.321907,75.578914,OZONE,37,42,40
India,Punjab,Khanna,"Kalal Majra, Khanna - PPCB","09-04-2026 11:00:00","30.736056 ",76.209694,NH3,7,8,7
India,Punjab,Khanna,"Kalal Majra, Khanna - PPCB","09-04-2026 11:00:00","30.736056 ",76.209694,CO,11,18,15
India,Odisha,Rourkela,"Sector-2, Rourkela - OSPCB","09-04-2026 11:00:00",22.24500000,84.88111111,PM2.5,51,51,51
India,Odisha,Rourkela,"Sector-2, Rourkela - OSPCB","09-04-2026 11:00:00",22.24500000,84.88111111,PM10,34,34,34
India,Odisha,Rourkela,"Sector-2, Rourkela - OSPCB","09-04-2026 11:00:00",22.24500000,84.88111111,NO2,9,9,9
India,Odisha,Rourkela,"Sector-2, Rourkela - OSPCB","09-04-2026 11:00:00",22.24500000,84.88111111,CO,32,32,32
India,Odisha,Suakati,"OMC Colony, Suakati - OSPCB","09-04-2026 11:00:00",21.606865,85.510538,OZONE,41,94,50
India,Odisha,Talcher,"Talcher Coalfields,Talcher - OSPCB","09-04-2026 11:00:00",20.9360711,85.1707021,SO2,15,49,28
India,Punjab,Patiala,"Model Town, Patiala - PPCB","09-04-2026 11:00:00",30.349388,76.366642,PM2.5,11,22,16
India,Punjab,Patiala,"Model Town, Patiala - PPCB","09-04-2026 11:00:00",30.349388,76.366642,NO2,16,19,17
India,Punjab,Patiala,"Model Town, Patiala - PPCB","09-04-2026 11:00:00",30.349388,76.366642,OZONE,16,53,18
India,Punjab,Rupnagar,"Ratanpura, Rupnagar - Ambuja Cements","09-04-2026 11:00:00",31.0325454,76.5623046,CO,24,40,30
India,Odisha,Byasanagar,"Ferro Chrome Colony, Byasanagar - OSPCB","09-04-2026 11:00:00",20.94185,86.11510,OZONE,23,99,44
India,Odisha,Cuttack,"CDA Area, Cuttack - OSPCB","09-04-2026 11:00:00","20.48891     ","85.84768     ",PM2.5,13,57,32
India,Odisha,Cuttack,"CDA Area, Cuttack - OSPCB","09-04-2026 11:00:00","20.48891     ","85.84768     ",NO2,5,7,6
India,Odisha,Keonjhar,"Jagamohanpur, Keonjhar - OSPCB","09-04-2026 11:00:00",21.643900,85.599355,PM2.5,33,48,40
India,Odisha,Keonjhar,"Jagamohanpur, Keonjhar - OSPCB","09-04-2026 11:00:00",21.643900,85.599355,CO,4,40,25
India,Odisha,Rairangpur,"Divisional Forest Office, Rairangpur - OSPCB","09-04-2026 11:00:00",22.265816,86.174829,NO2,8,11,9
India,Odisha,Bileipada,"Tata Township, Bileipada - OSPCB","09-04-2026 11:00:00",22.06156703,85.47409613,NO2,9,15,14
India,Odisha,Bileipada,"Tata Township, Bileipada - OSPCB","09-04-2026 11:00:00",22.06156703,85.47409613,OZONE,14,27,15
India,Odisha,Brajrajnagar,"GM Office, Brajrajnagar - OSPCB","09-04-2026 11:00:00",21.8004996,83.8396977,CO,38,54,53
India,Odisha,Brajrajnagar,"GM Office, Brajrajnagar - OSPCB","09-04-2026 11:00:00",21.8004996,83.8396977,OZONE,40,57,42
India,Odisha,Bhubaneswar,"Lingraj Mandir, Bhubaneswar - OSPCB","09-04-2026 11:00:00",20.240790,85.836784,PM10,NA,NA,NA
India,Odisha,Bhubaneswar,"Lingraj Mandir, Bhubaneswar - OSPCB","09-04-2026 11:00:00",20.240790,85.836784,CO,18,64,43
India,Rajasthan,Baran,"Bamboliya, Baran - RSPCB","09-04-2026 11:00:00",25.106006,76.469948,NH3,5,10,7
India,Rajasthan,Baran,"Bamboliya, Baran - RSPCB","09-04-2026 11:00:00",25.106006,76.469948,OZONE,25,133,62
India,Rajasthan,Barmer,"Railway Colony, Barmer - RSPCB","09-04-2026 11:00:00",25.747299,71.393989,NH3,NA,NA,NA
India,Rajasthan,Barmer,"Railway Colony, Barmer - RSPCB","09-04-2026 11:00:00",25.747299,71.393989,CO,4,25,14
India,Rajasthan,Barmer,"Railway Colony, Barmer - RSPCB","09-04-2026 11:00:00",25.747299,71.393989,OZONE,40,79,59
India,Rajasthan,Bharatpur,"Krishna Nagar, Bharatpur - RSPCB","09-04-2026 11:00:00",27.215415,77.50873,SO2,3,7,4
India,Rajasthan,Bhilwara,"Pratap Nagar, Bhilwara - RSPCB","09-04-2026 11:00:00",25.339605,74.618883,PM2.5,23,65,34
India,Rajasthan,Bhilwara,"Pratap Nagar, Bhilwara - RSPCB","09-04-2026 11:00:00",25.339605,74.618883,OZONE,26,86,38
India,Rajasthan,Bhiwadi,"RIICO Ind. Area III, Bhiwadi - RSPCB","09-04-2026 11:00:00",28.194909,76.862296,PM2.5,55,172,83
India,Rajasthan,Jalore,"Mudtra Sili, Jalore - RSPCB","09-04-2026 11:00:00",25.344694,72.626208,PM2.5,42,65,53
India,Rajasthan,Jalore,"Mudtra Sili, Jalore - RSPCB","09-04-2026 11:00:00",25.344694,72.626208,NH3,2,8,3
India,Rajasthan,Jhalawar,"Rajlaxmi Nagar, Jhalawar - RSPCB","09-04-2026 11:00:00",24.588397,76.172782,PM2.5,22,78,38
India,Rajasthan,Jhalawar,"Rajlaxmi Nagar, Jhalawar - RSPCB","09-04-2026 11:00:00",24.588397,76.172782,NH3,6,9,7
India,Rajasthan,Jhalawar,"Rajlaxmi Nagar, Jhalawar - RSPCB","09-04-2026 11:00:00",24.588397,76.172782,OZONE,32,119,66
India,Rajasthan,Jhunjhunu,"Indra Nagar, Jhunjhunu - RSPCB","09-04-2026 11:00:00",28.108988,75.386577,PM10,41,193,97
India,Rajasthan,Jhunjhunu,"Indra Nagar, Jhunjhunu - RSPCB","09-04-2026 11:00:00",28.108988,75.386577,NO2,12,82,31
India,Rajasthan,Hanumangarh,"Housing Board, Hanumangarh - RSPCB","09-04-2026 11:00:00",29.610750,74.283608,CO,6,17,9
India,Rajasthan,Jaipur,"Adarsh Nagar, Jaipur - RSPCB","09-04-2026 11:00:00",26.902909,75.836858,NH3,NA,NA,NA
India,Rajasthan,Jaipur,"Adarsh Nagar, Jaipur - RSPCB","09-04-2026 11:00:00",26.902909,75.836858,CO,10,51,39
India,Rajasthan,Jaipur,"Adarsh Nagar, Jaipur - RSPCB","09-04-2026 11:00:00",26.902909,75.836858,OZONE,40,71,53
India,Rajasthan,Jaipur,"Mansarovar Sector-12, Jaipur - RSPCB","09-04-2026 11:00:00",26.843698,75.766894,PM2.5,18,130,50
India,Rajasthan,Jaipur,"Mansarovar Sector-12, Jaipur - RSPCB","09-04-2026 11:00:00",26.843698,75.766894,PM10,49,174,82
India,Rajasthan,Dungarpur,"Bhoiwada, Dungarpur - RSPCB","09-04-2026 11:00:00",23.837789,73.714926,SO2,5,15,6
India,Rajasthan,Dungarpur,"Bhoiwada, Dungarpur - RSPCB","09-04-2026 11:00:00",23.837789,73.714926,CO,20,36,34
India,Rajasthan,Dungarpur,"Bhoiwada, Dungarpur - RSPCB","09-04-2026 11:00:00",23.837789,73.714926,OZONE,10,68,26
India,Rajasthan,Hanumangarh,"Housing Board, Hanumangarh - RSPCB","09-04-2026 11:00:00",29.610750,74.283608,PM2.5,4,34,20
India,Rajasthan,Hanumangarh,"Housing Board, Hanumangarh - RSPCB","09-04-2026 11:00:00",29.610750,74.283608,SO2,2,8,5
India,Rajasthan,Dausa,"Khatikan Mohalla, Dausa - RSPCB","09-04-2026 11:00:00",26.895552,76.334753,PM2.5,20,137,61
India,Rajasthan,Dausa,"Khatikan Mohalla, Dausa - RSPCB","09-04-2026 11:00:00",26.895552,76.334753,NH3,9,23,12
India,Rajasthan,Dholpur,"Raja Ganj, Dholpur - RSPCB","09-04-2026 11:00:00",26.699557,77.898881,PM2.5,13,52,28
India,Rajasthan,Dholpur,"Raja Ganj, Dholpur - RSPCB","09-04-2026 11:00:00",26.699557,77.898881,PM10,24,82,41
India,Rajasthan,Jaisalmer,"Sadar Bazar, Jaisalmer - RSPCB","09-04-2026 11:00:00",26.912329,70.909168,PM2.5,13,133,34
India,Rajasthan,Jaisalmer,"Sadar Bazar, Jaisalmer - RSPCB","09-04-2026 11:00:00",26.912329,70.909168,PM10,43,209,87
India,Rajasthan,Bikaner,"MM Ground, Bikaner - RSPCB","09-04-2026 11:00:00",28.018792,73.292658,NH3,6,11,8
India,Rajasthan,Bikaner,"MM Ground, Bikaner - RSPCB","09-04-2026 11:00:00",28.018792,73.292658,SO2,7,11,9
India,Rajasthan,Bhiwadi,"Vasundhara Nagar_UIT, Bhiwadi - RSPCB","09-04-2026 11:00:00",28.207266,76.829265,CO,12,50,35
India,Rajasthan,Jaipur,"Police Commissionerate, Jaipur - RSPCB","09-04-2026 11:00:00",26.9164092,75.7994901,CO,NA,NA,NA
India,Rajasthan,Jodhpur,"Digari Kalan, Jodhpur - RSPCB","09-04-2026 11:00:00",26.295810,73.082283,NO2,12,45,26
India,Rajasthan,Jodhpur,"Jhalamand, Jodhpur - RSPCB","09-04-2026 11:00:00",26.215415,73.070156,SO2,1,4,2
India,Rajasthan,Jodhpur,"Jhalamand, Jodhpur - RSPCB","09-04-2026 11:00:00",26.215415,73.070156,OZONE,8,66,30
India,Rajasthan,Jodhpur,"Mandor, Jodhpur - RSPCB","09-04-2026 11:00:00",26.358805,73.047444,PM2.5,27,67,47
India,Rajasthan,Kota,"Dhanmandi, Kota - RSPCB","09-04-2026 11:00:00",25.164090,75.858137,SO2,NA,NA,NA
India,Rajasthan,Kota,"Nayapura, Kota - RSPCB","09-04-2026 11:00:00",25.196024,75.855668,PM2.5,8,77,36
India,Rajasthan,Kota,"Shrinath Puram, Kota - RSPCB","09-04-2026 11:00:00",25.14389,75.821256,NO2,2,11,8
India,Rajasthan,Rajsamand,"Dhoinda, Rajsamand - RSPCB","09-04-2026 11:00:00",25.036360,73.883502,PM2.5,25,217,60
India,Rajasthan,"Sawai Madhopur","Sahu Nagar, Sawai Madhopur - RSPCB","09-04-2026 11:00:00",26.031443,76.359327,OZONE,20,145,59
India,Rajasthan,Pali,"Indira Colony Vistar, Pali - RSPCB","09-04-2026 11:00:00",25.771061," 73.340227",SO2,6,14,9
India,Rajasthan,Pali,"Indira Colony Vistar, Pali - RSPCB","09-04-2026 11:00:00",25.771061," 73.340227",CO,2,68,39
India,Rajasthan,Pali,"Indira Colony Vistar, Pali - RSPCB","09-04-2026 11:00:00",25.771061," 73.340227",PM2.5,55,154,104
India,Rajasthan,Karauli,"Satyawati Vihar, Karauli - RSPCB","09-04-2026 11:00:00",26.506177,77.025989,PM10,39,85,59
India,Rajasthan,Nagaur,"Karni Colony, Nagaur - RSPCB","09-04-2026 11:00:00",27.213494,73.734444,PM10,43,194,92
India,Rajasthan,Nagaur,"Karni Colony, Nagaur - RSPCB","09-04-2026 11:00:00",27.213494,73.734444,NO2,10,49,21
India,Rajasthan,Jodhpur,"Mandor, Jodhpur - RSPCB","09-04-2026 11:00:00",26.358805,73.047444,CO,3,28,22
India,TamilNadu,Chennai,"Royapuram, Chennai - TNPCB","09-04-2026 11:00:00",13.1036,80.2909,CO,20,26,23
India,TamilNadu,Chennai,"Royapuram, Chennai - TNPCB","09-04-2026 11:00:00",13.1036,80.2909,OZONE,16,19,17
India,TamilNadu,Coimbatore,"PSG College of Arts and Science, Coimbatore - TNPCB","09-04-2026 11:00:00",11.0328,77.0349,PM10,27,63,38
India,TamilNadu,Coimbatore,"PSG College of Arts and Science, Coimbatore - TNPCB","09-04-2026 11:00:00",11.0328,77.0349,NO2,10,11,11
India,TamilNadu,Coimbatore,"PSG College of Arts and Science, Coimbatore - TNPCB","09-04-2026 11:00:00",11.0328,77.0349,NH3,1,1,1
India,TamilNadu,Coimbatore,"PSG College of Arts and Science, Coimbatore - TNPCB","09-04-2026 11:00:00",11.0328,77.0349,SO2,2,9,4
India,TamilNadu,Coimbatore,"SIDCO Kurichi, Coimbatore - TNPCB","09-04-2026 11:00:00",10.942451,76.978996,NH3,1,1,1
India,TamilNadu,Coimbatore,"SIDCO Kurichi, Coimbatore - TNPCB","09-04-2026 11:00:00",10.942451,76.978996,SO2,25,26,25
India,Rajasthan,Sikar,"Radhakishan Pura, Sikar - RSPCB","09-04-2026 11:00:00",27.608912,75.153302,PM2.5,27,103,48
India,Rajasthan,Sikar,"Radhakishan Pura, Sikar - RSPCB","09-04-2026 11:00:00",27.608912,75.153302,NO2,13,71,27
India,Rajasthan,Sirohi,"Vedhaynath Colony, Sirohi - RSPCB","09-04-2026 11:00:00",24.885261,72.857549,NH3,NA,NA,NA
India,Rajasthan,Tonk,"Shastri Nagar, Tonk - RSPCB","09-04-2026 11:00:00",26.159933,75.780517,NO2,3,4,4
India,TamilNadu,Chennai,"Kodungaiyur, Chennai - TNPCB","09-04-2026 11:00:00",13.1278,80.2642,CO,27,36,31
India,TamilNadu,Chennai,"Manali, Chennai - CPCB","09-04-2026 11:00:00",13.164544,80.26285,PM10,33,91,62
India,TamilNadu,Chennai,"Perungudi, Chennai - TNPCB","09-04-2026 11:00:00",12.9533,80.2357,PM2.5,25,155,59
India,TamilNadu,Chennai,"Perungudi, Chennai - TNPCB","09-04-2026 11:00:00",12.9533,80.2357,PM10,23,89,52
India,Rajasthan,Udaipur,"Ashok Nagar, Udaipur - RSPCB","09-04-2026 11:00:00",24.5886166,73.6321397,PM2.5,53,382,116
India,Rajasthan,Udaipur,"Ashok Nagar, Udaipur - RSPCB","09-04-2026 11:00:00",24.5886166,73.6321397,OZONE,2,72,29
India,TamilNadu,Chennai,"Arumbakkam, Chennai - TNPCB","09-04-2026 11:00:00",13.0664,"80.2112 ",NH3,2,2,2
India,TamilNadu,Gummidipoondi,"Anthoni Pillai Nagar, Gummidipoondi - TNPCB","09-04-2026 11:00:00",13.4127,80.1081,PM10,74,156,99
India,TamilNadu,Gummidipoondi,"Anthoni Pillai Nagar, Gummidipoondi - TNPCB","09-04-2026 11:00:00",13.4127,80.1081,SO2,15,37,30
India,TamilNadu,Madurai,"Uchapatti, Madurai - TNPCB","09-04-2026 11:00:00",9.865935,78.022669,PM10,27,91,59
India,TamilNadu,Ooty,"Bombay Castel, Ooty - TNPCB","09-04-2026 11:00:00",11.4068288,76.7138973,OZONE,5,6,5
India,TamilNadu,Perundurai,"SIPCOT Industrial Park, Perundurai - TNPCB","09-04-2026 11:00:00",11.258242,77.552761,SO2,14,16,16
India,Telangana,Hyderabad,"Central University, Hyderabad - TSPCB","09-04-2026 11:00:00",17.460103,78.334361,NO2,14,52,28
India,TamilNadu,Tirupur,"Kumaran College, Tirupur - TNPCB","09-04-2026 11:00:00",11.0973603,77.3228673,PM2.5,27,80,42
India,TamilNadu,Thoothukudi,"Meelavittan, Thoothukudi - TNPCB","09-04-2026 11:00:00","8.816428 ",78.099039,OZONE,24,33,30
India,Telangana,Hyderabad,"IDA Pashamylaram, Hyderabad - TSPCB","09-04-2026 11:00:00",17.5316895,78.218939,CO,40,109,76
India,Telangana,Hyderabad,"IDA Pashamylaram, Hyderabad - TSPCB","09-04-2026 11:00:00",17.5316895,78.218939,OZONE,17,20,19
India,Telangana,Hyderabad,"IITH Kandi, Hyderabad - TSPCB","09-04-2026 11:00:00",17.585705,78.126199,NH3,3,5,4
India,Telangana,Hyderabad,"IITH Kandi, Hyderabad - TSPCB","09-04-2026 11:00:00",17.585705,78.126199,OZONE,26,31,30
India,Telangana,Hyderabad,"Kokapet, Hyderabad - TSPCB","09-04-2026 11:00:00",17.393559,78.339194,PM2.5,57,85,64
India,Telangana,Hyderabad,"Kokapet, Hyderabad - TSPCB","09-04-2026 11:00:00",17.393559,78.339194,CO,22,40,26
India,Telangana,Hyderabad,"Kompally Municipal Office, Hyderabad - TSPCB","09-04-2026 11:00:00",17.544899,78.486949,SO2,8,14,12
India,Telangana,Hyderabad,"New Malakpet, Hyderabad - TSPCB","09-04-2026 11:00:00",17.37206,78.50864,SO2,14,19,16
India,Telangana,Hyderabad,"New Malakpet, Hyderabad - TSPCB","09-04-2026 11:00:00",17.37206,78.50864,OZONE,10,40,17
India,Telangana,Hyderabad,"Ramachandrapuram, Hyderabad - TSPCB","09-04-2026 11:00:00",17.528544,78.286195,NH3,3,5,4
India,Telangana,Hyderabad,"Sanathnagar, Hyderabad - TSPCB","09-04-2026 11:00:00",17.4559458,78.4332152,OZONE,14,42,16
India,Telangana,Hyderabad,"Somajiguda, Hyderabad - TSPCB","09-04-2026 11:00:00",17.417094,78.457437,PM2.5,31,73,46
India,Telangana,Hyderabad,"Somajiguda, Hyderabad - TSPCB","09-04-2026 11:00:00",17.417094,78.457437,NH3,4,5,4
India,Telangana,Hyderabad,"Somajiguda, Hyderabad - TSPCB","09-04-2026 11:00:00",17.417094,78.457437,SO2,16,22,18
India,Telangana,Hyderabad,"Somajiguda, Hyderabad - TSPCB","09-04-2026 11:00:00",17.417094,78.457437,OZONE,5,37,14
India,Telangana,Hyderabad,"Zoo Park, Hyderabad - TSPCB","09-04-2026 11:00:00",17.349694,78.451437,NO2,2,12,7
India,Uttar_Pradesh,Agra,"Sanjay Palace, Agra - UPPCB","09-04-2026 11:00:00",27.19865833,78.00598056,CO,27,36,34
India,Uttar_Pradesh,Agra,"Sector-3B Avas Vikas Colony, Agra - UPPCB","09-04-2026 11:00:00",27.19412,77.96237,PM10,6,96,72
India,Uttar_Pradesh,Agra,"Sector-3B Avas Vikas Colony, Agra - UPPCB","09-04-2026 11:00:00",27.19412,77.96237,SO2,13,15,14
India,Uttar_Pradesh,Agra,"Shahjahan Garden, Agra - UPPCB","09-04-2026 11:00:00",27.169338,78.03582,SO2,58,70,63
India,Telangana,Hyderabad,"Nacharam_TSIIC IALA, Hyderabad - TSPCB","09-04-2026 11:00:00",17.429398,78.569354,PM2.5,47,73,54
India,Telangana,Hyderabad,"IDA Pashamylaram, Hyderabad - TSPCB","09-04-2026 11:00:00",17.5316895,78.218939,PM2.5,42,183,86
India,Uttar_Pradesh,Agra,"Sanjay Palace, Agra - UPPCB","09-04-2026 11:00:00",27.19865833,78.00598056,NO2,8,13,9
India,Telangana,Hyderabad,"ECIL Kapra, Hyderabad - TSPCB","09-04-2026 11:00:00",17.470431,78.566959,NO2,25,51,33
India,Uttar_Pradesh,Ghaziabad,"Ved Vihar-Loni, Ghaziabad - UPPCB","09-04-2026 11:00:00","28.739153 ","77.273668 ",CO,44,68,63
India,Uttar_Pradesh,Gorakhpur,"Madan Mohan Malaviya University of Technology, Gorakhpur - UPPCB","09-04-2026 11:00:00",26.730136,83.433859,NO2,11,12,12
India,Uttar_Pradesh,"Greater Noida","Knowledge Park - III, Greater Noida - UPPCB","09-04-2026 11:00:00",28.47272,77.482000,PM10,62,171,104
India,Uttar_Pradesh,"Greater Noida","Knowledge Park - III, Greater Noida - UPPCB","09-04-2026 11:00:00",28.47272,77.482000,NO2,13,45,28
India,Uttar_Pradesh,Agra,"Shastripuram, Agra - UPPCB","09-04-2026 11:00:00",27.19862,77.92066,SO2,4,5,5
India,Uttar_Pradesh,Baghpat,"Sardar Patel Inter College, Baghpat - UPPCB","09-04-2026 11:00:00",28.964949,77.278761,PM2.5,23,93,59
India,Uttar_Pradesh,Bareilly,"Civil Lines, Bareilly - UPPCB","09-04-2026 11:00:00",28.359581,79.414455,SO2,1,12,5
India,Uttar_Pradesh,Ghaziabad,"Vasundhara, Ghaziabad - UPPCB","09-04-2026 11:00:00",28.6603346,77.3572563,OZONE,25,182,54
India,Uttar_Pradesh,Ghaziabad,"Ved Vihar-Loni, Ghaziabad - UPPCB","09-04-2026 11:00:00","28.739153 ","77.273668 ",PM10,77,159,112
India,Uttar_Pradesh,Ghaziabad,"Ved Vihar-Loni, Ghaziabad - UPPCB","09-04-2026 11:00:00","28.739153 ","77.273668 ",NH3,4,40,27
India,Uttar_Pradesh,Ghaziabad,"Sanjay Nagar, Ghaziabad - UPPCB","09-04-2026 11:00:00",28.685382,77.453839,OZONE,14,155,34
India,Uttar_Pradesh,Ghaziabad,"Vasundhara, Ghaziabad - UPPCB","09-04-2026 11:00:00",28.6603346,77.3572563,PM2.5,42,110,65
India,Uttar_Pradesh,Hapur,"Anand Vihar, Hapur - UPPCB","09-04-2026 11:00:00",28.725645,77.749675,PM10,38,73,53
India,Uttar_Pradesh,Hapur,"Anand Vihar, Hapur - UPPCB","09-04-2026 11:00:00",28.725645,77.749675,NO2,9,34,14
India,Uttar_Pradesh,Hapur,"Anand Vihar, Hapur - UPPCB","09-04-2026 11:00:00",28.725645,77.749675,SO2,17,47,31
India,Uttar_Pradesh,Firozabad,"Vibhab Nagar, Firozabad - UPPCB","09-04-2026 11:00:00",27.1594,78.3953,PM2.5,25,55,35
India,Uttar_Pradesh,Firozabad,"Vibhab Nagar, Firozabad - UPPCB","09-04-2026 11:00:00",27.1594,78.3953,SO2,2,3,3
India,Uttar_Pradesh,Ghaziabad,"Indirapuram, Ghaziabad - UPPCB","09-04-2026 11:00:00",28.646233,77.358075,PM10,53,152,106
India,Uttar_Pradesh,Bulandshahr,"Yamunapuram, Bulandshahr - UPPCB","09-04-2026 11:00:00",28.406963,77.849831,CO,16,50,37
India,Uttar_Pradesh,Ghaziabad,"Loni, Ghaziabad - UPPCB","09-04-2026 11:00:00",28.757294,77.278792,OZONE,9,90,22
India,Uttar_Pradesh,Khurja,"Kalindi Kunj, Khurja - UPPCB","09-04-2026 11:00:00",28.2348927,77.8683002,NH3,1,1,1
India,Uttar_Pradesh,Khurja,"Kalindi Kunj, Khurja - UPPCB","09-04-2026 11:00:00",28.2348927,77.8683002,SO2,10,124,15
India,Uttar_Pradesh,Khurja,"Kalindi Kunj, Khurja - UPPCB","09-04-2026 11:00:00",28.2348927,77.8683002,CO,1,68,17
India,Uttar_Pradesh,Lucknow,"B R Ambedkar University, Lucknow - UPPCB","09-04-2026 11:00:00",26.766433,80.927299,PM10,NA,NA,NA
India,Uttar_Pradesh,Lucknow,"B R Ambedkar University, Lucknow - UPPCB","09-04-2026 11:00:00",26.766433,80.927299,OZONE,1,61,18
India,Uttar_Pradesh,Kanpur,"NSI Kalyanpur, Kanpur - UPPCB","09-04-2026 11:00:00",26.509954,80.249612,PM10,23,87,48
India,Uttar_Pradesh,Kanpur,"NSI Kalyanpur, Kanpur - UPPCB","09-04-2026 11:00:00",26.509954,80.249612,NH3,2,2,2
India,Uttar_Pradesh,Kanpur,"NSI Kalyanpur, Kanpur - UPPCB","09-04-2026 11:00:00",26.509954,80.249612,CO,18,33,21
India,Uttar_Pradesh,Kanpur,"Nehru Nagar, Kanpur - UPPCB","09-04-2026 11:00:00",26.4703136,80.3229863,PM10,14,84,49
India,Uttar_Pradesh,Lucknow,"Kendriya Vidyalaya, Lucknow - CPCB","09-04-2026 11:00:00",26.906111,80.948222,PM10,36,88,61
India,Uttar_Pradesh,Lucknow,"Lalbagh, Lucknow - CPCB","09-04-2026 11:00:00",26.8458805,80.9365541,PM2.5,4,235,58
India,Uttar_Pradesh,Lucknow,"Lalbagh, Lucknow - CPCB","09-04-2026 11:00:00",26.8458805,80.9365541,NH3,13,20,16
India,Uttar_Pradesh,Meerut,"Ganga Nagar, Meerut - UPPCB","09-04-2026 11:00:00",28.999264,77.7590354,PM2.5,8,317,42
India,Uttar_Pradesh,Meerut,"Ganga Nagar, Meerut - UPPCB","09-04-2026 11:00:00",28.999264,77.7590354,PM10,17,65,47
India,Uttar_Pradesh,Meerut,"Ganga Nagar, Meerut - UPPCB","09-04-2026 11:00:00",28.999264,77.7590354,NH3,3,4,3
India,Uttar_Pradesh,Meerut,"Ganga Nagar, Meerut - UPPCB","09-04-2026 11:00:00",28.999264,77.7590354,SO2,19,31,23
India,Uttar_Pradesh,Meerut,"Pallavpuram Phase 2, Meerut - UPPCB","09-04-2026 11:00:00",29.063510,77.709723,OZONE,23,99,54
India,Uttar_Pradesh,Modinagar,"SRM University, Modinagar - UPPCB","09-04-2026 11:00:00","28.798171 ","77.540243 ",SO2,3,27,13
India,Uttar_Pradesh,Meerut,"Jai Bhim Nagar, Meerut - UPPCB","09-04-2026 11:00:00",28.9535882,77.7622941,OZONE,29,83,48
India,Uttar_Pradesh,Kanpur,"FTI Kidwai Nagar, Kanpur - UPPCB","09-04-2026 11:00:00",26.428282,80.327067,PM2.5,16,60,30
India,Uttar_Pradesh,Moradabad,"Employment Office, Moradabad - UPPCB","09-04-2026 11:00:00",28.88528,78.73880,SO2,NA,NA,NA
India,Uttar_Pradesh,Moradabad,"Jigar Colony, Moradabad - UPPCB","09-04-2026 11:00:00",28.856664,78.772638,PM10,16,60,32
India,Uttar_Pradesh,Moradabad,"Kashiram Nagar, Moradabad - UPPCB","09-04-2026 11:00:00",28.849399,78.742362,CO,16,24,22
India,Uttar_Pradesh,Moradabad,"Transport Nagar, Moradabad - UPPCB","09-04-2026 11:00:00",28.802625,78.753728,NO2,NA,NA,NA
India,Uttar_Pradesh,Muzaffarnagar,"New Mandi, Muzaffarnagar - UPPCB","09-04-2026 11:00:00",29.4723508,77.7194031,PM2.5,24,246,87
India,Uttar_Pradesh,Muzaffarnagar,"New Mandi, Muzaffarnagar - UPPCB","09-04-2026 11:00:00",29.4723508,77.7194031,OZONE,6,88,46
India,Uttar_Pradesh,Noida,"Sector - 125, Noida - UPPCB","09-04-2026 11:00:00",28.5447608,77.3231257,PM10,68,167,103
India,Uttar_Pradesh,Noida,"Sector - 125, Noida - UPPCB","09-04-2026 11:00:00",28.5447608,77.3231257,NH3,9,20,16
India,Uttar_Pradesh,Noida,"Sector - 125, Noida - UPPCB","09-04-2026 11:00:00",28.5447608,77.3231257,CO,18,79,51
India,Uttar_Pradesh,Noida,"Sector - 62, Noida - IMD","09-04-2026 11:00:00",28.6245479,77.3577104,PM2.5,18,77,46
India,Uttar_Pradesh,Raebareli," Indira Nagar, Raebareli - NTPC Unchahar","09-04-2026 11:00:00",26.207781,81.245571,NO2,15,23,18
India,Uttar_Pradesh,Raebareli," Indira Nagar, Raebareli - NTPC Unchahar","09-04-2026 11:00:00",26.207781,81.245571,NH3,7,12,9
India,Uttar_Pradesh,Varanasi,"Ardhali Bazar, Varanasi - UPPCB","09-04-2026 11:00:00",25.3505986,82.9083074,NO2,40,43,41
India,Uttar_Pradesh,Varanasi,"IESD Banaras Hindu University, Varanasi - UPPCB","09-04-2026 11:00:00",25.262326,82.995408,SO2,18,21,19
India,Uttar_Pradesh,Varanasi,"IESD Banaras Hindu University, Varanasi - UPPCB","09-04-2026 11:00:00",25.262326,82.995408,CO,2,4,3
India,Uttar_Pradesh,Varanasi,"Maldahiya, Varanasi - UPPCB","09-04-2026 11:00:00",25.32393,82.99687,PM10,32,152,60
India,Uttar_Pradesh,Varanasi,"Bhelupur, Varanasi - UPPCB","09-04-2026 11:00:00",25.301778,82.996789,SO2,23,24,23
India,Uttar_Pradesh,Varanasi,"IESD Banaras Hindu University, Varanasi - UPPCB","09-04-2026 11:00:00",25.262326,82.995408,PM10,30,80,51
India,Uttar_Pradesh,Varanasi,"IESD Banaras Hindu University, Varanasi - UPPCB","09-04-2026 11:00:00",25.262326,82.995408,NO2,2,2,2
India,Uttar_Pradesh,Noida,"Sector-1, Noida - UPPCB","09-04-2026 11:00:00",28.5898,77.3101,OZONE,32,95,41
India,Uttar_Pradesh,Prayagraj,"Jhunsi, Prayagraj - UPPCB","09-04-2026 11:00:00",25.425602,81.917152,PM2.5,27,70,39
India,Uttar_Pradesh,Prayagraj,"Jhunsi, Prayagraj - UPPCB","09-04-2026 11:00:00",25.425602,81.917152,PM10,21,79,48
India,Uttar_Pradesh,Prayagraj,"Nagar Nigam, Prayagraj - UPPCB","09-04-2026 11:00:00","25.44919916 ","81.82735986 ",SO2,3,48,34
India,Uttar_Pradesh,Prayagraj,"Nagar Nigam, Prayagraj - UPPCB","09-04-2026 11:00:00","25.44919916 ","81.82735986 ",CO,16,30,23
India,Uttar_Pradesh,Prayagraj,"Nagar Nigam, Prayagraj - UPPCB","09-04-2026 11:00:00","25.44919916 ","81.82735986 ",OZONE,10,13,12
India,Uttar_Pradesh,Moradabad,"Buddhi Vihar, Moradabad - UPPCB","09-04-2026 11:00:00",28.83526,78.74460,PM2.5,4,32,19
India,Uttar_Pradesh,Moradabad,"Buddhi Vihar, Moradabad - UPPCB","09-04-2026 11:00:00",28.83526,78.74460,SO2,22,26,23
India,Uttar_Pradesh,Moradabad,"Buddhi Vihar, Moradabad - UPPCB","09-04-2026 11:00:00",28.83526,78.74460,CO,28,40,31
India,Uttar_Pradesh,Prayagraj,"Motilal Nehru NIT, Prayagraj - UPPCB","09-04-2026 11:00:00",25.494,81.863,PM10,19,132,51
India,Uttar_Pradesh,Vrindavan,"Omex Eternity, Vrindavan - UPPCB","09-04-2026 11:00:00",27.5714090,77.6557570,PM10,14,80,43
India,Uttarakhand,Dehradun,"Doon University, Dehradun - UKPCB","09-04-2026 11:00:00",30.269444,78.044167,CO,5,6,5
India,Uttarakhand,Kashipur,"Govt. Girls Inter College, Kashipur - UKPCB","09-04-2026 11:00:00",29.2124114,78.9611753,CO,NA,NA,NA
India,West_Bengal,Asansol,"Asansol Court Area, Asansol - WBPCB","09-04-2026 11:00:00",23.685297,86.945968,SO2,8,32,17
India,West_Bengal,Asansol,"Evelyn Lodge, Asansol - WBPCB","09-04-2026 11:00:00",23.6979360,86.9443950,CO,15,64,44
India,West_Bengal,Asansol,"Mahabir Colliery, Asansol - WBPCB","09-04-2026 11:00:00",23.6181830,87.1057180,NH3,1,2,1
India,Uttarakhand,Rishikesh,"Shivaji Nagar, Rishikesh - UKPCB","09-04-2026 11:00:00",30.075911,78.2859547,OZONE,3,4,4
India,West_Bengal,Asansol,"Asansol Court Area, Asansol - WBPCB","09-04-2026 11:00:00",23.685297,86.945968,PM10,26,81,54
India,West_Bengal,Asansol,"Asansol Court Area, Asansol - WBPCB","09-04-2026 11:00:00",23.685297,86.945968,NH3,2,12,6
India,West_Bengal,Barrackpore,"SVSPA Campus, Barrackpore - WBPCB","09-04-2026 11:00:00",22.7605581,88.3617589,PM2.5,17,49,30
India,West_Bengal,Barrackpore,"SVSPA Campus, Barrackpore - WBPCB","09-04-2026 11:00:00",22.7605581,88.3617589,NO2,16,36,25
India,West_Bengal,Barrackpore,"SVSPA Campus, Barrackpore - WBPCB","09-04-2026 11:00:00",22.7605581,88.3617589,NH3,4,5,5
India,West_Bengal,Haldia,"Priyambada Housing Estate, Haldia - WBPCB","09-04-2026 11:00:00",22.06047,88.109737,NO2,8,20,13
India,West_Bengal,Howrah,"Belur Math, Howrah - WBPCB","09-04-2026 11:00:00",22.629801,88.352017,PM2.5,24,50,35
India,West_Bengal,Durgapur,"Womens College_City Center, Durgapur - WBPCB","09-04-2026 11:00:00",23.549395,87.300496,NH3,2,5,4
India,West_Bengal,Durgapur,"Womens College_City Center, Durgapur - WBPCB","09-04-2026 11:00:00",23.549395,87.300496,CO,18,59,52
India,West_Bengal,Asansol,"Trivenidevi Bhalotia College, Asansol - WBPCB","09-04-2026 11:00:00",23.616515,87.119133,NH3,4,5,5
India,West_Bengal,Howrah,"Botanical Garden, Howrah - WBPCB","09-04-2026 11:00:00",22.554954,88.292568,OZONE,6,54,18
India,Uttarakhand,Rishikesh,"Shivaji Nagar, Rishikesh - UKPCB","09-04-2026 11:00:00",30.075911,78.2859547,PM2.5,2,2,2
India,West_Bengal,Howrah,"Dasnagar, Howrah - WBPCB","09-04-2026 11:00:00",22.6025571,88.3105664,SO2,3,38,10
India,West_Bengal,Howrah,"Ghusuri, Howrah - WBPCB","09-04-2026 11:00:00",22.611968,88.347422,PM10,29,81,58
India,West_Bengal,Howrah,"Ghusuri, Howrah - WBPCB","09-04-2026 11:00:00",22.611968,88.347422,NH3,2,20,5
India,West_Bengal,Howrah,"Ghusuri, Howrah - WBPCB","09-04-2026 11:00:00",22.611968,88.347422,SO2,11,16,14
India,West_Bengal,Howrah,"Ghusuri, Howrah - WBPCB","09-04-2026 11:00:00",22.611968,88.347422,CO,4,60,46
India,West_Bengal,Howrah,"Padmapukur, Howrah - WBPCB","09-04-2026 11:00:00",22.5687319,88.2797276,PM2.5,13,33,22
India,West_Bengal,Kolkata,"Ballygunge, Kolkata - WBPCB","09-04-2026 11:00:00",22.5367507,88.3638022,NH3,7,9,8
India,West_Bengal,Kolkata,"Jadavpur, Kolkata - WBPCB","09-04-2026 11:00:00",22.49929,88.36917,PM2.5,24,46,34
India,West_Bengal,Kolkata,"Rabindra Bharati University, Kolkata - WBPCB","09-04-2026 11:00:00",22.627847,88.380669,CO,26,42,36
India,West_Bengal,Kolkata,"Rabindra Sarobar, Kolkata - WBPCB","09-04-2026 11:00:00",22.51106,88.35142,CO,9,20,16
India,West_Bengal,Kolkata,"Victoria, Kolkata - WBPCB","09-04-2026 11:00:00",22.5448082,88.3403691,PM10,33,122,53
India,West_Bengal,Kolkata,"Victoria, Kolkata - WBPCB","09-04-2026 11:00:00",22.5448082,88.3403691,OZONE,13,70,25
India,Andhra_Pradesh,Kadapa,"Yerramukkapalli, Kadapa - APPCB","09-04-2026 11:00:00",14.465052,78.824187,PM10,62,80,72
India,Andhra_Pradesh,Kadapa,"Yerramukkapalli, Kadapa - APPCB","09-04-2026 11:00:00",14.465052,78.824187,NO2,17,32,19
India,Andhra_Pradesh,Kadapa,"Yerramukkapalli, Kadapa - APPCB","09-04-2026 11:00:00",14.465052,78.824187,OZONE,19,49,22
India,Andhra_Pradesh,Anantapur,"Gulzarpet, Anantapur - APPCB","09-04-2026 11:00:00",14.675886,77.593027,PM10,NA,NA,NA
India,Andhra_Pradesh,Anantapur,"Gulzarpet, Anantapur - APPCB","09-04-2026 11:00:00",14.675886,77.593027,NO2,NA,NA,NA
India,Andhra_Pradesh,Anantapur,"Gulzarpet, Anantapur - APPCB","09-04-2026 11:00:00",14.675886,77.593027,OZONE,36,50,41
India,Andhra_Pradesh,Chittoor,"Gangineni Cheruvu, Chittoor - APPCB","09-04-2026 11:00:00",13.204880,79.097889,SO2,9,23,11
India,Andhra_Pradesh,Chittoor,"Gangineni Cheruvu, Chittoor - APPCB","09-04-2026 11:00:00",13.204880,79.097889,OZONE,26,57,28
India,Andhra_Pradesh,Amaravati,"Secretariat, Amaravati - APPCB","09-04-2026 11:00:00",16.5150833,80.5181667,SO2,8,22,13
India,Andhra_Pradesh,Amaravati,"Secretariat, Amaravati - APPCB","09-04-2026 11:00:00",16.5150833,80.5181667,CO,14,29,18
India,Andhra_Pradesh,Machilipatnam,"Srinivas Nagar Colony, Machilipatnam - APPCB","09-04-2026 11:00:00",16.186555,81.13219,PM10,56,275,79
India,Andhra_Pradesh,Guntur,"Rajendra Nagar North, Guntur - APPCB","09-04-2026 11:00:00",16.316553,80.413302,PM2.5,49,68,56
India,Andhra_Pradesh,Amaravati,"Secretariat, Amaravati - APPCB","09-04-2026 11:00:00",16.5150833,80.5181667,PM2.5,27,80,49
India,Andhra_Pradesh,Guntur,"Rajendra Nagar North, Guntur - APPCB","09-04-2026 11:00:00",16.316553,80.413302,SO2,8,18,11
India,Andhra_Pradesh,Anantapur,"Gulzarpet, Anantapur - APPCB","09-04-2026 11:00:00",14.675886,77.593027,PM2.5,NA,NA,NA
India,Andhra_Pradesh,Eluru,"District Court, Eluru - APPCB","09-04-2026 11:00:00",16.711754,81.092095,NH3,2,5,3
India,Andhra_Pradesh,Vijayawada,"Rajiv Gandhi Park, Vijayawada - APPCB","09-04-2026 11:00:00",16.509717,80.612222,NH3,6,7,6
India,Andhra_Pradesh,Vijayawada,"Rajiv Gandhi Park, Vijayawada - APPCB","09-04-2026 11:00:00",16.509717,80.612222,SO2,11,21,18
India,Andhra_Pradesh,Vijayawada,"Rajiv Nagar, Vijayawada - APPCB","09-04-2026 11:00:00",16.554731,80.649110,NO2,21,22,22
India,Andhra_Pradesh,Visakhapatnam,"GVM Corporation, Visakhapatnam - APPCB","09-04-2026 11:00:00",17.72,83.3,PM10,92,279,135
India,Assam,Guwahati,"Pan Bazaar, Guwahati - PCBA","09-04-2026 11:00:00",26.187500,91.744194,NH3,1,1,1
India,Assam,Guwahati,"Pan Bazaar, Guwahati - PCBA","09-04-2026 11:00:00",26.187500,91.744194,CO,16,39,17
India,Assam,Nagaon,"Christianpatty, Nagaon - PCBA","09-04-2026 11:00:00",26.349082,92.68449,NO2,1,221,15
India,Assam,Nalbari,"Bata Chowk, Nalbari - PCBA","09-04-2026 11:00:00",26.446912,91.439057,NH3,6,7,6
India,Bihar,Arrah,"New DM Office, Arrah - BSPCB","09-04-2026 11:00:00",25.5626095,84.663264,NH3,1,2,2
India,Bihar,Aurangabad,"Gurdeo Nagar, Aurangabad - BSPCB","09-04-2026 11:00:00",24.75746,84.366208,SO2,8,15,12
India,Bihar,Begusarai,"Lohiyanagar, Begusarai - BSPCB","09-04-2026 11:00:00",25.42742023,86.13886079,CO,16,20,17
India,Assam,Silchar,"Tarapur, Silchar - PCBA","09-04-2026 11:00:00",24.82827,92.79525,NH3,1,1,1
India,Assam,Sivasagar,"Girls College, Sivasagar - PCBA","09-04-2026 11:00:00",26.987634,94.636574,NO2,23,31,26
India,Assam,Sivasagar,"Girls College, Sivasagar - PCBA","09-04-2026 11:00:00",26.987634,94.636574,SO2,8,11,9
India,Assam,Sivasagar,"Girls College, Sivasagar - PCBA","09-04-2026 11:00:00",26.987634,94.636574,CO,15,30,22
India,Andhra_Pradesh,Rajamahendravaram,"Anand Kala Kshetram, Rajamahendravaram - APPCB","09-04-2026 11:00:00",16.9872867,81.7363176,SO2,5,12,7
India,Andhra_Pradesh,Tirumala,"Toll Gate, Tirumala - APPCB","09-04-2026 11:00:00",13.67,79.35,PM2.5,29,86,61
India,Andhra_Pradesh,Tirumala,"Toll Gate, Tirumala - APPCB","09-04-2026 11:00:00",13.67,79.35,NH3,2,4,3
India,Andhra_Pradesh,Visakhapatnam,"GVM Corporation, Visakhapatnam - APPCB","09-04-2026 11:00:00",17.72,83.3,SO2,2,103,36
India,Arunachal_Pradesh,Naharlagun,"Naharlagun, Naharlagun - APSPCB","09-04-2026 11:00:00",27.103358,93.679645,PM2.5,NA,NA,NA
India,Arunachal_Pradesh,Naharlagun,"Naharlagun, Naharlagun - APSPCB","09-04-2026 11:00:00",27.103358,93.679645,OZONE,NA,NA,NA
India,Assam,Sivasagar,"Girls College, Sivasagar - PCBA","09-04-2026 11:00:00",26.987634,94.636574,OZONE,19,80,30
India,Bihar,Araria,"Kharahiya Basti, Araria - BSPCB","09-04-2026 11:00:00",26.146529,87.454184,NH3,5,6,6
India,Bihar,Araria,"Kharahiya Basti, Araria - BSPCB","09-04-2026 11:00:00",26.146529,87.454184,CO,67,106,91
India,Assam,Guwahati,"LGBI Airport, Guwahati - PCBA","09-04-2026 11:00:00",26.10887,91.589544,PM2.5,27,57,46
India,Assam,Guwahati,"LGBI Airport, Guwahati - PCBA","09-04-2026 11:00:00",26.10887,91.589544,NO2,14,22,16
India,Assam,Guwahati,"LGBI Airport, Guwahati - PCBA","09-04-2026 11:00:00",26.10887,91.589544,NH3,2,9,4
India,Andhra_Pradesh,Vijayawada,"HB Colony, Vijayawada - APPCB","09-04-2026 11:00:00",16.536107,80.594233,PM2.5,58,97,82
India,Andhra_Pradesh,Vijayawada,"HB Colony, Vijayawada - APPCB","09-04-2026 11:00:00",16.536107,80.594233,PM10,47,109,87
India,Bihar,Bhagalpur,"Mayaganj, Bhagalpur - BSPCB","09-04-2026 11:00:00",25.265194,87.012947,PM10,10,130,71
India,Bihar,"Bihar Sharif","D M Colony, Bihar Sharif - BSPCB","09-04-2026 11:00:00",25.204762,85.514960,PM10,15,40,28
India,Bihar,"Bihar Sharif","D M Colony, Bihar Sharif - BSPCB","09-04-2026 11:00:00",25.204762,85.514960,NH3,3,4,3
India,Bihar,Begusarai,"Lohiyanagar, Begusarai - BSPCB","09-04-2026 11:00:00",25.42742023,86.13886079,OZONE,37,49,40
India,Bihar,Bettiah,"Kamalnath Nagar, Bettiah - BSPCB","09-04-2026 11:00:00",26.80365,84.51954,NH3,1,1,1
India,Bihar,Hajipur,"Industrial Area, Hajipur - BSPCB","09-04-2026 11:00:00",25.697189,85.245900,SO2,3,9,7
India,Bihar,Gaya,"SFTI Kusdihra, Gaya - BSPCB","09-04-2026 11:00:00",24.762518,84.982348,PM10,25,53,42
India,Bihar,Buxar,"Charitra Van, Buxar - BSPCB","09-04-2026 11:00:00",25.567520,83.966379,OZONE,1,13,3
India,Bihar,Gaya,"Kareemganj, Gaya - BSPCB","09-04-2026 11:00:00",24.792403,84.992416,OZONE,22,81,33
India,Bihar,Buxar,"Charitra Van, Buxar - BSPCB","09-04-2026 11:00:00",25.567520,83.966379,PM10,NA,NA,NA
India,Bihar,Buxar,"Charitra Van, Buxar - BSPCB","09-04-2026 11:00:00",25.567520,83.966379,NH3,3,3,3
India,Bihar,Gaya,"Kareemganj, Gaya - BSPCB","09-04-2026 11:00:00",24.792403,84.992416,NO2,9,12,12
India,Bihar,Kishanganj,"SDM Office_Khagra, Kishanganj - BSPCB","09-04-2026 11:00:00",26.0881305,87.93840336,CO,17,20,18
India,Bihar,Manguraha,"Forest Rest House, Manguraha - BSPCB","09-04-2026 11:00:00",27.308328,84.531742,PM2.5,NA,NA,NA
India,Bihar,Manguraha,"Forest Rest House, Manguraha - BSPCB","09-04-2026 11:00:00",27.308328,84.531742,NH3,NA,NA,NA
India,Bihar,Munger,"Town Hall, Munger - BSPCB","09-04-2026 11:00:00",25.376776,86.471523,PM2.5,NA,NA,NA
India,Bihar,Munger,"Town Hall, Munger - BSPCB","09-04-2026 11:00:00",25.376776,86.471523,PM10,NA,NA,NA
India,Bihar,Munger,"Town Hall, Munger - BSPCB","09-04-2026 11:00:00",25.376776,86.471523,NO2,NA,NA,NA
India,Bihar,Munger,"Town Hall, Munger - BSPCB","09-04-2026 11:00:00",25.376776,86.471523,NH3,NA,NA,NA
India,Bihar,Muzaffarpur,"MIT-Daudpur Kothi, Muzaffarpur - BSPCB","09-04-2026 11:00:00",26.1403345,85.3650192,NO2,2,7,3
India,Bihar,Muzaffarpur,"MIT-Daudpur Kothi, Muzaffarpur - BSPCB","09-04-2026 11:00:00",26.1403345,85.3650192,SO2,9,12,10
India,Bihar,Patna,"Muradpur, Patna - BSPCB","09-04-2026 11:00:00",25.619651,85.147382,PM2.5,59,138,85
India,Bihar,Patna,"Muradpur, Patna - BSPCB","09-04-2026 11:00:00",25.619651,85.147382,PM10,113,184,140
India,Bihar,Patna,"Govt. High School Shikarpur, Patna - BSPCB","09-04-2026 11:00:00",25.592539,85.227158,SO2,1,8,5
India,Bihar,Patna,"IGSC Planetarium Complex, Patna - BSPCB","09-04-2026 11:00:00",25.610369,85.132568,CO,6,49,33
India,Bihar,Patna,"Rajbansi Nagar, Patna - BSPCB","09-04-2026 11:00:00",25.599486,85.113666,NO2,28,33,31
India,Bihar,Katihar,"Mirchaibari, Katihar - BSPCB","09-04-2026 11:00:00",25.560083,87.553265,NO2,9,10,9
India,Bihar,Motihari,"Gandak Colony, Motihari - BSPCB","09-04-2026 11:00:00",26.63086,84.90051,SO2,3,3,3
India,Bihar,Saharsa,"Police Line, Saharsa - BSPCB","09-04-2026 11:00:00",25.892357,86.590325,PM2.5,2,140,42
India,Bihar,Saharsa,"Police Line, Saharsa - BSPCB","09-04-2026 11:00:00",25.892357,86.590325,PM10,20,113,56
India,Bihar,Samastipur,"DM Office_Kasipur, Samastipur - BSPCB","09-04-2026 11:00:00",25.859655,85.77944,PM2.5,25,167,77
India,Bihar,Samastipur,"DM Office_Kasipur, Samastipur - BSPCB","09-04-2026 11:00:00",25.859655,85.77944,OZONE,7,9,8
India,Bihar,Sasaram,"Dada Peer, Sasaram - BSPCB","09-04-2026 11:00:00",24.952822,84.002396,PM10,45,126,74
India,Bihar,Patna,"Samanpura, Patna - BSPCB","09-04-2026 11:00:00",25.596727,85.085624,NO2,32,42,38
India,Bihar,Purnia,"Mariam Nagar, Purnia - BSPCB","09-04-2026 11:00:00",25.366336,87.117468,NO2,5,6,6
India,Bihar,Purnia,"Mariam Nagar, Purnia - BSPCB","09-04-2026 11:00:00",25.366336,87.117468,SO2,16,17,16
India,Chandigarh,Chandigarh,"Sector-25, Chandigarh - CPCC","09-04-2026 11:00:00",30.751462,76.762879,NH3,10,12,11
India,Chandigarh,Chandigarh,"Sector-53, Chandigarh - CPCC","09-04-2026 11:00:00",30.719859,76.738637,SO2,6,6,6
India,Chhattisgarh,Chhal,"Nawapara SECL Colony, Chhal - CECB","09-04-2026 11:00:00",22.118125,83.140608,PM10,32,63,48
India,Chhattisgarh,Chhal,"Nawapara SECL Colony, Chhal - CECB","09-04-2026 11:00:00",22.118125,83.140608,SO2,2,55,15
India,Chhattisgarh,Bilaspur,"Mangala, Bilaspur - NTPC","09-04-2026 11:00:00",22.08815,82.13737,PM2.5,37,87,63
India,Chhattisgarh,Bilaspur,"Mangala, Bilaspur - NTPC","09-04-2026 11:00:00",22.08815,82.13737,PM10,34,84,60
India,Chhattisgarh,Milupara,"Govt. Higher Secondary School, Milupara - CECB","09-04-2026 11:00:00",22.1910172,83.5197009,PM10,NA,NA,NA
India,Bihar,Siwan,"Chitragupta Nagar, Siwan - BSPCB","09-04-2026 11:00:00",26.2271665,84.3570427,PM10,22,129,53
India,Chhattisgarh,Korba,"Urja Nagar, Korba - CECB","09-04-2026 11:00:00",22.348441,82.549611,OZONE,2,8,2
India,Chhattisgarh,Korba,"Urja Nagar, Korba - CECB","09-04-2026 11:00:00",22.348441,82.549611,NH3,1,1,1
India,Chhattisgarh,Raipur,"Krishak Nagar, Raipur - CECB","09-04-2026 11:00:00",21.237755,81.705301,CO,8,32,21
India,Chhattisgarh,Raipur,"Siltara Phase-II, Raipur - CECB","09-04-2026 11:00:00",21.371751,81.664929,PM10,41,121,79
India,Chhattisgarh,Tumidih,"OP Jindal Industrial Park, Tumidih - CECB","09-04-2026 11:00:00",22.06631475,83.33820077,OZONE,29,95,46
India,Delhi,Delhi,"Anand Vihar, Delhi - DPCC","09-04-2026 11:00:00",28.647622,77.3158090,PM2.5,13,193,81
India,Delhi,Delhi,"Anand Vihar, Delhi - DPCC","09-04-2026 11:00:00",28.647622,77.3158090,NH3,3,4,3
India,Delhi,Delhi,"Anand Vihar, Delhi - DPCC","09-04-2026 11:00:00",28.647622,77.3158090,CO,24,51,43
India,Delhi,Delhi,"Ashok Vihar, Delhi - DPCC","09-04-2026 11:00:00",28.695381,77.181665,PM10,55,185,102
India,Delhi,Delhi,"Ashok Vihar, Delhi - DPCC","09-04-2026 11:00:00",28.695381,77.181665,NO2,19,72,34
India,Chhattisgarh,Raipur,"AIIMS, Raipur - CECB","09-04-2026 11:00:00",21.258815,81.578979,CO,14,54,40
India,Chhattisgarh,Raipur,"Bhatagaon New ISBT, Raipur - CECB","09-04-2026 11:00:00",21.219665,81.630094,PM10,36,84,56
India,Chhattisgarh,Raipur,"Bhatagaon New ISBT, Raipur - CECB","09-04-2026 11:00:00",21.219665,81.630094,NH3,2,2,2
India,Chhattisgarh,Raipur,"Krishak Nagar, Raipur - CECB","09-04-2026 11:00:00",21.237755,81.705301,SO2,3,23,7
India,Delhi,Delhi,"Chandni Chowk, Delhi - IITM","09-04-2026 11:00:00",28.656756,77.227234,CO,104,116,106
India,Delhi,Delhi,"Commonwealth Sports Complex, Delhi - DPCC","09-04-2026 11:00:00","28.615828 ","77.271992 ",PM2.5,43,95,63
India,Delhi,Delhi,"Commonwealth Sports Complex, Delhi - DPCC","09-04-2026 11:00:00","28.615828 ","77.271992 ",PM10,50,118,87
India,Delhi,Delhi,"Burari Crossing, Delhi - IMD","09-04-2026 11:00:00",28.7256504,77.2011573,NO2,13,45,30
India,Delhi,Delhi,"CRRI Mathura Road, Delhi - IMD","09-04-2026 11:00:00",28.5512005,77.2735737,CO,15,50,36
India,Delhi,Delhi,"Cantonment Area, Delhi - DPCC ","09-04-2026 11:00:00","28.594169 ","77.125100 ",PM2.5,11,36,19
India,Chhattisgarh,Milupara,"Govt. Higher Secondary School, Milupara - CECB","09-04-2026 11:00:00",22.1910172,83.5197009,NO2,NA,NA,NA
India,Chhattisgarh,Milupara,"Govt. Higher Secondary School, Milupara - CECB","09-04-2026 11:00:00",22.1910172,83.5197009,SO2,NA,NA,NA
India,Chhattisgarh,Milupara,"Govt. Higher Secondary School, Milupara - CECB","09-04-2026 11:00:00",22.1910172,83.5197009,CO,12,30,12
India,Delhi,Delhi,"Cantonment Area, Delhi - DPCC ","09-04-2026 11:00:00","28.594169 ","77.125100 ",PM10,56,101,73
India,Delhi,Delhi,"Cantonment Area, Delhi - DPCC ","09-04-2026 11:00:00","28.594169 ","77.125100 ",OZONE,5,49,14
India,Delhi,Delhi,"Chandni Chowk, Delhi - IITM","09-04-2026 11:00:00",28.656756,77.227234,SO2,12,22,15
India,Chhattisgarh,Raipur,"AIIMS, Raipur - CECB","09-04-2026 11:00:00",21.258815,81.578979,NH3,3,4,3
India,Delhi,Delhi,"Lodhi Road, Delhi - IMD","09-04-2026 11:00:00",28.5918245,77.2273074,PM10,52,107,81
India,Delhi,Delhi,"Lodhi Road, Delhi - IMD","09-04-2026 11:00:00",28.5918245,77.2273074,NO2,13,30,19
India,Delhi,Delhi,"Lodhi Road, Delhi - IMD","09-04-2026 11:00:00",28.5918245,77.2273074,OZONE,27,123,46
India,Delhi,Delhi,"Major Dhyan Chand National Stadium, Delhi - DPCC","09-04-2026 11:00:00",28.611281,77.237738,NH3,14,17,15
India,Delhi,Delhi,"Major Dhyan Chand National Stadium, Delhi - DPCC","09-04-2026 11:00:00",28.611281,77.237738,SO2,10,22,13
India,Delhi,Delhi,"Mandir Marg, Delhi - DPCC","09-04-2026 11:00:00",28.636429,77.201067,PM2.5,NA,NA,NA
India,Delhi,Delhi,"Mandir Marg, Delhi - DPCC","09-04-2026 11:00:00",28.636429,77.201067,SO2,1,38,23
India,Delhi,Delhi,"DTU, Delhi - CPCB","09-04-2026 11:00:00",28.7500499,77.1112615,CO,4,34,27
India,Delhi,Delhi,"Dr. Karni Singh Shooting Range, Delhi - DPCC","09-04-2026 11:00:00",28.498571,77.264840,PM10,55,107,79
India,Delhi,Delhi,"Dr. Karni Singh Shooting Range, Delhi - DPCC","09-04-2026 11:00:00",28.498571,77.264840,NO2,7,33,15
India,Delhi,Delhi,"Dr. Karni Singh Shooting Range, Delhi - DPCC","09-04-2026 11:00:00",28.498571,77.264840,SO2,12,23,14
India,Delhi,Delhi,"Dr. Karni Singh Shooting Range, Delhi - DPCC","09-04-2026 11:00:00",28.498571,77.264840,OZONE,10,130,27
India,Delhi,Delhi,"Dwarka-Sector 8, Delhi - DPCC ","09-04-2026 11:00:00",28.5710274,77.0719006,NH3,12,50,18
India,Delhi,Delhi,"Dwarka-Sector 8, Delhi - DPCC ","09-04-2026 11:00:00",28.5710274,77.0719006,CO,50,78,64
India,Delhi,Delhi,"NSUT Jaffarpur, Delhi - DPCC","09-04-2026 11:00:00","28.594004 ","76.909423 ",SO2,2,15,11
India,Delhi,Delhi,"Najafgarh, Delhi - DPCC","09-04-2026 11:00:00",28.570173,76.933762,NO2,12,74,37
India,Delhi,Delhi,"Narela, Delhi - DPCC","09-04-2026 11:00:00",28.822836,77.101981,PM10,66,177,106
India,Delhi,Delhi,"Narela, Delhi - DPCC","09-04-2026 11:00:00",28.822836,77.101981,NO2,5,32,17
India,Delhi,Delhi,"Narela, Delhi - DPCC","09-04-2026 11:00:00",28.822836,77.101981,OZONE,2,77,8
India,Delhi,Delhi,"IIT Delhi, Delhi - IITM","09-04-2026 11:00:00",28.542460,77.191651,CO,56,79,72
India,Delhi,Delhi,"ITO, Delhi - CPCB","09-04-2026 11:00:00",28.628624,77.241060,PM10,57,117,88
India,Delhi,Delhi,"ITO, Delhi - CPCB","09-04-2026 11:00:00",28.628624,77.241060,NH3,3,6,5
India,Delhi,Delhi,"ITO, Delhi - CPCB","09-04-2026 11:00:00",28.628624,77.241060,CO,24,73,42
India,Delhi,Delhi,"ITO, Delhi - CPCB","09-04-2026 11:00:00",28.628624,77.241060,OZONE,37,135,40
India,Delhi,Delhi,"New Moti Bagh, Delhi - MHUA","09-04-2026 11:00:00",28.57834,77.18400,PM2.5,39,195,64
India,Delhi,Delhi,"Okhla Phase-2, Delhi - DPCC","09-04-2026 11:00:00",28.530785,77.271255,PM2.5,37,197,66
India,Delhi,Delhi,"Okhla Phase-2, Delhi - DPCC","09-04-2026 11:00:00",28.530785,77.271255,NO2,32,70,48
India,Delhi,Delhi,"Mundka, Delhi - DPCC","09-04-2026 11:00:00",28.684678,77.076574,PM10,78,201,121
India,Delhi,Delhi,"Mundka, Delhi - DPCC","09-04-2026 11:00:00",28.684678,77.076574,NH3,6,8,7
India,Delhi,Delhi,"Mundka, Delhi - DPCC","09-04-2026 11:00:00",28.684678,77.076574,CO,36,62,53
India,Delhi,Delhi,"Patparganj, Delhi - DPCC","09-04-2026 11:00:00",28.623763,77.287209,NO2,29,79,45
India,Delhi,Delhi,"Punjabi Bagh, Delhi - DPCC","09-04-2026 11:00:00",28.674045,77.131023,PM2.5,28,83,61
India,Delhi,Delhi,"IHBAS, Dilshad Garden, Delhi - CPCB","09-04-2026 11:00:00",28.6811736,77.3025234,OZONE,12,92,16
India,Delhi,Delhi,"Jawaharlal Nehru Stadium, Delhi - DPCC","09-04-2026 11:00:00",28.580280,77.233829,NO2,27,97,56
India,Delhi,Delhi,"Vivek Vihar, Delhi - DPCC","09-04-2026 11:00:00",28.672342,77.315260,NO2,31,80,48
India,Delhi,Delhi,"Vivek Vihar, Delhi - DPCC","09-04-2026 11:00:00",28.672342,77.315260,OZONE,8,170,23
India,Delhi,Delhi,"Wazirpur, Delhi - DPCC","09-04-2026 11:00:00",28.699793,77.165453,NO2,NA,NA,NA
India,Delhi,Delhi,"Wazirpur, Delhi - DPCC","09-04-2026 11:00:00",28.699793,77.165453,SO2,NA,NA,NA
India,Delhi,Delhi,"Wazirpur, Delhi - DPCC","09-04-2026 11:00:00",28.699793,77.165453,CO,38,66,62
India,Gujarat,Ahmedabad,"Chandkheda, Ahmedabad - IITM","09-04-2026 11:00:00",23.107969,72.574648,NH3,5,9,7
India,Gujarat,Ahmedabad,"Chandkheda, Ahmedabad - IITM","09-04-2026 11:00:00",23.107969,72.574648,SO2,1,5,3
India,Gujarat,Ahmedabad,"Gyaspur, Ahmedabad - IITM","09-04-2026 11:00:00",22.977134,72.553024,NH3,2,7,4
India,Delhi,Delhi,"Sonia Vihar, Delhi - DPCC","09-04-2026 11:00:00",28.710508,77.249485,OZONE,7,156,18
India,Delhi,Delhi,"Sri Aurobindo Marg, Delhi - DPCC","09-04-2026 11:00:00",28.531346,77.190156,SO2,7,11,10
India,Delhi,Delhi,"Talkatora Garden, Delhi - DPCC","09-04-2026 11:00:00",28.621810,77.1944633,PM2.5,51,84,64
India,Delhi,Delhi,"Pusa, Delhi - DPCC","09-04-2026 11:00:00",28.639652,77.146275,OZONE,10,130,30
India,Delhi,Delhi,"Pusa, Delhi - IMD","09-04-2026 11:00:00",28.636110,77.173332,CO,18,46,29
India,Delhi,Delhi,"R K Puram, Delhi - DPCC","09-04-2026 11:00:00",28.563262,77.186937,CO,23,100,58
India,Gujarat,Ahmedabad,"SAC ISRO Bopal, Ahmedabad - IITM","09-04-2026 11:00:00",23.041137,72.456691,PM2.5,44,95,71
India,Gujarat,Ahmedabad,"Rakhial, Ahmedabad - IITM","09-04-2026 11:00:00",23.016834,72.625775,PM10,79,128,103
India,Delhi,Delhi,"Sonia Vihar, Delhi - DPCC","09-04-2026 11:00:00",28.710508,77.249485,PM2.5,57,315,104
India,Delhi,Delhi,"Shadipur, Delhi - CPCB","09-04-2026 11:00:00",28.6514781,77.1473105,PM10,48,106,73
India,Delhi,Delhi,"Sirifort, Delhi - CPCB","09-04-2026 11:00:00",28.5504249,77.2159377,OZONE,7,27,10
India,Delhi,Delhi,"Pusa, Delhi - DPCC","09-04-2026 11:00:00",28.639652,77.146275,SO2,14,43,21
India,Gujarat,Bhavnagar,"Vidhyanagar, Bhavnagar - Nexteng Enviro","09-04-2026 11:00:00",21.755417,72.139056,PM2.5,45,179,99
India,Gujarat,Bhavnagar,"Vidhyanagar, Bhavnagar - Nexteng Enviro","09-04-2026 11:00:00",21.755417,72.139056,SO2,5,7,6
India,Gujarat,Gandhinagar,"GIFT City, Gandhinagar - IITM","09-04-2026 11:00:00",23.163798,72.677768,PM2.5,22,52,40
India,Gujarat,Gandhinagar,"GIFT City, Gandhinagar - IITM","09-04-2026 11:00:00",23.163798,72.677768,CO,57,93,74
India,Gujarat,Ahmedabad,"SAC ISRO Satellite, Ahmedabad - IITM","09-04-2026 11:00:00",23.023389,72.515201,NH3,1,6,4
India,Gujarat,Ahmedabad,"SVPI Airport Hansol, Ahmedabad - IITM","09-04-2026 11:00:00",23.076793,72.627874,SO2,NA,NA,NA
India,Gujarat,Ankleshwar,"GIDC, Ankleshwar - GPCB","09-04-2026 11:00:00",21.613267,73.010555,NO2,31,32,31
India,Gujarat,Gandhinagar,"Sector-10, Gandhinagar - GPCB","09-04-2026 11:00:00",23.221714,72.654328,CO,17,36,27
India,Gujarat,Mehsana,"Sadanand Nagar, Mehsana - Nexteng Enviro","09-04-2026 11:00:00",23.593150,72.372792,SO2,3,10,6
India,Gujarat,Surat,"Katargam, Surat - Nexteng Enviro","09-04-2026 11:00:00","21.217779 ","72.834787 ",OZONE,11,12,11
India,Gujarat,Vadodara,"Bapunagar, Vadodara - Nexteng Enviro","09-04-2026 11:00:00",22.320153,73.216285,PM2.5,32,97,72
India,Haryana,Ambala,"Patti Mehar, Ambala - HSPCB","09-04-2026 11:00:00",30.379589,76.778328,PM10,24,72,44
India,Haryana,Ambala,"Patti Mehar, Ambala - HSPCB","09-04-2026 11:00:00",30.379589,76.778328,SO2,15,32,22
India,Haryana,Ambala,"Patti Mehar, Ambala - HSPCB","09-04-2026 11:00:00",30.379589,76.778328,CO,22,49,24
India,Gujarat,Rajkot,"Mavdi, Rajkot - Nexteng Enviro ","09-04-2026 11:00:00",22.248853,70.776774,NH3,1,2,1
India,Gujarat,Rajkot,"Mavdi, Rajkot - Nexteng Enviro ","09-04-2026 11:00:00",22.248853,70.776774,CO,83,96,88
India,Gujarat,Ahmedabad,"SAC ISRO Bopal, Ahmedabad - IITM","09-04-2026 11:00:00",23.041137,72.456691,SO2,3,7,5
India,Gujarat,Gandhinagar,"Sector-10, Gandhinagar - GPCB","09-04-2026 11:00:00",23.221714,72.654328,SO2,1,12,5
India,Gujarat,Surat,"Katargam, Surat - Nexteng Enviro","09-04-2026 11:00:00","21.217779 ","72.834787 ",NO2,4,11,7
India,Haryana,Jind,"Police Lines, Jind - HSPCB","09-04-2026 11:00:00",29.307814,76.337619,NO2,31,44,37
India,Haryana,Jind,"Police Lines, Jind - HSPCB","09-04-2026 11:00:00",29.307814,76.337619,CO,5,45,20
India,Haryana,Jind,"Police Lines, Jind - HSPCB","09-04-2026 11:00:00",29.307814,76.337619,OZONE,15,66,29
India,Haryana,Kaithal,"Rishi Nagar, Kaithal - HSPCB","09-04-2026 11:00:00",29.8006,76.4155,NH3,5,6,6
India,Haryana,Kaithal,"Rishi Nagar, Kaithal - HSPCB","09-04-2026 11:00:00",29.8006,76.4155,SO2,39,106,54
India,Haryana,Karnal,"Sector-12, Karnal - HSPCB","09-04-2026 11:00:00",29.695300,77.002700,NO2,6,6,6
India,Haryana,Karnal,"Sector-12, Karnal - HSPCB","09-04-2026 11:00:00",29.695300,77.002700,NH3,6,6,6
India,Haryana,Ballabgarh,"Nathu Colony, Ballabgarh - HSPCB","09-04-2026 11:00:00",28.3419248,77.319699,SO2,2,5,4
India,Haryana,Ballabgarh,"Nathu Colony, Ballabgarh - HSPCB","09-04-2026 11:00:00",28.3419248,77.319699,OZONE,5,27,9
India,Haryana,Bhiwani,"H.B. Colony, Bhiwani - HSPCB","09-04-2026 11:00:00",28.806223,76.141105,NO2,2,20,9
India,Haryana,Bhiwani,"H.B. Colony, Bhiwani - HSPCB","09-04-2026 11:00:00",28.806223,76.141105,SO2,1,12,5
India,Haryana,"Charkhi Dadri","Mini Secretariat, Charkhi Dadri - HSPCB","09-04-2026 11:00:00",28.593883,76.270653,PM10,25,144,92
India,Haryana,Fatehabad,"Huda Sector, Fatehabad - HSPCB","09-04-2026 11:00:00",29.503664,75.467934,PM2.5,10,53,30
India,Haryana,Fatehabad,"Huda Sector, Fatehabad - HSPCB","09-04-2026 11:00:00",29.503664,75.467934,PM10,14,70,40
India,Haryana,Fatehabad,"Huda Sector, Fatehabad - HSPCB","09-04-2026 11:00:00",29.503664,75.467934,NH3,13,14,14
India,Haryana,Gurugram,"NISE Gwal Pahari, Gurugram - IMD","09-04-2026 11:00:00",28.422681,77.148944,PM2.5,25,99,50
India,Haryana,"Charkhi Dadri","Mini Secretariat, Charkhi Dadri - HSPCB","09-04-2026 11:00:00",28.593883,76.270653,SO2,10,11,10
India,Haryana,"Charkhi Dadri","Mini Secretariat, Charkhi Dadri - HSPCB","09-04-2026 11:00:00",28.593883,76.270653,CO,12,56,26
India,Haryana,Dharuhera,"Municipal Corporation Office, Dharuhera -  HSPCB","09-04-2026 11:00:00",28.206800,76.799700,NH3,9,26,19
India,Haryana,Gurugram,"Teri Gram, Gurugram - HSPCB","09-04-2026 11:00:00",28.4275,77.1465,PM2.5,18,158,59
India,Haryana,Hisar,"Urban Estate-II, Hisar - HSPCB","09-04-2026 11:00:00",29.140560,75.744941,NO2,31,33,32
India,Haryana,Narnaul,"Shastri Nagar, Narnaul - HSPCB","09-04-2026 11:00:00",28.060249,76.113115,PM2.5,38,182,82
India,Haryana,Narnaul,"Shastri Nagar, Narnaul - HSPCB","09-04-2026 11:00:00",28.060249,76.113115,NO2,22,32,26
India,Haryana,Narnaul,"Shastri Nagar, Narnaul - HSPCB","09-04-2026 11:00:00",28.060249,76.113115,SO2,7,8,8
India,Haryana,Ballabgarh,"Nathu Colony, Ballabgarh - HSPCB","09-04-2026 11:00:00",28.3419248,77.319699,NH3,3,4,3
India,Haryana,Faridabad,"Sector 30, Faridabad - HSPCB","09-04-2026 11:00:00",28.4417,77.3217,PM10,60,432,92
India,Haryana,Gurugram,"Sector-51, Gurugram - HSPCB","09-04-2026 11:00:00",28.4227,77.0667,OZONE,7,34,15
India,Haryana,Narnaul,"Shastri Nagar, Narnaul - HSPCB","09-04-2026 11:00:00",28.060249,76.113115,CO,30,44,38
India,Haryana,Narnaul,"Shastri Nagar, Narnaul - HSPCB","09-04-2026 11:00:00",28.060249,76.113115,OZONE,12,27,16
India,Haryana,Palwal,"Shyam Nagar, Palwal - HSPCB","09-04-2026 11:00:00",28.1485564,77.3320667,PM10,48,64,54
India,Haryana,Palwal,"Shyam Nagar, Palwal - HSPCB","09-04-2026 11:00:00",28.1485564,77.3320667,NH3,8,9,9
India,Haryana,Panchgaon,"Amity University, Panchgaon - IITM","09-04-2026 11:00:00",28.3153,76.9143,PM2.5,16,51,37
India,Haryana,"Yamuna Nagar","Gobind Pura, Yamuna Nagar - HSPCB","09-04-2026 11:00:00",30.1480566,77.2893471,CO,28,52,38
India,Jammu_and_Kashmir,Srinagar,"Rajbagh, Srinagar - JKPCC","09-04-2026 11:00:00",34.066206,74.819820,PM2.5,12,12,12
India,Jammu_and_Kashmir,Srinagar,"Rajbagh, Srinagar - JKPCC","09-04-2026 11:00:00",34.066206,74.819820,OZONE,1,3,2
India,Jharkhand,Dhanbad,"Sardar Patel Nagar, Dhanbad - JSPCB","09-04-2026 11:00:00",23.80569,86.44268,SO2,23,139,123
India,Haryana,Panchgaon,"Amity University, Panchgaon - IITM","09-04-2026 11:00:00",28.3153,76.9143,CO,28,53,43
India,Haryana,Panchgaon,"Amity University, Panchgaon - IITM","09-04-2026 11:00:00",28.3153,76.9143,OZONE,24,79,39
India,Haryana,Panchkula,"Sector-6, Panchkula - HSPCB ","09-04-2026 11:00:00",30.7057778,76.8531805555555,SO2,NA,NA,NA
India,Haryana,Panipat,"Sector-18, Panipat - HSPCB","09-04-2026 11:00:00",29.432304,76.972765,CO,50,50,50
India,Haryana,Rohtak,"MD University, Rohtak - HSPCB","09-04-2026 11:00:00",28.52123,76.37138,PM2.5,52,117,83
India,Haryana,Rohtak,"MD University, Rohtak - HSPCB","09-04-2026 11:00:00",28.52123,76.37138,NO2,10,12,11
India,Haryana,Sirsa,"F-Block, Sirsa - HSPCB","09-04-2026 11:00:00",29.536400,75.015800,NO2,17,21,19
India,Karnataka,Bagalkot,"Vidayagiri, Bagalkot - KSPCB","09-04-2026 11:00:00",16.172806,75.659694,PM10,27,54,52
India,Karnataka,Bagalkot,"Vidayagiri, Bagalkot - KSPCB","09-04-2026 11:00:00",16.172806,75.659694,CO,6,48,25
India,Karnataka,Belgaum,"Ramteerth Nagar, Belgaum - KSPCB","09-04-2026 11:00:00",15.888653,74.541751,PM2.5,35,82,56
India,Karnataka,Belgaum,"Ramteerth Nagar, Belgaum - KSPCB","09-04-2026 11:00:00",15.888653,74.541751,SO2,36,46,38
India,Karnataka,Bengaluru,"BTM Layout, Bengaluru - CPCB","09-04-2026 11:00:00",12.9135218,77.5950804,NO2,60,73,62
India,Haryana,"Yamuna Nagar","Gobind Pura, Yamuna Nagar - HSPCB","09-04-2026 11:00:00",30.1480566,77.2893471,PM2.5,55,208,98
India,Haryana,Panchgaon,"Amity University, Panchgaon - IITM","09-04-2026 11:00:00",28.3153,76.9143,PM10,13,45,31
India,Jharkhand,Jorapokhar,"Tata Stadium, Jorapokhar - JSPCB","09-04-2026 11:00:00",23.707909,86.414670,NH3,3,3,3
India,Karnataka,Bengaluru,"Sanegurava Halli, Bengaluru - KSPCB","09-04-2026 11:00:00",12.990328,77.5431385,SO2,6,6,6
India,Karnataka,Bengaluru,"Silk Board, Bengaluru - KSPCB","09-04-2026 11:00:00",12.917348,77.622813,PM10,73,173,108
India,Karnataka,Bengaluru,"Silk Board, Bengaluru - KSPCB","09-04-2026 11:00:00",12.917348,77.622813,NO2,NA,NA,NA
India,Karnataka,Chamarajanagar,"Urban, Chamarajanagar - KSPCB","09-04-2026 11:00:00",11.55358,76.55521,NO2,15,29,24
India,Karnataka,Chamarajanagar,"Urban, Chamarajanagar - KSPCB","09-04-2026 11:00:00",11.55358,76.55521,SO2,2,5,4
India,Karnataka,Chamarajanagar,"Urban, Chamarajanagar - KSPCB","09-04-2026 11:00:00",11.55358,76.55521,OZONE,19,38,24
India,Karnataka,Chikkaballapur,"Chikkaballapur Rural, Chikkaballapur - KSPCB","09-04-2026 11:00:00",13.428828,77.731418,PM2.5,28,78,56
India,Karnataka,Dharwad,"Kalabhavan, Dharwad - KSPCB","09-04-2026 11:00:00",15.459706,75.008381,NO2,26,30,29
India,Karnataka,Dharwad,"Kalabhavan, Dharwad - KSPCB","09-04-2026 11:00:00",15.459706,75.008381,NH3,6,7,7
India,Karnataka,Hubballi,"Lingaraj Nagar, Hubballi - KSPCB","09-04-2026 11:00:00",15.3714823,75.1160168,PM10,52,58,56
India,Karnataka,Hubballi,"Lingaraj Nagar, Hubballi - KSPCB","09-04-2026 11:00:00",15.3714823,75.1160168,NO2,7,11,10
India,Karnataka,Hubballi,"Lingaraj Nagar, Hubballi - KSPCB","09-04-2026 11:00:00",15.3714823,75.1160168,SO2,1,2,2
India,Karnataka,Hubballi,"Lingaraj Nagar, Hubballi - KSPCB","09-04-2026 11:00:00",15.3714823,75.1160168,OZONE,21,29,22
India,Karnataka,Kalaburagi,"Mahatma Basaveswar Colony, Kalaburgi - KSPCB","09-04-2026 11:00:00",17.336318,76.847397,CO,30,62,57
India,Karnataka,Bengaluru,"Bapuji Nagar, Bengaluru - KSPCB","09-04-2026 11:00:00",12.951913,77.539784,PM2.5,30,113,52
India,Karnataka,Bengaluru,"Bapuji Nagar, Bengaluru - KSPCB","09-04-2026 11:00:00",12.951913,77.539784,NH3,1,3,2
India,Karnataka,Bengaluru,"City Railway Station, Bengaluru - KSPCB","09-04-2026 11:00:00",12.9756843,77.5660749,SO2,NA,NA,NA
India,Karnataka,Bengaluru,"RVCE-Mailasandra, Bengaluru - KSPCB","09-04-2026 11:00:00",12.921418,77.502466,PM2.5,18,142,75
India,Karnataka,Bengaluru,"RVCE-Mailasandra, Bengaluru - KSPCB","09-04-2026 11:00:00",12.921418,77.502466,NO2,20,26,26
India,Karnataka,Bengaluru,"Jigani, Bengaluru - KSPCB","09-04-2026 11:00:00",12.7816279,77.6299145,NO2,23,33,25
India,Karnataka,Bengaluru,"Jigani, Bengaluru - KSPCB","09-04-2026 11:00:00",12.7816279,77.6299145,CO,33,44,43
India,Karnataka,Bengaluru,"Hombegowda Nagar, Bengaluru - KSPCB","09-04-2026 11:00:00",12.938539,77.590100,OZONE,6,123,57
India,Karnataka,Bengaluru,"RVCE-Mailasandra, Bengaluru - KSPCB","09-04-2026 11:00:00",12.921418,77.502466,CO,4,49,27
India,Karnataka,Bengaluru,"Hombegowda Nagar, Bengaluru - KSPCB","09-04-2026 11:00:00",12.938539,77.590100,NH3,2,4,3
India,Karnataka,Bengaluru,"Peenya, Bengaluru - CPCB","09-04-2026 11:00:00",13.0270199,77.494094,SO2,6,17,10
India,Karnataka,Koppal,"Diwator Nagar, Koppal - KSPCB","09-04-2026 11:00:00",15.347630,76.181767,NH3,4,8,8
India,Karnataka,Madikeri,"Stuart Hill, Madikeri - KSPCB","09-04-2026 11:00:00",12.415911,75.735050,CO,9,23,14
India,Karnataka,Mangalore,"Kadri, Mangalore - KSPCB","09-04-2026 11:00:00",12.889250,74.853000,PM10,68,102,86
India,Karnataka,Mysuru,"Hebbal 1st Stage, Mysuru - KSPCB","09-04-2026 11:00:00",12.21041,76.37376,NH3,2,6,4
India,Karnataka,Ramanagara,"Vijay Nagar, Ramanagara - KSPCB","09-04-2026 11:00:00",12.733409,77.298051,SO2,20,26,23
India,Karnataka,Shivamogga,"Vinoba Nagara, Shivamogga - KSPCB","09-04-2026 11:00:00",13.940000,75.555917,PM2.5,32,53,41
India,Karnataka,Shivamogga,"Vinoba Nagara, Shivamogga - KSPCB","09-04-2026 11:00:00",13.940000,75.555917,PM10,33,67,50
India,"Madhya Pradesh",Dewas,"Bhopal Chauraha, Dewas - MPPCB","09-04-2026 11:00:00",22.9682591,76.064118,NH3,4,8,6
India,"Madhya Pradesh",Dewas,"Bhopal Chauraha, Dewas - MPPCB","09-04-2026 11:00:00",22.9682591,76.064118,OZONE,11,123,29
India,"Madhya Pradesh",Gwalior,"City Center, Gwalior - MPPCB","09-04-2026 11:00:00",26.203442,78.193251,PM2.5,13,53,23
India,"Madhya Pradesh",Gwalior,"City Center, Gwalior - MPPCB","09-04-2026 11:00:00",26.203442,78.193251,SO2,10,14,12
India,"Madhya Pradesh",Gwalior,"City Center, Gwalior - MPPCB","09-04-2026 11:00:00",26.203442,78.193251,OZONE,42,167,69
India,"Madhya Pradesh",Gwalior,"Deen Dayal Nagar, Gwalior - MPPCB","09-04-2026 11:00:00",26.259242,78.216432,PM10,24,113,58
India,"Madhya Pradesh",Gwalior,"Deen Dayal Nagar, Gwalior - MPPCB","09-04-2026 11:00:00",26.259242,78.216432,OZONE,49,119,62
India,"Madhya Pradesh",Gwalior,"Maharaj Bada, Gwalior - MPPCB","09-04-2026 11:00:00",26.200388,78.147714,PM2.5,18,83,43
India,Kerala,Kannur,"Thavakkara, Kannur - Kerala PCB","09-04-2026 11:00:00",11.875000,75.373200,NO2,13,16,16
India,Kerala,Thiruvananthapuram,"Kariavattom, Thiruvananthapuram - Kerala PCB","09-04-2026 11:00:00",8.563700,76.886500,PM2.5,11,44,22
India,Kerala,Thiruvananthapuram,"Kariavattom, Thiruvananthapuram - Kerala PCB","09-04-2026 11:00:00",8.563700,76.886500,PM10,28,94,63
India,Karnataka,Shivamogga,"Vinoba Nagara, Shivamogga - KSPCB","09-04-2026 11:00:00",13.940000,75.555917,NH3,2,2,2
India,Karnataka,Shivamogga,"Vinoba Nagara, Shivamogga - KSPCB","09-04-2026 11:00:00",13.940000,75.555917,CO,12,34,31
India,Karnataka,Shivamogga,"Vinoba Nagara, Shivamogga - KSPCB","09-04-2026 11:00:00",13.940000,75.555917,OZONE,23,73,26
India,Karnataka,Tumakuru,"Thimmalapura, Tumakuru - KSPCB","09-04-2026 11:00:00",13.377516,77.099072,PM10,70,104,79
India,Karnataka,Tumakuru,"Thimmalapura, Tumakuru - KSPCB","09-04-2026 11:00:00",13.377516,77.099072,SO2,6,27,14
India,Karnataka,Yadgir,"Collector Office, Yadgir - KSPCB","09-04-2026 11:00:00",16.7602,77.1428,NH3,NA,NA,NA
India,Karnataka,Yadgir,"Collector Office, Yadgir - KSPCB","09-04-2026 11:00:00",16.7602,77.1428,OZONE,1,15,12
India,Kerala,Thiruvananthapuram,"Kariavattom, Thiruvananthapuram - Kerala PCB","09-04-2026 11:00:00",8.563700,76.886500,SO2,1,13,5
India,"Madhya Pradesh",Bhopal,"Paryavaran Parisar, Bhopal - MPPCB","09-04-2026 11:00:00",23.210494,77.425409,NH3,6,8,7
India,"Madhya Pradesh",Gwalior,"Maharaj Bada, Gwalior - MPPCB","09-04-2026 11:00:00",26.200388,78.147714,SO2,NA,NA,NA
India,"Madhya Pradesh",Katni,"Gole Bazar, Katni - MPPCB","09-04-2026 11:00:00",23.50016,80.23284,PM2.5,43,63,53
India,"Madhya Pradesh",Katni,"Gole Bazar, Katni - MPPCB","09-04-2026 11:00:00",23.50016,80.23284,SO2,12,59,32
India,"Madhya Pradesh",Katni,"Gole Bazar, Katni - MPPCB","09-04-2026 11:00:00",23.50016,80.23284,OZONE,34,95,57
India,"Madhya Pradesh",Indore,"Regional Park, Indore - IMC","09-04-2026 11:00:00",22.6780,75.8559,PM10,18,158,91
India,"Madhya Pradesh",Indore,"Regional Park, Indore - IMC","09-04-2026 11:00:00",22.6780,75.8559,NO2,16,23,19
India,"Madhya Pradesh",Pithampur,"Sector-2 Industrial Area, Pithampur - MPPCB","09-04-2026 11:00:00",22.624758,75.675238,PM2.5,48,413,190
India,"Madhya Pradesh",Jabalpur,"Govindh Bhavan Colony, Jabalpur - JMC","09-04-2026 11:00:00",23.163174,79.973061,SO2,NA,NA,NA
India,"Madhya Pradesh",Indore,"Regional Park, Indore - IMC","09-04-2026 11:00:00",22.6780,75.8559,PM2.5,5,310,138
India,"Madhya Pradesh",Indore,"Maguda Nagar, Indore - IMC","09-04-2026 11:00:00",22.7524,75.8872,PM10,45,181,95
India,"Madhya Pradesh",Indore,"Airport Area, Indore - IMC","09-04-2026 11:00:00",22.7289,75.8076,NO2,18,38,25
India,"Madhya Pradesh",Jabalpur,"Suhagi, Jabalpur - JMC","09-04-2026 11:00:00",23.218135,79.957770,SO2,8,16,10
India,"Madhya Pradesh",Indore,"Maguda Nagar, Indore - IMC","09-04-2026 11:00:00",22.7524,75.8872,NO2,2,12,8
India,Maharashtra,Amravati,"Shri Shivaji Science College, Amravati - MPCB","09-04-2026 11:00:00",20.939198,77.765701,SO2,11,16,13
India,Maharashtra,Amravati,"Shri Shivaji Science College, Amravati - MPCB","09-04-2026 11:00:00",20.939198,77.765701,CO,7,28,20
India,Maharashtra,Amravati,"Shri Shivaji Science College, Amravati - MPCB","09-04-2026 11:00:00",20.939198,77.765701,OZONE,19,61,32
India,Maharashtra,Aurangabad,"MIDC Chilkalthana, Aurangabad - MPCB","09-04-2026 11:00:00",19.875620,75.387310,PM2.5,43,64,51
India,Maharashtra,Aurangabad,"MIDC Chilkalthana, Aurangabad - MPCB","09-04-2026 11:00:00",19.875620,75.387310,PM10,48,86,62
India,Maharashtra,Aurangabad,"MIDC Chilkalthana, Aurangabad - MPCB","09-04-2026 11:00:00",19.875620,75.387310,NO2,20,27,23
India,Maharashtra,Aurangabad,"MIDC Chilkalthana, Aurangabad - MPCB","09-04-2026 11:00:00",19.875620,75.387310,CO,7,16,10
India,Maharashtra,Amravati,"Shivneri Colony, Amravati - MPCB","09-04-2026 11:00:00",20.9402359,77.7895248,SO2,6,20,7
India,Maharashtra,Amravati,"Shivneri Colony, Amravati - MPCB","09-04-2026 11:00:00",20.9402359,77.7895248,OZONE,4,54,22
India,Maharashtra,Amravati,"Shri Shivaji Science College, Amravati - MPCB","09-04-2026 11:00:00",20.939198,77.765701,PM10,86,134,109
India,"Madhya Pradesh",Pithampur,"Sector-2 Industrial Area, Pithampur - MPPCB","09-04-2026 11:00:00",22.624758,75.675238,CO,3,59,28
India,"Madhya Pradesh",Pithampur,"Sector-2 Industrial Area, Pithampur - MPPCB","09-04-2026 11:00:00",22.624758,75.675238,OZONE,23,103,56
India,Maharashtra,Akola,"Ramdaspeth, Akola - MPCB","09-04-2026 11:00:00",20.719516,77.000253,SO2,10,17,13
India,Maharashtra,Akola,"Ramdaspeth, Akola - MPCB","09-04-2026 11:00:00",20.719516,77.000253,CO,11,20,18
India,Maharashtra,Akola,"Ramdaspeth, Akola - MPCB","09-04-2026 11:00:00",20.719516,77.000253,OZONE,10,92,20
India,Maharashtra,Aurangabad,"More Chowk Waluj, Aurangabad - MPCB","09-04-2026 11:00:00",19.8389439,75.244448,NO2,2,27,16
India,Maharashtra,Aurangabad,"More Chowk Waluj, Aurangabad - MPCB","09-04-2026 11:00:00",19.8389439,75.244448,CO,2,101,43
India,"Madhya Pradesh",Ujjain,"Mahashweta Nagar, Ujjain - MPPCB","09-04-2026 11:00:00",23.1633321,75.800225,PM2.5,NA,NA,NA
India,"Madhya Pradesh",Ujjain,"Mahashweta Nagar, Ujjain - MPPCB","09-04-2026 11:00:00",23.1633321,75.800225,PM10,NA,NA,NA
India,"Madhya Pradesh",Singrauli,"Suryakiran Bhawan NCL, Singrauli - MPPCB","09-04-2026 11:00:00",24.108970,82.645580,PM10,66,222,142
India,"Madhya Pradesh",Singrauli,"Suryakiran Bhawan NCL, Singrauli - MPPCB","09-04-2026 11:00:00",24.108970,82.645580,NO2,14,20,15
India,"Madhya Pradesh",Sagar,"Civil Lines, Sagar - MPPCB","09-04-2026 11:00:00",23.838586,78.759431,SO2,2,15,7
India,Maharashtra,Belapur,"CBD Belapur, Belapur - MPCB","09-04-2026 11:00:00",19.0243902,73.0406721,OZONE,1,36,11
India,Maharashtra,Bhiwandi,"Gokul Nagar, Bhiwandi - MPCB","09-04-2026 11:00:00",19.309073,73.057223,PM10,55,130,74
India,Maharashtra,Bhiwandi,"Gokul Nagar, Bhiwandi - MPCB","09-04-2026 11:00:00",19.309073,73.057223,NO2,11,36,22
India,Maharashtra,Badlapur,"Katrap, Badlapur - MPCB","09-04-2026 11:00:00",19.16485,73.23409,NH3,4,8,6
India,Maharashtra,Badlapur,"Katrap, Badlapur - MPCB","09-04-2026 11:00:00",19.16485,73.23409,CO,25,42,36
India,Maharashtra,Badlapur,"Katrap, Badlapur - MPCB","09-04-2026 11:00:00",19.16485,73.23409,OZONE,12,91,20
India,Maharashtra,Belapur,"CBD Belapur, Belapur - MPCB","09-04-2026 11:00:00",19.0243902,73.0406721,PM10,33,114,87
India,Maharashtra,Belapur,"CBD Belapur, Belapur - MPCB","09-04-2026 11:00:00",19.0243902,73.0406721,SO2,4,62,31
India,Maharashtra,Aurangabad,"Rachnakar Colony, Aurangabad - MPCB","09-04-2026 11:00:00",19.863756,75.321188,PM2.5,43,84,67
India,Maharashtra,Aurangabad,"Rachnakar Colony, Aurangabad - MPCB","09-04-2026 11:00:00",19.863756,75.321188,SO2,8,18,12
India,Maharashtra,Chandrapur,"Chauhan Colony, Chandrapur - MPCB","09-04-2026 11:00:00",19.962900,79.298714,NO2,34,43,38
India,Maharashtra,Chandrapur,"Chauhan Colony, Chandrapur - MPCB","09-04-2026 11:00:00",19.962900,79.298714,CO,26,48,31
India,Maharashtra,Badlapur,"Katrap, Badlapur - MPCB","09-04-2026 11:00:00",19.16485,73.23409,PM10,48,95,70
India,Maharashtra,Beed,"Bir, Beed - MPCB","09-04-2026 11:00:00",18.988474,75.753873,PM2.5,17,42,28
India,Maharashtra,Kalyan,"Pimpleshwar Mandir, Kalyan - MPCB","09-04-2026 11:00:00",19.192056,72.9585188,PM10,55,97,73
India,Maharashtra,Kalyan,"Pimpleshwar Mandir, Kalyan - MPCB","09-04-2026 11:00:00",19.192056,72.9585188,NO2,12,13,12
India,Maharashtra,Kalyan,"Pimpleshwar Mandir, Kalyan - MPCB","09-04-2026 11:00:00",19.192056,72.9585188,NH3,3,4,3
India,Maharashtra,Kalyan,"Pimpleshwar Mandir, Kalyan - MPCB","09-04-2026 11:00:00",19.192056,72.9585188,OZONE,1,23,2
India,Maharashtra,Kolhapur,"Sinchan Bhavan, Kolhapur - MPCB","09-04-2026 11:00:00",16.7143745,74.2426398,NH3,1,1,1
India,Maharashtra,Kolhapur,"Sinchan Bhavan, Kolhapur - MPCB","09-04-2026 11:00:00",16.7143745,74.2426398,SO2,1,3,2
India,Maharashtra,Kolhapur,"Sinchan Bhavan, Kolhapur - MPCB","09-04-2026 11:00:00",16.7143745,74.2426398,CO,6,22,12
India,Maharashtra,Kolhapur,"Sinchan Bhavan, Kolhapur - MPCB","09-04-2026 11:00:00",16.7143745,74.2426398,OZONE,7,81,15
India,Maharashtra,Mumbai,"Bandra Kurla Complex, Mumbai - IITM","09-04-2026 11:00:00",19.053536,72.84643,PM10,55,148,94
India,Maharashtra,Mumbai,"Bandra Kurla Complex, Mumbai - MPCB","09-04-2026 11:00:00",19.065931,72.862131,CO,8,14,10
India,Maharashtra,Mumbai,"Bandra Kurla Complex, Mumbai - MPCB","09-04-2026 11:00:00",19.065931,72.862131,OZONE,1,26,8
India,Maharashtra,Mumbai,"Borivali East, Mumbai - MPCB","09-04-2026 11:00:00",19.2243333,72.8658113,PM2.5,21,57,37
India,Maharashtra,Mumbai,"Byculla, Mumbai - BMC","09-04-2026 11:00:00",18.9767,72.8380,PM2.5,11,32,23
India,Maharashtra,Mahad,"Kamble Tarf Birwadi, Mahad - MPCB","09-04-2026 11:00:00",18.1023399,73.4783687,PM10,30,114,68
India,Maharashtra,Malegaon,"Mahesh Nagar, Malegaon - MPCB","09-04-2026 11:00:00",20.555712,74.529236,PM2.5,77,151,102
India,Maharashtra,Malegaon,"Mahesh Nagar, Malegaon - MPCB","09-04-2026 11:00:00",20.555712,74.529236,PM10,69,118,94
India,Maharashtra,Malegaon,"Mahesh Nagar, Malegaon - MPCB","09-04-2026 11:00:00",20.555712,74.529236,SO2,1,12,9
India,Maharashtra,Jalna,"Old MIDC, Jalna - MPCB","09-04-2026 11:00:00",19.854616,75.905894,PM2.5,NA,NA,NA
India,Maharashtra,Kalyan,"Khadakpada, Kalyan - MPCB","09-04-2026 11:00:00",19.25292,73.142019,NO2,36,37,36
India,Maharashtra,Kalyan,"Khadakpada, Kalyan - MPCB","09-04-2026 11:00:00",19.25292,73.142019,NH3,1,1,1
India,Maharashtra,Dombivli,"Kalu Nagar, Dombivli - MPCB","09-04-2026 11:00:00","19.2268427 ","73.0788456 ",CO,7,32,19
India,Maharashtra,Hingoli,"Ashta Vinayak Nagar, Hingoli - MPCB","09-04-2026 11:00:00",19.710842,77.151824,SO2,1,2,1
India,Maharashtra,Chandrapur,"MIDC Khutala, Chandrapur - MPCB","09-04-2026 11:00:00",19.9775302,79.2337086,PM10,87,133,110
India,Maharashtra,Jalgaon,"Prabhat Colony, Jalgaon - MPCB","09-04-2026 11:00:00",21.001264,75.565602,PM10,67,139,102
India,Maharashtra,Jalgaon,"Prabhat Colony, Jalgaon - MPCB","09-04-2026 11:00:00",21.001264,75.565602,CO,19,27,21
India,Maharashtra,Dhule,"Deopur, Dhule - MPCB","09-04-2026 11:00:00",20.918946,74.776388,PM2.5,46,85,65
India,Maharashtra,Mumbai,"Mindspace-Malad West, Mumbai - MPCB","09-04-2026 11:00:00",19.1878657,72.8304069,OZONE,47,51,49
India,Maharashtra,Mumbai,"Navy Nagar-Colaba, Mumbai - IITM","09-04-2026 11:00:00",18.897756,72.813320,PM10,59,98,76
India,Maharashtra,Mumbai,"Powai, Mumbai - MPCB","09-04-2026 11:00:00",19.137500,72.915056,PM2.5,18,38,25
India,Maharashtra,Mumbai,"Powai, Mumbai - MPCB","09-04-2026 11:00:00",19.137500,72.915056,NO2,7,8,8
India,Maharashtra,Mumbai,"Powai, Mumbai - MPCB","09-04-2026 11:00:00",19.137500,72.915056,NH3,2,2,2
India,Maharashtra,Mumbai,"Sewri, Mumbai - BMC","09-04-2026 11:00:00",19.000084,72.856730,PM10,38,93,50
India,Maharashtra,Mumbai,"Sewri, Mumbai - BMC","09-04-2026 11:00:00",19.000084,72.856730,NH3,9,12,12
India,Maharashtra,Mumbai,"Byculla, Mumbai - BMC","09-04-2026 11:00:00",18.9767,72.8380,CO,34,47,35
India,Maharashtra,Mumbai,"Chakala-Andheri East, Mumbai - IITM","09-04-2026 11:00:00",19.11074,72.86084,SO2,1,14,2
India,Maharashtra,Mumbai,"Chakala-Andheri East, Mumbai - IITM","09-04-2026 11:00:00",19.11074,72.86084,OZONE,12,65,31
India,Maharashtra,Mumbai,"Chembur, Mumbai - MPCB","09-04-2026 11:00:00",19.0364585,72.8954371,NO2,12,41,21
India,Maharashtra,Mumbai,"Chembur, Mumbai - MPCB","09-04-2026 11:00:00",19.0364585,72.8954371,CO,43,52,46
India,Maharashtra,Mumbai,"Kurla, Mumbai - MPCB","09-04-2026 11:00:00",19.0863,72.8888,OZONE,28,29,28
India,Maharashtra,Mumbai,"Malad West, Mumbai - IITM","09-04-2026 11:00:00",19.19709,72.82204,NO2,22,74,39
India,Maharashtra,Mumbai,"Malad West, Mumbai - IITM","09-04-2026 11:00:00",19.19709,72.82204,OZONE,5,27,8
India,Maharashtra,Mumbai,"Kherwadi_Bandra East, Mumbai - MPCB","09-04-2026 11:00:00",19.0632143,72.8456324,NH3,7,17,11
India,Maharashtra,Mumbai,"Khindipada-Bhandup West, Mumbai - IITM","09-04-2026 11:00:00",19.1653323,72.922099,PM10,26,73,47
India,Maharashtra,Mumbai,"Siddharth Nagar-Worli, Mumbai - IITM","09-04-2026 11:00:00",19.000083,72.813993,NO2,27,36,31
India,Maharashtra,Mumbai,"Siddharth Nagar-Worli, Mumbai - IITM","09-04-2026 11:00:00",19.000083,72.813993,NH3,2,2,2
India,Maharashtra,Mumbai,"Siddharth Nagar-Worli, Mumbai - IITM","09-04-2026 11:00:00",19.000083,72.813993,OZONE,2,35,28
India,Maharashtra,Mumbai,"Vile Parle West, Mumbai - MPCB","09-04-2026 11:00:00",19.10861,72.83622,PM10,23,46,32
India,Maharashtra,Mumbai,"Kandivali West, Mumbai - BMC","09-04-2026 11:00:00",19.215859,72.831718,NO2,15,20,16
India,Maharashtra,Mumbai,"Shivaji Nagar, Mumbai - BMC","09-04-2026 11:00:00",19.060498,72.923356,NO2,8,17,12
India,Maharashtra,Mumbai,"Colaba, Mumbai - MPCB","09-04-2026 11:00:00",18.910000,72.820000,CO,62,76,64
India,Maharashtra,"Navi Mumbai","Sector-2E Kalamboli, Navi Mumbai - MPCB","09-04-2026 11:00:00",19.02579,73.10297,NO2,8,27,13
India,Maharashtra,"Navi Mumbai","Sector-2E Kalamboli, Navi Mumbai - MPCB","09-04-2026 11:00:00",19.02579,73.10297,CO,12,20,17
India,Maharashtra,"Navi Mumbai","Sector-2E Kalamboli, Navi Mumbai - MPCB","09-04-2026 11:00:00",19.02579,73.10297,OZONE,1,32,7
India,Maharashtra,"Navi Mumbai","Tondare-Taloja, Navi Mumbai - MPCB","09-04-2026 11:00:00",19.0630,73.1209,PM2.5,22,44,38
India,Maharashtra,"Navi Mumbai","Tondare-Taloja, Navi Mumbai - MPCB","09-04-2026 11:00:00",19.0630,73.1209,NO2,10,19,15
India,Maharashtra,Parbhani,"Masoom Colony, Parbhani - MPCB","09-04-2026 11:00:00",19.265594,76.761463,NO2,9,14,11
India,Maharashtra,"Navi Mumbai","Kopripada-Vashi, Navi Mumbai - MPCB","09-04-2026 11:00:00",19.090337,73.014232,CO,2,47,10
India,Maharashtra,"Navi Mumbai","Nerul, Navi Mumbai - MPCB","09-04-2026 11:00:00",19.008751,73.016620,PM2.5,17,48,27
India,Maharashtra,"Navi Mumbai","Sanpada, Navi Mumbai - MPCB","09-04-2026 11:00:00",19.0575752,73.0151367,NO2,4,15,8
India,Maharashtra,"Navi Mumbai","Sanpada, Navi Mumbai - MPCB","09-04-2026 11:00:00",19.0575752,73.0151367,SO2,15,22,18
India,Maharashtra,Nanded,"Sneh Nagar, Nanded - MPCB","09-04-2026 11:00:00",19.173852,77.296291,PM10,NA,NA,NA
India,Maharashtra,Nanded,"Sneh Nagar, Nanded - MPCB","09-04-2026 11:00:00",19.173852,77.296291,OZONE,33,91,54
India,Maharashtra,Nashik,"Gangapur Road, Nashik - MPCB","09-04-2026 11:00:00",20.0073285,73.7762427,SO2,1,8,5
India,Maharashtra,Mumbai,"Vile Parle West, Mumbai - MPCB","09-04-2026 11:00:00",19.10861,72.83622,CO,30,30,30
India,Maharashtra,Mumbai,"Worli, Mumbai -MPCB","09-04-2026 11:00:00",18.9942180,72.8158167,PM10,2,146,64
India,Maharashtra,Mumbai,"Worli, Mumbai -MPCB","09-04-2026 11:00:00",18.9942180,72.8158167,NH3,2,3,3
India,Maharashtra,Nashik,"Hirawadi, Nashik - MPCB","09-04-2026 11:00:00",20.021503,73.813844,CO,10,30,17
India,Maharashtra,Nashik,"MIDC Ambad, Nashik - MPCB","09-04-2026 11:00:00",19.950220,73.731480,PM10,82,137,106
India,Maharashtra,Nashik,"MIDC Ambad, Nashik - MPCB","09-04-2026 11:00:00",19.950220,73.731480,NH3,2,3,2
India,Maharashtra,"Navi Mumbai","Kopripada-Vashi, Navi Mumbai - MPCB","09-04-2026 11:00:00",19.090337,73.014232,PM10,66,117,91
India,Maharashtra,Pimpri-Chinchwad,"Bhumkar Nagar, Pune - IITM","09-04-2026 11:00:00",18.605770,73.749976,CO,19,24,24
India,Maharashtra,Nashik,"Pandav Nagari, Nashik - MPCB","09-04-2026 11:00:00",19.9591346,73.7788008,PM10,44,167,95
India,Maharashtra,Nagpur,"Mahal, Nagpur - MPCB","09-04-2026 11:00:00",21.14472,79.107595,NH3,7,10,9
India,Maharashtra,Pune,"Savitribai Phule Pune University, Pune - MPCB","09-04-2026 11:00:00",18.547056,73.826908,PM2.5,10,26,18
India,Maharashtra,Pune,"Savitribai Phule Pune University, Pune - MPCB","09-04-2026 11:00:00",18.547056,73.826908,NO2,8,23,15
India,Maharashtra,Pune,"Savitribai Phule Pune University, Pune - MPCB","09-04-2026 11:00:00",18.547056,73.826908,NH3,NA,NA,NA
India,Maharashtra,Solapur,"Dnyaneshwar Nagar, Solapur - MPCB","09-04-2026 11:00:00",17.6336264,75.9132495,PM10,84,121,98
India,Maharashtra,Pune,"Katraj Dairy, Pune - MPCB","09-04-2026 11:00:00",18.454450,73.854155,SO2,2,3,3
India,Maharashtra,Pune,"Mhada Colony, Pune - IITM","09-04-2026 11:00:00",18.573040,73.927715,CO,2,72,47
India,Maharashtra,Pune,"Panchawati_Pashan, Pune - IITM","09-04-2026 11:00:00",18.536457,73.805454,PM2.5,16,66,37
India,Maharashtra,Pune,"Panchawati_Pashan, Pune - IITM","09-04-2026 11:00:00",18.536457,73.805454,PM10,40,102,71
India,Maharashtra,Ulhasnagar,"Vithalwadi, Ulhasnagar - MPCB","09-04-2026 11:00:00","19.2307571 ",73.1551920,NO2,10,24,16
India,Maharashtra,Ulhasnagar,"Vithalwadi, Ulhasnagar - MPCB","09-04-2026 11:00:00","19.2307571 ",73.1551920,NH3,2,3,3
India,Maharashtra,Virar,"Bolinj, Virar - MPCB","09-04-2026 11:00:00",19.4458210,72.7988231,PM2.5,20,48,34
India,Maharashtra,Virar,"Bolinj, Virar - MPCB","09-04-2026 11:00:00",19.4458210,72.7988231,PM10,52,112,80
India,Maharashtra,Pune,"Hadapsar, Pune - IITM","09-04-2026 11:00:00",18.501793,73.927532,PM10,67,124,103
India,Maharashtra,Pune,"Hadapsar, Pune - IITM","09-04-2026 11:00:00",18.501793,73.927532,CO,2,114,90
India,Maharashtra,Pune,"Katraj Dairy, Pune - MPCB","09-04-2026 11:00:00",18.454450,73.854155,PM2.5,12,14,13
India,Maharashtra,Ulhasnagar,"Sidhi Vinayak Nagar, Ulhasnagar - MPCB","09-04-2026 11:00:00",19.235581,73.159121,PM2.5,30,79,50
India,Maharashtra,Ulhasnagar,"Sidhi Vinayak Nagar, Ulhasnagar - MPCB","09-04-2026 11:00:00",19.235581,73.159121,PM10,41,106,68
India,Maharashtra,Ulhasnagar,"Sidhi Vinayak Nagar, Ulhasnagar - MPCB","09-04-2026 11:00:00",19.235581,73.159121,NO2,10,29,19
India,Maharashtra,Pimpri-Chinchwad,"Transport Nagar-Nigdi, Pune - IITM","09-04-2026 11:00:00",18.664282,73.763966,OZONE,1,14,1
India,Maharashtra,Solapur,"Ratandeep Housing Society, Solapur - MPCB","09-04-2026 11:00:00",17.65439,75.90649,OZONE,12,60,22
India,Maharashtra,Pune,"Revenue Colony-Shivajinagar, Pune - IITM","09-04-2026 11:00:00",18.530085,73.849598,NO2,13,76,31
India,Maharashtra,Thane,"Upvan Fort, Thane - MPCB","09-04-2026 11:00:00",19.222279,72.957979,PM2.5,35,80,50
India,Odisha,Cuttack,"CDA Area, Cuttack - OSPCB","09-04-2026 11:00:00","20.48891     ","85.84768     ",CO,64,82,75
India,Odisha,Keonjhar,"Jagamohanpur, Keonjhar - OSPCB","09-04-2026 11:00:00",21.643900,85.599355,NO2,13,15,14
India,Odisha,Nayagarh,"Dabuna, Nayagarh - OSPCB","09-04-2026 11:00:00",21.847279,85.416905,NH3,6,6,6
India,Odisha,Rairangpur,"Divisional Forest Office, Rairangpur - OSPCB","09-04-2026 11:00:00",22.265816,86.174829,OZONE,7,23,12
India,Odisha,Rourkela,"Fertilizer Township, Rourkela - OSPCB","09-04-2026 11:00:00",22.18972222,84.86277778,PM2.5,35,52,42
India,Odisha,Rourkela,"Fertilizer Township, Rourkela - OSPCB","09-04-2026 11:00:00",22.18972222,84.86277778,SO2,10,13,12
India,Odisha,Rourkela,"Fertilizer Township, Rourkela - OSPCB","09-04-2026 11:00:00",22.18972222,84.86277778,CO,6,30,13
India,Odisha,Rourkela,"Raghunathpali, Rourkela - OSPCB","09-04-2026 11:00:00",22.220833,84.809444,NH3,1,2,1
India,Odisha,Rourkela,"Raghunathpali, Rourkela - OSPCB","09-04-2026 11:00:00",22.220833,84.809444,OZONE,11,28,14
India,Odisha,Suakati,"OMC Colony, Suakati - OSPCB","09-04-2026 11:00:00",21.606865,85.510538,PM10,51,69,57
India,Odisha,Suakati,"OMC Colony, Suakati - OSPCB","09-04-2026 11:00:00",21.606865,85.510538,SO2,14,22,18
India,Odisha,Talcher,"Talcher Coalfields,Talcher - OSPCB","09-04-2026 11:00:00",20.9360711,85.1707021,CO,68,100,88
India,Odisha,Tensa,"Barsua Iron Ore Mines, Tensa - OSPCB","09-04-2026 11:00:00",21.869985,85.167016,PM2.5,19,39,28
India,Odisha,Tensa,"Barsua Iron Ore Mines, Tensa - OSPCB","09-04-2026 11:00:00",21.869985,85.167016,SO2,4,46,30
India,Odisha,Barbil,"Forest Office, Barbil - OSPCB","09-04-2026 11:00:00",22.1166054,85.3945546,PM2.5,8,312,53
India,Odisha,Barbil,"Forest Office, Barbil - OSPCB","09-04-2026 11:00:00",22.1166054,85.3945546,PM10,37,135,67
India,Odisha,Baripada,"Meher Colony, Baripada - OSPCB","09-04-2026 11:00:00",21.941841,86.728318,PM10,34,60,47
India,Odisha,Baripada,"Meher Colony, Baripada - OSPCB","09-04-2026 11:00:00",21.941841,86.728318,NO2,1,15,6
India,Odisha,Bhubaneswar,"Patia, Bhubaneswar - OSPCB","09-04-2026 11:00:00",20.34652,85.81630,PM10,28,74,48
India,Odisha,Bhubaneswar,"Patia, Bhubaneswar - OSPCB","09-04-2026 11:00:00",20.34652,85.81630,SO2,3,5,4
India,Odisha,Bileipada,"Tata Township, Bileipada - OSPCB","09-04-2026 11:00:00",22.06156703,85.47409613,PM2.5,11,68,40
India,Odisha,Bileipada,"Tata Township, Bileipada - OSPCB","09-04-2026 11:00:00",22.06156703,85.47409613,SO2,11,16,15
India,Meghalaya,Byrnihat,"15th Mile-Nongthymmai, Byrnihat - Meghalaya PCB","09-04-2026 11:00:00",26.05374,91.86796,PM10,41,243,132
India,Meghalaya,Shillong,"Lumpyngngad, Shillong - Meghalaya PCB","09-04-2026 11:00:00",25.5586,91.8985,NO2,NA,NA,NA
India,Meghalaya,Shillong,"Lumpyngngad, Shillong - Meghalaya PCB","09-04-2026 11:00:00",25.5586,91.8985,SO2,9,10,9
India,Odisha,Byasanagar,"Ferro Chrome Colony, Byasanagar - OSPCB","09-04-2026 11:00:00",20.94185,86.11510,SO2,3,16,9
India,Odisha,Cuttack,"CDA Area, Cuttack - OSPCB","09-04-2026 11:00:00","20.48891     ","85.84768     ",PM10,48,107,82
India,Odisha,Angul,"Hakimapada, Angul - OSPCB","09-04-2026 11:00:00",20.832874,85.104082,SO2,4,41,11
India,Odisha,Balasore,"Kalidaspur, Balasore - OSPCB","09-04-2026 11:00:00",21.51161,86.89088,NO2,3,17,6
India,Odisha,Bhubaneswar,"Lingraj Mandir, Bhubaneswar - OSPCB","09-04-2026 11:00:00",20.240790,85.836784,OZONE,12,318,61
India,Nagaland,Kohima,"PWD Junction, Kohima - NPCB","09-04-2026 11:00:00",25.6635413,94.0989878,NH3,1,1,1
India,Odisha,Tensa,"Barsua Iron Ore Mines, Tensa - OSPCB","09-04-2026 11:00:00",21.869985,85.167016,CO,17,58,37
India,Punjab,Amritsar,"Golden Temple, Amritsar - PPCB","09-04-2026 11:00:00",31.620000,74.876512,NO2,7,102,29
India,Punjab,Amritsar,"Golden Temple, Amritsar - PPCB","09-04-2026 11:00:00",31.620000,74.876512,NH3,5,12,7
India,Punjab,Bathinda,"Hardev Nagar, Bathinda - PPCB","09-04-2026 11:00:00",30.233011,74.907758,PM2.5,6,29,14
India,Punjab,Jalandhar,"Civil Line, Jalandhar - PPCB","09-04-2026 11:00:00",31.321907,75.578914,PM10,44,89,55
India,Punjab,Khanna,"Kalal Majra, Khanna - PPCB","09-04-2026 11:00:00","30.736056 ",76.209694,PM10,12,44,26
India,Punjab,Ludhiana,"Punjab Agricultural University, Ludhiana - PPCB","09-04-2026 11:00:00",30.9028,75.8086,NO2,31,43,40
India,Punjab,Ludhiana,"Punjab Agricultural University, Ludhiana - PPCB","09-04-2026 11:00:00",30.9028,75.8086,SO2,13,31,21
India,Punjab,Ludhiana,"Punjab Agricultural University, Ludhiana - PPCB","09-04-2026 11:00:00",30.9028,75.8086,OZONE,22,52,27
India,Punjab,"Mandi Gobindgarh","RIMT University, Mandi Gobindgarh - PPCB","09-04-2026 11:00:00",30.649961,76.331442,CO,8,110,29
India,Punjab,Patiala,"Model Town, Patiala - PPCB","09-04-2026 11:00:00",30.349388,76.366642,SO2,4,13,9
India,Punjab,Patiala,"Model Town, Patiala - PPCB","09-04-2026 11:00:00",30.349388,76.366642,CO,10,30,18
India,Rajasthan,Ajmer,"Civil Lines,  Ajmer - RSPCB","09-04-2026 11:00:00",26.470859,74.646594,SO2,3,4,3
India,Rajasthan,Ajmer,"Civil Lines,  Ajmer - RSPCB","09-04-2026 11:00:00",26.470859,74.646594,OZONE,10,68,22
India,Rajasthan,Banswara,"Rati Talai, Banswara - RSPCB","09-04-2026 11:00:00",23.555190,74.440010,PM10,87,184,124
India,Rajasthan,Banswara,"Rati Talai, Banswara - RSPCB","09-04-2026 11:00:00",23.555190,74.440010,NO2,9,32,19
India,Rajasthan,Banswara,"Rati Talai, Banswara - RSPCB","09-04-2026 11:00:00",23.555190,74.440010,NH3,2,7,4
India,Rajasthan,Baran,"Bamboliya, Baran - RSPCB","09-04-2026 11:00:00",25.106006,76.469948,NO2,7,48,20
India,Rajasthan,Barmer,"Railway Colony, Barmer - RSPCB","09-04-2026 11:00:00",25.747299,71.393989,PM10,71,145,112
India,Rajasthan,Bharatpur,"Krishna Nagar, Bharatpur - RSPCB","09-04-2026 11:00:00",27.215415,77.50873,NO2,13,59,20
India,Rajasthan,Bhilwara,"Pratap Nagar, Bhilwara - RSPCB","09-04-2026 11:00:00",25.339605,74.618883,NH3,NA,NA,NA
India,Rajasthan,Bhiwadi,"RIICO Ind. Area III, Bhiwadi - RSPCB","09-04-2026 11:00:00",28.194909,76.862296,PM10,65,134,101
India,Rajasthan,Bundi,"New Colony, Bundi - RSPCB","09-04-2026 11:00:00",25.435774,75.644272,NH3,3,19,7
India,Rajasthan,Chittorgarh,"Shastri Nagar, Chittorgarh - RSPCB","09-04-2026 11:00:00",24.892047,74.623527,PM10,71,325,136
India,Rajasthan,Chittorgarh,"Shastri Nagar, Chittorgarh - RSPCB","09-04-2026 11:00:00",24.892047,74.623527,NH3,7,16,10
India,Rajasthan,Chittorgarh,"Shastri Nagar, Chittorgarh - RSPCB","09-04-2026 11:00:00",24.892047,74.623527,CO,4,50,24
India,Rajasthan,Churu,"Subash Chowk, Churu - RSPCB","09-04-2026 11:00:00",28.296139,74.961696,CO,6,98,48
India,Rajasthan,Bhiwadi,"RIICO Ind. Area III, Bhiwadi - RSPCB","09-04-2026 11:00:00",28.194909,76.862296,SO2,8,15,11
India,Rajasthan,Bhiwadi,"RIICO Ind. Area III, Bhiwadi - RSPCB","09-04-2026 11:00:00",28.194909,76.862296,CO,4,44,34
India,Rajasthan,Bhiwadi,"Vasundhara Nagar_UIT, Bhiwadi - RSPCB","09-04-2026 11:00:00",28.207266,76.829265,NO2,1,114,47
India,Rajasthan,Jaipur,"Adarsh Nagar, Jaipur - RSPCB","09-04-2026 11:00:00",26.902909,75.836858,PM10,NA,NA,NA
India,Rajasthan,Jaipur,"Mansarovar Sector-12, Jaipur - RSPCB","09-04-2026 11:00:00",26.843698,75.766894,OZONE,33,194,159
India,Rajasthan,Dungarpur,"Bhoiwada, Dungarpur - RSPCB","09-04-2026 11:00:00",23.837789,73.714926,NH3,11,14,12
India,Rajasthan,Hanumangarh,"Housing Board, Hanumangarh - RSPCB","09-04-2026 11:00:00",29.610750,74.283608,NO2,5,31,17
India,Rajasthan,Jaipur,"RIICO Sitapura, Jaipur - RSPCB","09-04-2026 11:00:00",26.786682,75.827928,PM2.5,NA,NA,NA
India,Rajasthan,Jaisalmer,"Sadar Bazar, Jaisalmer - RSPCB","09-04-2026 11:00:00",26.912329,70.909168,OZONE,58,87,68
India,Rajasthan,Jalore,"Mudtra Sili, Jalore - RSPCB","09-04-2026 11:00:00",25.344694,72.626208,CO,12,48,23
India,Rajasthan,Jhalawar,"Rajlaxmi Nagar, Jhalawar - RSPCB","09-04-2026 11:00:00",24.588397,76.172782,PM10,56,269,93
India,Rajasthan,Jhunjhunu,"Indra Nagar, Jhunjhunu - RSPCB","09-04-2026 11:00:00",28.108988,75.386577,NH3,4,11,8
India,Rajasthan,Jaipur,"Sector-2 Murlipura, Jaipur - RSPCB","09-04-2026 11:00:00",26.960669,75.771817,NO2,2,82,23
India,Rajasthan,Jaipur,"Sector-2 Murlipura, Jaipur - RSPCB","09-04-2026 11:00:00",26.960669,75.771817,OZONE,15,83,61
India,Rajasthan,Jaipur,"Shastri Nagar, Jaipur - RSPCB","09-04-2026 11:00:00",26.9502929,75.730943,CO,22,120,39
India,Rajasthan,Jaipur,"Shastri Nagar, Jaipur - RSPCB","09-04-2026 11:00:00",26.9502929,75.730943,OZONE,20,46,36
India,Rajasthan,Jaisalmer,"Sadar Bazar, Jaisalmer - RSPCB","09-04-2026 11:00:00",26.912329,70.909168,NO2,11,31,17
India,Rajasthan,Pali,"Indira Colony Vistar, Pali - RSPCB","09-04-2026 11:00:00",25.771061," 73.340227",NO2,21,29,26
India,Rajasthan,Pali,"Indira Colony Vistar, Pali - RSPCB","09-04-2026 11:00:00",25.771061," 73.340227",NH3,3,14,5
India,Rajasthan,Pratapgarh,"Pragati Nagar, Pratapgarh - RSPCB","09-04-2026 11:00:00",24.041198,74.780702,NO2,14,40,26
India,Rajasthan,Pratapgarh,"Pragati Nagar, Pratapgarh - RSPCB","09-04-2026 11:00:00",24.041198,74.780702,SO2,1,7,3
India,Rajasthan,Pratapgarh,"Pragati Nagar, Pratapgarh - RSPCB","09-04-2026 11:00:00",24.041198,74.780702,CO,10,25,17
India,Rajasthan,Jodhpur,"Digari Kalan, Jodhpur - RSPCB","09-04-2026 11:00:00",26.295810,73.082283,SO2,1,3,1
India,Rajasthan,Jodhpur,"Digari Kalan, Jodhpur - RSPCB","09-04-2026 11:00:00",26.295810,73.082283,CO,12,26,18
India,Rajasthan,Jodhpur,"Jhalamand, Jodhpur - RSPCB","09-04-2026 11:00:00",26.215415,73.070156,NO2,6,47,24
India,Rajasthan,Jodhpur,"Mandor, Jodhpur - RSPCB","09-04-2026 11:00:00",26.358805,73.047444,NH3,4,8,6
India,Rajasthan,Jodhpur,"Collectorate, Jodhpur - RSPCB","09-04-2026 11:00:00",26.268249,73.0193853,PM10,47,144,101
India,Rajasthan,Jodhpur,"Collectorate, Jodhpur - RSPCB","09-04-2026 11:00:00",26.268249,73.0193853,NH3,5,12,9
India,Rajasthan,Jodhpur,"Collectorate, Jodhpur - RSPCB","09-04-2026 11:00:00",26.268249,73.0193853,OZONE,18,70,36
India,Rajasthan,Jodhpur,"Digari Kalan, Jodhpur - RSPCB","09-04-2026 11:00:00",26.295810,73.082283,PM2.5,23,65,39
India,Rajasthan,Kota,"Dhanmandi, Kota - RSPCB","09-04-2026 11:00:00",25.164090,75.858137,NO2,NA,NA,NA
India,Rajasthan,Kota,"Nayapura, Kota - RSPCB","09-04-2026 11:00:00",25.196024,75.855668,NO2,21,104,43
India,Rajasthan,Kota,"Shrinath Puram, Kota - RSPCB","09-04-2026 11:00:00",25.14389,75.821256,NH3,4,21,7
India,Rajasthan,Pali,"Indira Colony Vistar, Pali - RSPCB","09-04-2026 11:00:00",25.771061," 73.340227",PM10,87,154,125
India,Rajasthan,Karauli,"Satyawati Vihar, Karauli - RSPCB","09-04-2026 11:00:00",26.506177,77.025989,NH3,10,27,13
India,Rajasthan,Jaisalmer,"Sadar Bazar, Jaisalmer - RSPCB","09-04-2026 11:00:00",26.912329,70.909168,SO2,2,4,3
India,Rajasthan,Udaipur,"Ashok Nagar, Udaipur - RSPCB","09-04-2026 11:00:00",24.5886166,73.6321397,PM10,80,414,130
India,Rajasthan,Udaipur,"Ashok Nagar, Udaipur - RSPCB","09-04-2026 11:00:00",24.5886166,73.6321397,NO2,23,88,56
India,Rajasthan,Udaipur,"Ashok Nagar, Udaipur - RSPCB","09-04-2026 11:00:00",24.5886166,73.6321397,NH3,4,25,11
India,Sikkim,Gangtok,"Zero Point GICI, Gangtok - SSPCB","09-04-2026 11:00:00",27.338530,88.614099,PM2.5,12,54,29
India,Sikkim,Gangtok,"Zero Point GICI, Gangtok - SSPCB","09-04-2026 11:00:00",27.338530,88.614099,NH3,1,5,1
India,Sikkim,Gangtok,"Zero Point GICI, Gangtok - SSPCB","09-04-2026 11:00:00",27.338530,88.614099,SO2,1,1,1
India,Sikkim,Gangtok,"Zero Point GICI, Gangtok - SSPCB","09-04-2026 11:00:00",27.338530,88.614099,CO,1,10,4
India,TamilNadu,Chennai,"Arumbakkam, Chennai - TNPCB","09-04-2026 11:00:00",13.0664,"80.2112 ",PM2.5,18,52,31
India,TamilNadu,Chennai,"Arumbakkam, Chennai - TNPCB","09-04-2026 11:00:00",13.0664,"80.2112 ",NO2,8,15,12
India,TamilNadu,Chennai,"Kodungaiyur, Chennai - TNPCB","09-04-2026 11:00:00",13.1278,80.2642,PM10,19,78,46
India,TamilNadu,Chennai,"Velachery Res. Area, Chennai - CPCB","09-04-2026 11:00:00",13.0052189,80.2398125,PM10,43,78,58
India,TamilNadu,Chennai,"Velachery Res. Area, Chennai - CPCB","09-04-2026 11:00:00",13.0052189,80.2398125,SO2,4,6,5
India,TamilNadu,Chennai,"Velachery Res. Area, Chennai - CPCB","09-04-2026 11:00:00",13.0052189,80.2398125,OZONE,8,12,9
India,TamilNadu,Coimbatore,"PSG College of Arts and Science, Coimbatore - TNPCB","09-04-2026 11:00:00",11.0328,77.0349,OZONE,4,8,6
India,TamilNadu,Coimbatore,"SIDCO Kurichi, Coimbatore - TNPCB","09-04-2026 11:00:00",10.942451,76.978996,NO2,11,14,12
India,Rajasthan,Rajsamand,"Dhoinda, Rajsamand - RSPCB","09-04-2026 11:00:00",25.036360,73.883502,PM10,66,299,104
India,Rajasthan,Rajsamand,"Dhoinda, Rajsamand - RSPCB","09-04-2026 11:00:00",25.036360,73.883502,NH3,9,20,14
India,Rajasthan,"Sawai Madhopur","Sahu Nagar, Sawai Madhopur - RSPCB","09-04-2026 11:00:00",26.031443,76.359327,PM2.5,7,56,24
India,Rajasthan,Sikar,"Radhakishan Pura, Sikar - RSPCB","09-04-2026 11:00:00",27.608912,75.153302,CO,16,80,18
India,Rajasthan,Sirohi,"Vedhaynath Colony, Sirohi - RSPCB","09-04-2026 11:00:00",24.885261,72.857549,PM10,101,184,123
India,Rajasthan,Sirohi,"Vedhaynath Colony, Sirohi - RSPCB","09-04-2026 11:00:00",24.885261,72.857549,SO2,3,38,6
India,TamilNadu,Perundurai,"SIPCOT Industrial Park, Perundurai - TNPCB","09-04-2026 11:00:00",11.258242,77.552761,PM2.5,19,72,56
India,TamilNadu,Perundurai,"SIPCOT Industrial Park, Perundurai - TNPCB","09-04-2026 11:00:00",11.258242,77.552761,NO2,12,14,13
India,TamilNadu,Perundurai,"SIPCOT Industrial Park, Perundurai - TNPCB","09-04-2026 11:00:00",11.258242,77.552761,CO,38,46,46
India,TamilNadu,Perundurai,"SIPCOT Industrial Park, Perundurai - TNPCB","09-04-2026 11:00:00",11.258242,77.552761,OZONE,25,31,29
India,TamilNadu,Chennai,"Manali, Chennai - CPCB","09-04-2026 11:00:00",13.164544,80.26285,NO2,10,11,10
India,TamilNadu,Chennai,"Manali, Chennai - CPCB","09-04-2026 11:00:00",13.164544,80.26285,CO,11,80,27
India,TamilNadu,Chennai,"Perungudi, Chennai - TNPCB","09-04-2026 11:00:00",12.9533,80.2357,CO,13,53,28
India,TamilNadu,Gummidipoondi,"Anthoni Pillai Nagar, Gummidipoondi - TNPCB","09-04-2026 11:00:00",13.4127,80.1081,NO2,13,22,18
India,Telangana,Hyderabad,"Central University, Hyderabad - TSPCB","09-04-2026 11:00:00",17.460103,78.334361,PM10,11,42,25
India,TamilNadu,Thoothukudi,"Meelavittan, Thoothukudi - TNPCB","09-04-2026 11:00:00","8.816428 ",78.099039,PM10,29,145,79
India,Telangana,Hyderabad,"ICRISAT Patancheru, Hyderabad - TSPCB","09-04-2026 11:00:00",17.518400,78.278777,PM10,147,157,152
India,Telangana,Hyderabad,"ICRISAT Patancheru, Hyderabad - TSPCB","09-04-2026 11:00:00",17.518400,78.278777,NH3,1,3,1
India,Telangana,Hyderabad,"ICRISAT Patancheru, Hyderabad - TSPCB","09-04-2026 11:00:00",17.518400,78.278777,SO2,1,38,19
India,Telangana,Hyderabad,"IDA Pashamylaram, Hyderabad - TSPCB","09-04-2026 11:00:00",17.5316895,78.218939,PM10,31,108,60
India,Telangana,Hyderabad,"IDA Pashamylaram, Hyderabad - TSPCB","09-04-2026 11:00:00",17.5316895,78.218939,NO2,6,8,7
India,Telangana,Hyderabad,"IDA Pashamylaram, Hyderabad - TSPCB","09-04-2026 11:00:00",17.5316895,78.218939,SO2,2,80,22
India,Tripura,Agartala,"Bardowali, Agartala - Tripura SPCB","09-04-2026 11:00:00",23.8175497,91.2726974,NO2,18,37,25
India,Tripura,Agartala,"Bardowali, Agartala - Tripura SPCB","09-04-2026 11:00:00",23.8175497,91.2726974,NH3,6,8,7
India,Uttar_Pradesh,Agra,"Manoharpur, Agra - UPPCB","09-04-2026 11:00:00",27.23711,78.01936,NO2,20,20,20
India,Uttar_Pradesh,Agra,"Sanjay Palace, Agra - UPPCB","09-04-2026 11:00:00",27.19865833,78.00598056,PM10,31,118,65
India,Telangana,Hyderabad,"Ramachandrapuram, Hyderabad - TSPCB","09-04-2026 11:00:00",17.528544,78.286195,PM2.5,38,54,47
India,Telangana,Hyderabad,"Ramachandrapuram, Hyderabad - TSPCB","09-04-2026 11:00:00",17.528544,78.286195,NO2,15,17,16
India,Telangana,Hyderabad,"Sanathnagar, Hyderabad - TSPCB","09-04-2026 11:00:00",17.4559458,78.4332152,CO,36,58,49
India,Telangana,Hyderabad,"Somajiguda, Hyderabad - TSPCB","09-04-2026 11:00:00",17.417094,78.457437,PM10,81,101,86
India,Uttar_Pradesh,Agra,"Sanjay Palace, Agra - UPPCB","09-04-2026 11:00:00",27.19865833,78.00598056,SO2,17,18,17
India,Uttar_Pradesh,Agra,"Sector-3B Avas Vikas Colony, Agra - UPPCB","09-04-2026 11:00:00",27.19412,77.96237,PM2.5,34,69,53
India,Telangana,Hyderabad,"IITH Kandi, Hyderabad - TSPCB","09-04-2026 11:00:00",17.585705,78.126199,SO2,10,15,12
India,Telangana,Hyderabad,"Kompally Municipal Office, Hyderabad - TSPCB","09-04-2026 11:00:00",17.544899,78.486949,PM10,74,84,78
India,Telangana,Hyderabad,"Nacharam_TSIIC IALA, Hyderabad - TSPCB","09-04-2026 11:00:00",17.429398,78.569354,PM10,73,95,81
India,Telangana,Hyderabad,"Nacharam_TSIIC IALA, Hyderabad - TSPCB","09-04-2026 11:00:00",17.429398,78.569354,SO2,11,16,13
India,Telangana,Hyderabad,"Nacharam_TSIIC IALA, Hyderabad - TSPCB","09-04-2026 11:00:00",17.429398,78.569354,CO,10,33,29
India,Telangana,Hyderabad,"Zoo Park, Hyderabad - TSPCB","09-04-2026 11:00:00",17.349694,78.451437,PM2.5,NA,NA,NA
India,Telangana,Hyderabad,"Zoo Park, Hyderabad - TSPCB","09-04-2026 11:00:00",17.349694,78.451437,PM10,NA,NA,NA
India,Telangana,Hyderabad,"Zoo Park, Hyderabad - TSPCB","09-04-2026 11:00:00",17.349694,78.451437,NH3,2,3,3
India,Telangana,Hyderabad,"Central University, Hyderabad - TSPCB","09-04-2026 11:00:00",17.460103,78.334361,SO2,5,18,10
India,Telangana,Hyderabad,"Central University, Hyderabad - TSPCB","09-04-2026 11:00:00",17.460103,78.334361,OZONE,14,16,15
India,Telangana,Hyderabad,"ECIL Kapra, Hyderabad - TSPCB","09-04-2026 11:00:00",17.470431,78.566959,PM10,73,105,88
India,Uttar_Pradesh,Ghaziabad,"Ved Vihar-Loni, Ghaziabad - UPPCB","09-04-2026 11:00:00","28.739153 ","77.273668 ",OZONE,1,24,4
India,Uttar_Pradesh,Gorakhpur,"Madan Mohan Malaviya University of Technology, Gorakhpur - UPPCB","09-04-2026 11:00:00",26.730136,83.433859,CO,2,4,3
India,Uttar_Pradesh,"Greater Noida","Knowledge Park - III, Greater Noida - UPPCB","09-04-2026 11:00:00",28.47272,77.482000,NH3,6,11,9
India,Uttar_Pradesh,"Greater Noida","Knowledge Park - III, Greater Noida - UPPCB","09-04-2026 11:00:00",28.47272,77.482000,CO,30,56,35
India,Uttar_Pradesh,"Greater Noida","Knowledge Park - III, Greater Noida - UPPCB","09-04-2026 11:00:00",28.47272,77.482000,OZONE,15,128,31
India,Uttar_Pradesh,"Greater Noida","Knowledge Park - V, Greater Noida - UPPCB","09-04-2026 11:00:00",28.557054,77.453663,PM10,85,374,165
India,Uttar_Pradesh,"Greater Noida","Knowledge Park - V, Greater Noida - UPPCB","09-04-2026 11:00:00",28.557054,77.453663,NH3,8,12,9
India,Uttar_Pradesh,"Greater Noida","Knowledge Park - V, Greater Noida - UPPCB","09-04-2026 11:00:00",28.557054,77.453663,SO2,7,48,15
India,Uttar_Pradesh,Ghaziabad,"Indirapuram, Ghaziabad - UPPCB","09-04-2026 11:00:00",28.646233,77.358075,NO2,24,53,33
India,Uttar_Pradesh,Ghaziabad,"Indirapuram, Ghaziabad - UPPCB","09-04-2026 11:00:00",28.646233,77.358075,OZONE,21,74,31
India,Uttar_Pradesh,Ghaziabad,"Loni, Ghaziabad - UPPCB","09-04-2026 11:00:00",28.757294,77.278792,PM2.5,58,309,165
India,Uttar_Pradesh,Ghaziabad,"Loni, Ghaziabad - UPPCB","09-04-2026 11:00:00",28.757294,77.278792,PM10,101,220,144
India,Uttar_Pradesh,Ghaziabad,"Sanjay Nagar, Ghaziabad - UPPCB","09-04-2026 11:00:00",28.685382,77.453839,PM2.5,30,169,67
India,Uttar_Pradesh,Ghaziabad,"Sanjay Nagar, Ghaziabad - UPPCB","09-04-2026 11:00:00",28.685382,77.453839,PM10,43,131,87
India,Uttar_Pradesh,Agra,"Sector-3B Avas Vikas Colony, Agra - UPPCB","09-04-2026 11:00:00",27.19412,77.96237,NH3,7,8,7
India,Uttar_Pradesh,Agra,"Shahjahan Garden, Agra - UPPCB","09-04-2026 11:00:00",27.169338,78.03582,NO2,20,24,22
India,Uttar_Pradesh,Agra,"Shahjahan Garden, Agra - UPPCB","09-04-2026 11:00:00",27.169338,78.03582,NH3,3,3,3
India,Uttar_Pradesh,Agra,"Shahjahan Garden, Agra - UPPCB","09-04-2026 11:00:00",27.169338,78.03582,OZONE,NA,NA,NA
India,Uttar_Pradesh,Agra,"Shastripuram, Agra - UPPCB","09-04-2026 11:00:00",27.19862,77.92066,NH3,3,3,3
India,Uttar_Pradesh,Bareilly,"Civil Lines, Bareilly - UPPCB","09-04-2026 11:00:00",28.359581,79.414455,PM10,20,37,30
India,Uttar_Pradesh,Bareilly,"Civil Lines, Bareilly - UPPCB","09-04-2026 11:00:00",28.359581,79.414455,NH3,1,2,1
India,Uttar_Pradesh,Bareilly,"Rajendra Nagar, Bareilly - UPPCB","09-04-2026 11:00:00",28.38910936,79.42963708,NO2,9,10,9
India,Uttar_Pradesh,Bareilly,"Rajendra Nagar, Bareilly - UPPCB","09-04-2026 11:00:00",28.38910936,79.42963708,NH3,1,1,1
India,Uttar_Pradesh,Bareilly,"Rajendra Nagar, Bareilly - UPPCB","09-04-2026 11:00:00",28.38910936,79.42963708,CO,18,36,22
India,Uttar_Pradesh,Bulandshahr,"Yamunapuram, Bulandshahr - UPPCB","09-04-2026 11:00:00",28.406963,77.849831,NH3,6,9,8
India,Uttar_Pradesh,Bulandshahr,"Yamunapuram, Bulandshahr - UPPCB","09-04-2026 11:00:00",28.406963,77.849831,SO2,3,11,6
India,Uttar_Pradesh,Ghaziabad,"Indirapuram, Ghaziabad - UPPCB","09-04-2026 11:00:00",28.646233,77.358075,PM2.5,40,154,71
India,Uttar_Pradesh,Ghaziabad,"Vasundhara, Ghaziabad - UPPCB","09-04-2026 11:00:00",28.6603346,77.3572563,CO,28,82,43
India,Uttar_Pradesh,Hapur,"Anand Vihar, Hapur - UPPCB","09-04-2026 11:00:00",28.725645,77.749675,NH3,8,17,11
India,Uttar_Pradesh,Hapur,"Anand Vihar, Hapur - UPPCB","09-04-2026 11:00:00",28.725645,77.749675,OZONE,13,37,20
India,Uttar_Pradesh,Jhansi,"Shivaji Nagar, Jhansi - UPPCB","09-04-2026 11:00:00",25.4547,78.6039,PM10,26,79,45
India,Uttar_Pradesh,Jhansi,"Shivaji Nagar, Jhansi - UPPCB","09-04-2026 11:00:00",25.4547,78.6039,NO2,6,6,6
India,Uttar_Pradesh,Jhansi,"Shivaji Nagar, Jhansi - UPPCB","09-04-2026 11:00:00",25.4547,78.6039,SO2,9,16,12
India,Uttar_Pradesh,Kanpur,"FTI Kidwai Nagar, Kanpur - UPPCB","09-04-2026 11:00:00",26.428282,80.327067,PM10,NA,NA,NA
India,Uttar_Pradesh,Kanpur,"FTI Kidwai Nagar, Kanpur - UPPCB","09-04-2026 11:00:00",26.428282,80.327067,NH3,3,3,3
India,Uttar_Pradesh,Khurja,"Kalindi Kunj, Khurja - UPPCB","09-04-2026 11:00:00",28.2348927,77.8683002,PM2.5,1,23,9
India,Uttar_Pradesh,Khurja,"Kalindi Kunj, Khurja - UPPCB","09-04-2026 11:00:00",28.2348927,77.8683002,OZONE,10,26,10
India,Uttar_Pradesh,Lucknow,"B R Ambedkar University, Lucknow - UPPCB","09-04-2026 11:00:00",26.766433,80.927299,PM2.5,NA,NA,NA
India,Uttar_Pradesh,Lucknow,"Gomti Nagar, Lucknow - UPPCB","09-04-2026 11:00:00",26.868120,81.005119,CO,32,38,34
India,Uttar_Pradesh,Lucknow,"Kendriya Vidyalaya, Lucknow - CPCB","09-04-2026 11:00:00",26.906111,80.948222,PM2.5,39,71,56
India,Uttar_Pradesh,Lucknow,"Kendriya Vidyalaya, Lucknow - CPCB","09-04-2026 11:00:00",26.906111,80.948222,CO,8,80,32
India,Uttar_Pradesh,Lucknow,"Kukrail Picnic Spot-1, Lucknow - UPPCB","09-04-2026 11:00:00",26.90723,80.98579,PM2.5,28,55,41
India,Uttar_Pradesh,Lucknow,"Kukrail Picnic Spot-1, Lucknow - UPPCB","09-04-2026 11:00:00",26.90723,80.98579,NO2,31,33,32
India,Uttar_Pradesh,Lucknow,"Kukrail Picnic Spot-1, Lucknow - UPPCB","09-04-2026 11:00:00",26.90723,80.98579,SO2,20,23,21
India,Uttar_Pradesh,Kanpur,"NSI Kalyanpur, Kanpur - UPPCB","09-04-2026 11:00:00",26.509954,80.249612,NO2,28,29,28
India,Uttar_Pradesh,Kanpur,"Nehru Nagar, Kanpur - UPPCB","09-04-2026 11:00:00",26.4703136,80.3229863,PM2.5,17,93,54
India,Uttar_Pradesh,Khora,"Prashant Garden, Khora - UPPCB","09-04-2026 11:00:00",28.61119,77.34206,NO2,89,100,95
India,Uttar_Pradesh,Khora,"Prashant Garden, Khora - UPPCB","09-04-2026 11:00:00",28.61119,77.34206,SO2,8,24,11
India,Uttar_Pradesh,Meerut,"Ganga Nagar, Meerut - UPPCB","09-04-2026 11:00:00",28.999264,77.7590354,CO,32,50,34
India,Uttar_Pradesh,Meerut,"Ganga Nagar, Meerut - UPPCB","09-04-2026 11:00:00",28.999264,77.7590354,OZONE,4,32,8
India,Uttar_Pradesh,Moradabad,"Buddhi Vihar, Moradabad - UPPCB","09-04-2026 11:00:00",28.83526,78.74460,NO2,28,29,29
India,Uttar_Pradesh,Moradabad,"Buddhi Vihar, Moradabad - UPPCB","09-04-2026 11:00:00",28.83526,78.74460,OZONE,11,72,13
India,Uttar_Pradesh,Modinagar,"SRM University, Modinagar - UPPCB","09-04-2026 11:00:00","28.798171 ","77.540243 ",NO2,16,43,25
India,Uttar_Pradesh,Meerut,"Pallavpuram Phase 2, Meerut - UPPCB","09-04-2026 11:00:00",29.063510,77.709723,NO2,15,39,25
India,Uttar_Pradesh,Meerut,"Pallavpuram Phase 2, Meerut - UPPCB","09-04-2026 11:00:00",29.063510,77.709723,NH3,2,12,8
India,Uttar_Pradesh,Vrindavan,"Omex Eternity, Vrindavan - UPPCB","09-04-2026 11:00:00",27.5714090,77.6557570,NO2,27,27,27
India,Uttar_Pradesh,Vrindavan,"Omex Eternity, Vrindavan - UPPCB","09-04-2026 11:00:00",27.5714090,77.6557570,SO2,18,30,21
India,Uttarakhand,Dehradun,"Doon University, Dehradun - UKPCB","09-04-2026 11:00:00",30.269444,78.044167,NO2,1,2,1
India,Uttarakhand,Kashipur,"Govt. Girls Inter College, Kashipur - UKPCB","09-04-2026 11:00:00",29.2124114,78.9611753,PM10,NA,NA,NA
India,Uttarakhand,Kashipur,"Govt. Girls Inter College, Kashipur - UKPCB","09-04-2026 11:00:00",29.2124114,78.9611753,NH3,NA,NA,NA
India,Uttarakhand,Kashipur,"Govt. Girls Inter College, Kashipur - UKPCB","09-04-2026 11:00:00",29.2124114,78.9611753,SO2,NA,NA,NA
India,Uttar_Pradesh,Moradabad,"Employment Office, Moradabad - UPPCB","09-04-2026 11:00:00",28.88528,78.73880,PM10,NA,NA,NA
India,Uttar_Pradesh,Moradabad,"Employment Office, Moradabad - UPPCB","09-04-2026 11:00:00",28.88528,78.73880,NO2,NA,NA,NA
India,Uttar_Pradesh,Moradabad,"Jigar Colony, Moradabad - UPPCB","09-04-2026 11:00:00",28.856664,78.772638,PM2.5,9,53,24
India,Uttar_Pradesh,Moradabad,"Jigar Colony, Moradabad - UPPCB","09-04-2026 11:00:00",28.856664,78.772638,OZONE,17,19,17
India,Uttar_Pradesh,Moradabad,"Transport Nagar, Moradabad - UPPCB","09-04-2026 11:00:00",28.802625,78.753728,SO2,NA,NA,NA
India,Uttar_Pradesh,Muzaffarnagar,"New Mandi, Muzaffarnagar - UPPCB","09-04-2026 11:00:00",29.4723508,77.7194031,NO2,16,68,36
India,Uttar_Pradesh,Muzaffarnagar,"New Mandi, Muzaffarnagar - UPPCB","09-04-2026 11:00:00",29.4723508,77.7194031,SO2,8,67,22
India,Uttar_Pradesh,Noida,"Sector - 125, Noida - UPPCB","09-04-2026 11:00:00",28.5447608,77.3231257,NO2,14,55,29
India,Uttar_Pradesh,Noida,"Sector - 125, Noida - UPPCB","09-04-2026 11:00:00",28.5447608,77.3231257,SO2,NA,NA,NA
India,Uttar_Pradesh,Prayagraj,"Motilal Nehru NIT, Prayagraj - UPPCB","09-04-2026 11:00:00",25.494,81.863,SO2,40,57,54
India,Uttar_Pradesh,Prayagraj,"Motilal Nehru NIT, Prayagraj - UPPCB","09-04-2026 11:00:00",25.494,81.863,CO,5,16,10
India,Uttar_Pradesh,Raebareli," Indira Nagar, Raebareli - NTPC Unchahar","09-04-2026 11:00:00",26.207781,81.245571,PM2.5,NA,NA,NA
India,Uttar_Pradesh,Raebareli," Indira Nagar, Raebareli - NTPC Unchahar","09-04-2026 11:00:00",26.207781,81.245571,OZONE,27,83,49
India,Uttar_Pradesh,Varanasi,"Ardhali Bazar, Varanasi - UPPCB","09-04-2026 11:00:00",25.3505986,82.9083074,SO2,12,13,13
India,Uttar_Pradesh,Moradabad,"Eco Herbal Park, Moradabad - UPPCB","09-04-2026 11:00:00",28.840739,78.697531,PM2.5,NA,NA,NA
India,Uttar_Pradesh,Moradabad,"Eco Herbal Park, Moradabad - UPPCB","09-04-2026 11:00:00",28.840739,78.697531,NH3,2,5,4
India,Uttar_Pradesh,Varanasi,"Maldahiya, Varanasi - UPPCB","09-04-2026 11:00:00",25.32393,82.99687,PM2.5,23,56,34
India,Uttar_Pradesh,Varanasi,"Maldahiya, Varanasi - UPPCB","09-04-2026 11:00:00",25.32393,82.99687,SO2,30,34,30
India,Uttar_Pradesh,Noida,"Sector-1, Noida - UPPCB","09-04-2026 11:00:00",28.5898,77.3101,SO2,9,53,19
India,Uttar_Pradesh,Noida,"Sector-1, Noida - UPPCB","09-04-2026 11:00:00",28.5898,77.3101,CO,25,46,35
India,Uttar_Pradesh,Varanasi,"IESD Banaras Hindu University, Varanasi - UPPCB","09-04-2026 11:00:00",25.262326,82.995408,NH3,NA,NA,NA
India,West_Bengal,Asansol,"Asansol Court Area, Asansol - WBPCB","09-04-2026 11:00:00",23.685297,86.945968,OZONE,11,41,17
India,West_Bengal,Asansol,"Evelyn Lodge, Asansol - WBPCB","09-04-2026 11:00:00",23.6979360,86.9443950,SO2,4,69,54
India,West_Bengal,Asansol,"Mahabir Colliery, Asansol - WBPCB","09-04-2026 11:00:00",23.6181830,87.1057180,PM2.5,12,63,40
India,West_Bengal,Asansol,"Trivenidevi Bhalotia College, Asansol - WBPCB","09-04-2026 11:00:00",23.616515,87.119133,PM2.5,NA,NA,NA
India,West_Bengal,Barrackpore,"SVSPA Campus, Barrackpore - WBPCB","09-04-2026 11:00:00",22.7605581,88.3617589,CO,21,34,27
India,West_Bengal,Barrackpore,"SVSPA Campus, Barrackpore - WBPCB","09-04-2026 11:00:00",22.7605581,88.3617589,OZONE,4,35,10
India,West_Bengal,Durgapur,"Mahishkapur Road_B-Zone, Durgapur - WBPCB","09-04-2026 11:00:00",23.567923,87.306843,PM2.5,NA,NA,NA
India,West_Bengal,Durgapur,"Mahishkapur Road_B-Zone, Durgapur - WBPCB","09-04-2026 11:00:00",23.567923,87.306843,PM10,NA,NA,NA
India,West_Bengal,Durgapur,"Mahishkapur Road_B-Zone, Durgapur - WBPCB","09-04-2026 11:00:00",23.567923,87.306843,OZONE,NA,NA,NA
India,West_Bengal,Howrah,"Dasnagar, Howrah - WBPCB","09-04-2026 11:00:00",22.6025571,88.3105664,CO,13,54,30
India,West_Bengal,Howrah,"Ghusuri, Howrah - WBPCB","09-04-2026 11:00:00",22.611968,88.347422,NO2,11,42,25
India,West_Bengal,Durgapur,"PCBL Residential Complex, Durgapur - WBPCB","09-04-2026 11:00:00",23.5087640,87.3544400,NO2,25,55,38
India,West_Bengal,Durgapur,"PCBL Residential Complex, Durgapur - WBPCB","09-04-2026 11:00:00",23.5087640,87.3544400,NH3,5,7,6
India,West_Bengal,Durgapur,"Womens College_City Center, Durgapur - WBPCB","09-04-2026 11:00:00",23.549395,87.300496,PM2.5,26,88,50
India,West_Bengal,Durgapur,"Womens College_City Center, Durgapur - WBPCB","09-04-2026 11:00:00",23.549395,87.300496,PM10,32,112,70
India,West_Bengal,Howrah,"Padmapukur, Howrah - WBPCB","09-04-2026 11:00:00",22.5687319,88.2797276,PM10,23,72,44
India,West_Bengal,Howrah,"Padmapukur, Howrah - WBPCB","09-04-2026 11:00:00",22.5687319,88.2797276,NH3,4,4,4
India,West_Bengal,Howrah,"Botanical Garden, Howrah - WBPCB","09-04-2026 11:00:00",22.554954,88.292568,NH3,NA,NA,NA
India,West_Bengal,Howrah,"Botanical Garden, Howrah - WBPCB","09-04-2026 11:00:00",22.554954,88.292568,SO2,2,45,11
India,West_Bengal,Howrah,"Botanical Garden, Howrah - WBPCB","09-04-2026 11:00:00",22.554954,88.292568,NO2,NA,NA,NA
India,West_Bengal,Howrah,"Dasnagar, Howrah - WBPCB","09-04-2026 11:00:00",22.6025571,88.3105664,PM2.5,4,111,43
India,West_Bengal,Kolkata,"Ballygunge, Kolkata - WBPCB","09-04-2026 11:00:00",22.5367507,88.3638022,PM10,14,68,35
India,West_Bengal,Kolkata,"Bidhannagar, Kolkata - WBPCB","09-04-2026 11:00:00",22.58157048,88.41002457,PM2.5,11,39,21
India,West_Bengal,Kolkata,"Bidhannagar, Kolkata - WBPCB","09-04-2026 11:00:00",22.58157048,88.41002457,SO2,5,31,12
India,West_Bengal,Kolkata,"Bidhannagar, Kolkata - WBPCB","09-04-2026 11:00:00",22.58157048,88.41002457,CO,16,34,22
India,West_Bengal,Kolkata,"Fort William, Kolkata - WBPCB","09-04-2026 11:00:00",22.556640,88.342674,OZONE,5,37,10
India,West_Bengal,Kolkata,"Jadavpur, Kolkata - WBPCB","09-04-2026 11:00:00",22.49929,88.36917,OZONE,5,58,7
India,West_Bengal,Kolkata,"Rabindra Bharati University, Kolkata - WBPCB","09-04-2026 11:00:00",22.627847,88.380669,OZONE,19,62,27
India,West_Bengal,Kolkata,"Rabindra Sarobar, Kolkata - WBPCB","09-04-2026 11:00:00",22.51106,88.35142,NO2,7,72,41
India,West_Bengal,Kolkata,"Rabindra Sarobar, Kolkata - WBPCB","09-04-2026 11:00:00",22.51106,88.35142,SO2,2,48,8
India,West_Bengal,Kolkata,"Victoria, Kolkata - WBPCB","09-04-2026 11:00:00",22.5448082,88.3403691,PM2.5,25,57,34
India,West_Bengal,Siliguri,"Ward-32 Bapupara, Siliguri - WBPCB","09-04-2026 11:00:00",26.6879226,88.4152495,NO2,49,127,79
India,West_Bengal,Siliguri,"Ward-32 Bapupara, Siliguri - WBPCB","09-04-2026 11:00:00",26.6879226,88.4152495,NH3,8,12,10
India,"Andaman and Nicobar","Sri Vijaya Puram","Police Line, Sri Vijaya Puram - ANPCC","09-04-2026 11:00:00",11.654054,92.734055,PM2.5,NA,NA,NA
India,"Andaman and Nicobar","Sri Vijaya Puram","Police Line, Sri Vijaya Puram - ANPCC","09-04-2026 11:00:00",11.654054,92.734055,PM10,NA,NA,NA
India,"Andaman and Nicobar","Sri Vijaya Puram","Police Line, Sri Vijaya Puram - ANPCC","09-04-2026 11:00:00",11.654054,92.734055,OZONE,NA,NA,NA
India,Andhra_Pradesh,Guntur,"Rajendra Nagar North, Guntur - APPCB","09-04-2026 11:00:00",16.316553,80.413302,NH3,4,6,5
India,Andhra_Pradesh,Guntur,"Rajendra Nagar North, Guntur - APPCB","09-04-2026 11:00:00",16.316553,80.413302,OZONE,27,49,27
India,Andhra_Pradesh,Eluru,"District Court, Eluru - APPCB","09-04-2026 11:00:00",16.711754,81.092095,CO,14,32,18
India,Andhra_Pradesh,Eluru,"District Court, Eluru - APPCB","09-04-2026 11:00:00",16.711754,81.092095,OZONE,4,17,9
India,Andhra_Pradesh,Chittoor,"Gangineni Cheruvu, Chittoor - APPCB","09-04-2026 11:00:00",13.204880,79.097889,PM2.5,37,75,48
India,Andhra_Pradesh,Chittoor,"Gangineni Cheruvu, Chittoor - APPCB","09-04-2026 11:00:00",13.204880,79.097889,NO2,25,38,28
India,Andhra_Pradesh,Anantapur,"Gulzarpet, Anantapur - APPCB","09-04-2026 11:00:00",14.675886,77.593027,NH3,NA,NA,NA
India,Andhra_Pradesh,Anantapur,"Gulzarpet, Anantapur - APPCB","09-04-2026 11:00:00",14.675886,77.593027,SO2,NA,NA,NA
India,Andhra_Pradesh,Machilipatnam,"Srinivas Nagar Colony, Machilipatnam - APPCB","09-04-2026 11:00:00",16.186555,81.13219,PM2.5,56,365,96
India,Andhra_Pradesh,Amaravati,"Secretariat, Amaravati - APPCB","09-04-2026 11:00:00",16.5150833,80.5181667,OZONE,21,88,32
India,Andhra_Pradesh,Nellore,"Ambedkar Nagar, Nellore - APPCB ","09-04-2026 11:00:00","14.438164 ","79.966814 ",PM2.5,37,97,58
India,Andhra_Pradesh,Chittoor,"Gangineni Cheruvu, Chittoor - APPCB","09-04-2026 11:00:00",13.204880,79.097889,CO,6,23,7
India,Andhra_Pradesh,Eluru,"District Court, Eluru - APPCB","09-04-2026 11:00:00",16.711754,81.092095,PM10,35,73,54
India,Andhra_Pradesh,Visakhapatnam,"GVM Corporation, Visakhapatnam - APPCB","09-04-2026 11:00:00",17.72,83.3,CO,4,86,25
India,Arunachal_Pradesh,Naharlagun,"Naharlagun, Naharlagun - APSPCB","09-04-2026 11:00:00",27.103358,93.679645,NO2,NA,NA,NA
India,Arunachal_Pradesh,Naharlagun,"Naharlagun, Naharlagun - APSPCB","09-04-2026 11:00:00",27.103358,93.679645,SO2,NA,NA,NA
India,Andhra_Pradesh,Tirumala,"Toll Gate, Tirumala - APPCB","09-04-2026 11:00:00",13.67,79.35,OZONE,21,77,30
India,Andhra_Pradesh,Tirupati,"Vaikuntapuram, Tirupati - APPCB","09-04-2026 11:00:00",13.615387,79.409230,PM10,NA,NA,NA
India,Andhra_Pradesh,Rajamahendravaram,"Anand Kala Kshetram, Rajamahendravaram - APPCB","09-04-2026 11:00:00",16.9872867,81.7363176,NH3,2,4,3
India,Andhra_Pradesh,Rajamahendravaram,"Anand Kala Kshetram, Rajamahendravaram - APPCB","09-04-2026 11:00:00",16.9872867,81.7363176,CO,22,38,28
India,Andhra_Pradesh,Nellore,"Ambedkar Nagar, Nellore - APPCB ","09-04-2026 11:00:00","14.438164 ","79.966814 ",SO2,2,13,5
India,Andhra_Pradesh,Nellore,"Ambedkar Nagar, Nellore - APPCB ","09-04-2026 11:00:00","14.438164 ","79.966814 ",CO,4,21,12
India,Andhra_Pradesh,Vijayawada,"Rajiv Gandhi Park, Vijayawada - APPCB","09-04-2026 11:00:00",16.509717,80.612222,PM2.5,44,87,64
India,Andhra_Pradesh,Vijayawada,"HB Colony, Vijayawada - APPCB","09-04-2026 11:00:00",16.536107,80.594233,NO2,18,30,23
India,Andhra_Pradesh,Visakhapatnam,"GVM Corporation, Visakhapatnam - APPCB","09-04-2026 11:00:00",17.72,83.3,NH3,3,4,3
India,Andhra_Pradesh,Tirupati,"Vaikuntapuram, Tirupati - APPCB","09-04-2026 11:00:00",13.615387,79.409230,NH3,5,6,5
India,Assam,Guwahati,"LGBI Airport, Guwahati - PCBA","09-04-2026 11:00:00",26.10887,91.589544,PM10,24,48,40
India,Assam,Guwahati,"LGBI Airport, Guwahati - PCBA","09-04-2026 11:00:00",26.10887,91.589544,CO,16,60,36
India,Assam,Guwahati,"LGBI Airport, Guwahati - PCBA","09-04-2026 11:00:00",26.10887,91.589544,OZONE,13,14,14
India,Assam,Guwahati,"Pan Bazaar, Guwahati - PCBA","09-04-2026 11:00:00",26.187500,91.744194,OZONE,12,26,13
India,Assam,Guwahati,"Railway Colony, Guwahati - PCBA","09-04-2026 11:00:00",26.181742,91.78063,PM10,18,89,37
India,Assam,Guwahati,"Railway Colony, Guwahati - PCBA","09-04-2026 11:00:00",26.181742,91.78063,OZONE,1,7,1
India,Assam,Nagaon,"Christianpatty, Nagaon - PCBA","09-04-2026 11:00:00",26.349082,92.68449,PM2.5,11,44,26
India,Bihar,Bhagalpur,"DM Office_Kachari Chowk, Bhagalpur - BSPCB","09-04-2026 11:00:00",25.251013,86.989001,PM2.5,17,77,39
India,Bihar,Bhagalpur,"Mayaganj, Bhagalpur - BSPCB","09-04-2026 11:00:00",25.265194,87.012947,NO2,7,12,8
India,Bihar,Bhagalpur,"Mayaganj, Bhagalpur - BSPCB","09-04-2026 11:00:00",25.265194,87.012947,OZONE,6,33,8
India,Bihar,"Bihar Sharif","D M Colony, Bihar Sharif - BSPCB","09-04-2026 11:00:00",25.204762,85.514960,PM2.5,18,52,36
India,Bihar,"Bihar Sharif","D M Colony, Bihar Sharif - BSPCB","09-04-2026 11:00:00",25.204762,85.514960,NO2,9,10,9
India,Assam,Nagaon,"Christianpatty, Nagaon - PCBA","09-04-2026 11:00:00",26.349082,92.68449,NH3,4,4,4
India,Assam,Nagaon,"Christianpatty, Nagaon - PCBA","09-04-2026 11:00:00",26.349082,92.68449,SO2,9,15,12
India,Assam,Nagaon,"Christianpatty, Nagaon - PCBA","09-04-2026 11:00:00",26.349082,92.68449,CO,13,26,22
India,Assam,Nalbari,"Bata Chowk, Nalbari - PCBA","09-04-2026 11:00:00",26.446912,91.439057,NO2,14,15,14
India,Assam,Silchar,"Tarapur, Silchar - PCBA","09-04-2026 11:00:00",24.82827,92.79525,PM2.5,27,61,41
India,Bihar,Arrah,"New DM Office, Arrah - BSPCB","09-04-2026 11:00:00",25.5626095,84.663264,SO2,4,6,5
India,Bihar,Arrah,"New DM Office, Arrah - BSPCB","09-04-2026 11:00:00",25.5626095,84.663264,OZONE,6,54,14
India,Bihar,Aurangabad,"Gurdeo Nagar, Aurangabad - BSPCB","09-04-2026 11:00:00",24.75746,84.366208,NH3,1,2,1
India,Bihar,Begusarai,"Lohiyanagar, Begusarai - BSPCB","09-04-2026 11:00:00",25.42742023,86.13886079,PM10,NA,NA,NA
India,Bihar,Buxar,"Charitra Van, Buxar - BSPCB","09-04-2026 11:00:00",25.567520,83.966379,SO2,23,37,33
India,Bihar,Chhapra,"Darshan Nagar, Chhapra - BSPCB","09-04-2026 11:00:00",25.7808257,84.7446768,PM10,65,107,81
India,Bihar,Chhapra,"Darshan Nagar, Chhapra - BSPCB","09-04-2026 11:00:00",25.7808257,84.7446768,NH3,6,12,8
India,Bihar,Chhapra,"Darshan Nagar, Chhapra - BSPCB","09-04-2026 11:00:00",25.7808257,84.7446768,SO2,20,22,21
India,Assam,Sivasagar,"Girls College, Sivasagar - PCBA","09-04-2026 11:00:00",26.987634,94.636574,PM2.5,13,28,19
India,Assam,Sivasagar,"Girls College, Sivasagar - PCBA","09-04-2026 11:00:00",26.987634,94.636574,PM10,20,37,26
India,Assam,Sivasagar,"Girls College, Sivasagar - PCBA","09-04-2026 11:00:00",26.987634,94.636574,NH3,5,7,6
India,Bihar,Bettiah,"Kamalnath Nagar, Bettiah - BSPCB","09-04-2026 11:00:00",26.80365,84.51954,PM2.5,2,33,10
India,Bihar,Bettiah,"Kamalnath Nagar, Bettiah - BSPCB","09-04-2026 11:00:00",26.80365,84.51954,PM10,3,39,12
India,Bihar,Bettiah,"Kamalnath Nagar, Bettiah - BSPCB","09-04-2026 11:00:00",26.80365,84.51954,NO2,6,9,8
India,Bihar,"Bihar Sharif","D M Colony, Bihar Sharif - BSPCB","09-04-2026 11:00:00",25.204762,85.514960,SO2,10,10,10
India,Bihar,"Bihar Sharif","D M Colony, Bihar Sharif - BSPCB","09-04-2026 11:00:00",25.204762,85.514960,OZONE,1,2,2
India,Bihar,Araria,"Kharahiya Basti, Araria - BSPCB","09-04-2026 11:00:00",26.146529,87.454184,PM2.5,17,140,72
India,Bihar,Araria,"Kharahiya Basti, Araria - BSPCB","09-04-2026 11:00:00",26.146529,87.454184,NO2,1,8,2
India,Bihar,Katihar,"Mirchaibari, Katihar - BSPCB","09-04-2026 11:00:00",25.560083,87.553265,SO2,16,21,19
India,Bihar,Katihar,"Mirchaibari, Katihar - BSPCB","09-04-2026 11:00:00",25.560083,87.553265,CO,66,87,74
India,Bihar,Kishanganj,"SDM Office_Khagra, Kishanganj - BSPCB","09-04-2026 11:00:00",26.0881305,87.93840336,SO2,6,8,7
India,Bihar,Manguraha,"Forest Rest House, Manguraha - BSPCB","09-04-2026 11:00:00",27.308328,84.531742,PM10,NA,NA,NA
India,Bihar,Muzaffarpur,"Buddha Colony, Muzaffarpur - BSPCB","09-04-2026 11:00:00",26.11442,85.39813,OZONE,19,128,67
India,Bihar,Muzaffarpur,"MIT-Daudpur Kothi, Muzaffarpur - BSPCB","09-04-2026 11:00:00",26.1403345,85.3650192,PM10,46,73,52
India,Bihar,Muzaffarpur,"MIT-Daudpur Kothi, Muzaffarpur - BSPCB","09-04-2026 11:00:00",26.1403345,85.3650192,NH3,1,1,1
India,Bihar,Munger,"Town Hall, Munger - BSPCB","09-04-2026 11:00:00",25.376776,86.471523,SO2,NA,NA,NA
India,Bihar,Muzaffarpur,"Buddha Colony, Muzaffarpur - BSPCB","09-04-2026 11:00:00",26.11442,85.39813,PM10,54,161,121
India,Bihar,Muzaffarpur,"Buddha Colony, Muzaffarpur - BSPCB","09-04-2026 11:00:00",26.11442,85.39813,SO2,2,9,6
India,Bihar,Muzaffarpur,"Muzaffarpur Collectorate, Muzaffarpur - BSPCB","09-04-2026 11:00:00",26.1209,85.3647,PM2.5,55,85,67
India,Bihar,Muzaffarpur,"Muzaffarpur Collectorate, Muzaffarpur - BSPCB","09-04-2026 11:00:00",26.1209,85.3647,CO,8,46,26
India,Bihar,Muzaffarpur,"Muzaffarpur Collectorate, Muzaffarpur - BSPCB","09-04-2026 11:00:00",26.1209,85.3647,OZONE,2,10,3
India,Bihar,Gaya,"SFTI Kusdihra, Gaya - BSPCB","09-04-2026 11:00:00",24.762518,84.982348,CO,8,32,23
India,Bihar,Hajipur,"Industrial Area, Hajipur - BSPCB","09-04-2026 11:00:00",25.697189,85.245900,NH3,13,17,16
India,Bihar,Patna,"DRM Office Danapur, Patna - BSPCB","09-04-2026 11:00:00",25.586562,85.043586,NO2,33,40,37
India,Bihar,Patna,"DRM Office Danapur, Patna - BSPCB","09-04-2026 11:00:00",25.586562,85.043586,CO,34,61,46
India,Bihar,Patna,"DRM Office Danapur, Patna - BSPCB","09-04-2026 11:00:00",25.586562,85.043586,PM2.5,50,101,68
India,Bihar,Manguraha,"Forest Rest House, Manguraha - BSPCB","09-04-2026 11:00:00",27.308328,84.531742,OZONE,NA,NA,NA
India,Bihar,Gaya,"Kareemganj, Gaya - BSPCB","09-04-2026 11:00:00",24.792403,84.992416,PM2.5,28,293,131
India,Bihar,Sasaram,"Dada Peer, Sasaram - BSPCB","09-04-2026 11:00:00",24.952822,84.002396,NO2,1,13,4
India,Bihar,Sasaram,"Dada Peer, Sasaram - BSPCB","09-04-2026 11:00:00",24.952822,84.002396,SO2,3,5,4
India,Bihar,Sasaram,"Dada Peer, Sasaram - BSPCB","09-04-2026 11:00:00",24.952822,84.002396,CO,36,117,78
India,Bihar,Siwan,"Chitragupta Nagar, Siwan - BSPCB","09-04-2026 11:00:00",26.2271665,84.3570427,PM2.5,12,75,28
India,Bihar,Siwan,"Chitragupta Nagar, Siwan - BSPCB","09-04-2026 11:00:00",26.2271665,84.3570427,NO2,2,2,2
India,Chandigarh,Chandigarh,"Sector-53, Chandigarh - CPCC","09-04-2026 11:00:00",30.719859,76.738637,NH3,13,14,13
India,Chhattisgarh,Bhilai,"32Bungalows, Bhilai - CECB","09-04-2026 11:00:00",21.194815,81.314770,NH3,1,2,1
India,Chhattisgarh,Bhilai,"32Bungalows, Bhilai - CECB","09-04-2026 11:00:00",21.194815,81.314770,SO2,10,95,23
India,Chhattisgarh,Bhilai,"Civic Center, Bhilai - Bhilai Steel Plant","09-04-2026 11:00:00",21.185571,81.343175,NO2,13,14,13
India,Bihar,Rajgir,"Dangi Tola, Rajgir - BSPCB","09-04-2026 11:00:00",25.03280,85.41948,PM10,26,83,50
India,Bihar,Rajgir,"Dangi Tola, Rajgir - BSPCB","09-04-2026 11:00:00",25.03280,85.41948,SO2,2,3,3
India,Bihar,Samastipur,"DM Office_Kasipur, Samastipur - BSPCB","09-04-2026 11:00:00",25.859655,85.77944,CO,1,2,1
India,Bihar,Patna,"Muradpur, Patna - BSPCB","09-04-2026 11:00:00",25.619651,85.147382,SO2,9,14,11
India,Bihar,Patna,"Muradpur, Patna - BSPCB","09-04-2026 11:00:00",25.619651,85.147382,OZONE,14,94,33
India,Bihar,Patna,"Rajbansi Nagar, Patna - BSPCB","09-04-2026 11:00:00",25.599486,85.113666,NH3,2,3,3
India,Bihar,Siwan,"Chitragupta Nagar, Siwan - BSPCB","09-04-2026 11:00:00",26.2271665,84.3570427,CO,52,90,60
India,Chandigarh,Chandigarh,"Sector 22, Chandigarh - CPCC","09-04-2026 11:00:00",30.735567,76.775714,SO2,5,15,10
India,Chandigarh,Chandigarh,"Sector-25, Chandigarh - CPCC","09-04-2026 11:00:00",30.751462,76.762879,PM10,11,23,16
India,Chandigarh,Chandigarh,"Sector-25, Chandigarh - CPCC","09-04-2026 11:00:00",30.751462,76.762879,CO,10,18,13
India,Chandigarh,Chandigarh,"Sector-53, Chandigarh - CPCC","09-04-2026 11:00:00",30.719859,76.738637,PM2.5,5,22,11
India,Bihar,Patna,"Samanpura, Patna - BSPCB","09-04-2026 11:00:00",25.596727,85.085624,NH3,2,3,3
India,Bihar,Purnia,"Mariam Nagar, Purnia - BSPCB","09-04-2026 11:00:00",25.366336,87.117468,PM10,43,54,48
India,Bihar,Patna,"IGSC Planetarium Complex, Patna - BSPCB","09-04-2026 11:00:00",25.610369,85.132568,NO2,1,2,2
India,Bihar,Patna,"IGSC Planetarium Complex, Patna - BSPCB","09-04-2026 11:00:00",25.610369,85.132568,SO2,1,26,18
India,Bihar,Patna,"Govt. High School Shikarpur, Patna - BSPCB","09-04-2026 11:00:00",25.592539,85.227158,CO,16,57,33
India,Chhattisgarh,Raipur,"Siltara Phase-II, Raipur - CECB","09-04-2026 11:00:00",21.371751,81.664929,CO,17,17,17
India,Chhattisgarh,Raipur,"Siltara Phase-II, Raipur - CECB","09-04-2026 11:00:00",21.371751,81.664929,OZONE,3,25,4
India,Chhattisgarh,Tumidih,"OP Jindal Industrial Park, Tumidih - CECB","09-04-2026 11:00:00",22.06631475,83.33820077,PM2.5,28,48,38
India,Delhi,Delhi,"Alipur, Delhi - DPCC","09-04-2026 11:00:00",28.815329,77.153010,PM2.5,33,197,85
India,Delhi,Delhi,"Alipur, Delhi - DPCC","09-04-2026 11:00:00",28.815329,77.153010,SO2,7,19,10
India,Delhi,Delhi,"Alipur, Delhi - DPCC","09-04-2026 11:00:00",28.815329,77.153010,CO,13,46,34
India,Delhi,Delhi,"Anand Vihar, Delhi - DPCC","09-04-2026 11:00:00",28.647622,77.3158090,SO2,3,42,22
India,Chhattisgarh,Bhilai,"Hathkhoj, Bhilai - CECB","09-04-2026 11:00:00",21.224231,81.408350,PM2.5,26,47,37
India,Chhattisgarh,Bhilai,"Hathkhoj, Bhilai - CECB","09-04-2026 11:00:00",21.224231,81.408350,PM10,38,82,57
India,Chhattisgarh,Bhilai,"Hathkhoj, Bhilai - CECB","09-04-2026 11:00:00",21.224231,81.408350,NO2,17,84,35
India,Chhattisgarh,Chhal,"Nawapara SECL Colony, Chhal - CECB","09-04-2026 11:00:00",22.118125,83.140608,NH3,5,5,5
India,Chhattisgarh,Korba,"Rampur, Korba - CECB","09-04-2026 11:00:00",22.368195,82.746431,SO2,NA,NA,NA
India,Chhattisgarh,Korba,"Rampur, Korba - CECB","09-04-2026 11:00:00",22.368195,82.746431,OZONE,NA,NA,NA
India,Chhattisgarh,Korba,"Urja Nagar, Korba - CECB","09-04-2026 11:00:00",22.348441,82.549611,PM2.5,1,46,9
India,Chhattisgarh,Raipur,"AIIMS, Raipur - CECB","09-04-2026 11:00:00",21.258815,81.578979,NO2,28,44,39
India,Chhattisgarh,Raipur,"Bhatagaon New ISBT, Raipur - CECB","09-04-2026 11:00:00",21.219665,81.630094,OZONE,2,5,3
India,Chhattisgarh,Raipur,"Krishak Nagar, Raipur - CECB","09-04-2026 11:00:00",21.237755,81.705301,PM2.5,37,70,51
India,Chhattisgarh,Raipur,"Krishak Nagar, Raipur - CECB","09-04-2026 11:00:00",21.237755,81.705301,NH3,2,2,2
India,Chhattisgarh,Kunjemura,"OP Jindal School, Kunjemura - CECB","09-04-2026 11:00:00",22.126650,83.483212,OZONE,10,28,15
India,Chhattisgarh,Kunjemura,"OP Jindal School, Kunjemura - CECB","09-04-2026 11:00:00",22.126650,83.483212,NO2,11,51,22
India,Chhattisgarh,Raipur,"Krishak Nagar, Raipur - CECB","09-04-2026 11:00:00",21.237755,81.705301,OZONE,1,74,4
India,Chhattisgarh,Raipur,"AIIMS, Raipur - CECB","09-04-2026 11:00:00",21.258815,81.578979,PM10,60,121,90
India,Delhi,Delhi,"Commonwealth Sports Complex, Delhi - DPCC","09-04-2026 11:00:00","28.615828 ","77.271992 ",OZONE,19,134,53
India,Delhi,Delhi,"DTU, Delhi - CPCB","09-04-2026 11:00:00",28.7500499,77.1112615,PM10,63,121,92
India,Delhi,Delhi,"DTU, Delhi - CPCB","09-04-2026 11:00:00",28.7500499,77.1112615,SO2,28,39,36
India,Delhi,Delhi,"Dr. Karni Singh Shooting Range, Delhi - DPCC","09-04-2026 11:00:00",28.498571,77.264840,CO,52,66,60
India,Delhi,Delhi,"Dwarka-Sector 8, Delhi - DPCC ","09-04-2026 11:00:00",28.5710274,77.0719006,NO2,34,90,62
India,Delhi,Delhi,"Dwarka-Sector 8, Delhi - DPCC ","09-04-2026 11:00:00",28.5710274,77.0719006,SO2,17,24,21
India,Delhi,Delhi,"Dwarka-Sector 8, Delhi - DPCC ","09-04-2026 11:00:00",28.5710274,77.0719006,OZONE,8,138,25
India,Delhi,Delhi,"IGI Airport (T3), Delhi - IMD","09-04-2026 11:00:00",28.5627763,77.1180053,PM2.5,31,68,46
India,Delhi,Delhi,"IGI Airport (T3), Delhi - IMD","09-04-2026 11:00:00",28.5627763,77.1180053,OZONE,20,93,33
India,Delhi,Delhi,"IGNOU_Maidan Garhi, Delhi - DPCC","09-04-2026 11:00:00","28.493624 ","77.201159 ",NO2,10,29,15
India,Delhi,Delhi,"IGNOU_Maidan Garhi, Delhi - DPCC","09-04-2026 11:00:00","28.493624 ","77.201159 ",OZONE,3,119,30
India,Delhi,Delhi,"IIT Delhi, Delhi - IITM","09-04-2026 11:00:00",28.542460,77.191651,PM2.5,26,74,46
India,Delhi,Delhi,"Bawana, Delhi - DPCC","09-04-2026 11:00:00",28.776200,77.051074,PM2.5,47,143,90
India,Delhi,Delhi,"Bawana, Delhi - DPCC","09-04-2026 11:00:00",28.776200,77.051074,NO2,8,36,19
India,Delhi,Delhi,"Bawana, Delhi - DPCC","09-04-2026 11:00:00",28.776200,77.051074,NH3,5,6,6
India,Delhi,Delhi,"Bawana, Delhi - DPCC","09-04-2026 11:00:00",28.776200,77.051074,CO,30,55,43
India,Delhi,Delhi,"Bawana, Delhi - DPCC","09-04-2026 11:00:00",28.776200,77.051074,OZONE,7,110,17
India,Delhi,Delhi,"Cantonment Area, Delhi - DPCC ","09-04-2026 11:00:00","28.594169 ","77.125100 ",NH3,3,8,5
India,Delhi,Delhi,"JNU, Delhi - DPCC","09-04-2026 11:00:00","28.540721 ","77.168544 ",PM10,52,98,72
India,Delhi,Delhi,"JNU, Delhi - DPCC","09-04-2026 11:00:00","28.540721 ","77.168544 ",NO2,7,34,18
India,Delhi,Delhi,"JNU, Delhi - DPCC","09-04-2026 11:00:00","28.540721 ","77.168544 ",NH3,3,5,4
India,Delhi,Delhi,"Jahangirpuri, Delhi - DPCC","09-04-2026 11:00:00",28.732820,77.170633,CO,14,40,27
India,Delhi,Delhi,"Jawaharlal Nehru Stadium, Delhi - DPCC","09-04-2026 11:00:00",28.580280,77.233829,PM10,66,124,90
India,Delhi,Delhi,"Lodhi Road, Delhi - IMD","09-04-2026 11:00:00",28.5918245,77.2273074,CO,28,38,34
India,Delhi,Delhi,"Mandir Marg, Delhi - DPCC","09-04-2026 11:00:00",28.636429,77.201067,NO2,32,72,46
India,Delhi,Delhi,"Mandir Marg, Delhi - DPCC","09-04-2026 11:00:00",28.636429,77.201067,CO,32,59,50
India,Delhi,Delhi,"Mundka, Delhi - DPCC","09-04-2026 11:00:00",28.684678,77.076574,NO2,68,96,80
India,Delhi,Delhi,"North Campus, DU, Delhi - IMD","09-04-2026 11:00:00",28.6573814,77.1585447,CO,28,70,42
India,Delhi,Delhi,"Okhla Phase-2, Delhi - DPCC","09-04-2026 11:00:00",28.530785,77.271255,NH3,7,14,10
India,Delhi,Delhi,"Okhla Phase-2, Delhi - DPCC","09-04-2026 11:00:00",28.530785,77.271255,CO,28,48,44
India,Delhi,Delhi,"Jawaharlal Nehru Stadium, Delhi - DPCC","09-04-2026 11:00:00",28.580280,77.233829,NH3,10,11,10
India,Delhi,Delhi,"NSUT Jaffarpur, Delhi - DPCC","09-04-2026 11:00:00","28.594004 ","76.909423 ",PM2.5,29,126,69
India,Delhi,Delhi,"Narela, Delhi - DPCC","09-04-2026 11:00:00",28.822836,77.101981,SO2,5,23,10
India,Delhi,Delhi,"Sonia Vihar, Delhi - DPCC","09-04-2026 11:00:00",28.710508,77.249485,PM10,52,172,83
India,Delhi,Delhi,"Sonia Vihar, Delhi - DPCC","09-04-2026 11:00:00",28.710508,77.249485,NH3,6,8,7
India,Delhi,Delhi,"Sonia Vihar, Delhi - DPCC","09-04-2026 11:00:00",28.710508,77.249485,CO,20,90,65
India,Delhi,Delhi,"Sri Aurobindo Marg, Delhi - DPCC","09-04-2026 11:00:00",28.531346,77.190156,PM2.5,47,78,60
India,Delhi,Delhi,"Sri Aurobindo Marg, Delhi - DPCC","09-04-2026 11:00:00",28.531346,77.190156,NH3,4,6,5
India,Gujarat,Ahmedabad,"Chandkheda, Ahmedabad - IITM","09-04-2026 11:00:00",23.107969,72.574648,CO,36,72,51
India,Gujarat,Ahmedabad,"Maninagar, Ahmedabad - GPCB","09-04-2026 11:00:00",23.002657,72.591912,PM10,72,114,92
India,Gujarat,Ahmedabad,"Maninagar, Ahmedabad - GPCB","09-04-2026 11:00:00",23.002657,72.591912,NO2,80,86,81
India,Gujarat,Ahmedabad,"Raikhad, Ahmedabad - IITM","09-04-2026 11:00:00",23.020509,72.579261,PM2.5,30,99,68
India,Delhi,Delhi,"Vivek Vihar, Delhi - DPCC","09-04-2026 11:00:00",28.672342,77.315260,NH3,6,8,7
India,Delhi,Delhi,"Vivek Vihar, Delhi - DPCC","09-04-2026 11:00:00",28.672342,77.315260,CO,56,79,67
India,Gujarat,Ahmedabad,"Chandkheda, Ahmedabad - IITM","09-04-2026 11:00:00",23.107969,72.574648,PM10,89,177,128
India,Delhi,Delhi,"Rohini, Delhi - DPCC","09-04-2026 11:00:00",28.732528,77.119920,NH3,7,9,8
India,Delhi,Delhi,"Shadipur, Delhi - CPCB","09-04-2026 11:00:00",28.6514781,77.1473105,NO2,30,50,41
India,Delhi,Delhi,"Shadipur, Delhi - CPCB","09-04-2026 11:00:00",28.6514781,77.1473105,SO2,14,17,15
India,Gujarat,Ahmedabad,"Rakhial, Ahmedabad - IITM","09-04-2026 11:00:00",23.016834,72.625775,CO,14,64,43
India,Gujarat,Ahmedabad,"Rakhial, Ahmedabad - IITM","09-04-2026 11:00:00",23.016834,72.625775,OZONE,1,37,10
India,Delhi,Delhi,"Punjabi Bagh, Delhi - DPCC","09-04-2026 11:00:00",28.674045,77.131023,NO2,12,52,30
India,Delhi,Delhi,"Punjabi Bagh, Delhi - DPCC","09-04-2026 11:00:00",28.674045,77.131023,OZONE,10,88,22
India,Delhi,Delhi,"R K Puram, Delhi - DPCC","09-04-2026 11:00:00",28.563262,77.186937,PM2.5,37,120,66
India,Delhi,Delhi,"R K Puram, Delhi - DPCC","09-04-2026 11:00:00",28.563262,77.186937,PM10,39,133,88
India,Delhi,Delhi,"Sirifort, Delhi - CPCB","09-04-2026 11:00:00",28.5504249,77.2159377,NH3,13,21,17
India,Delhi,Delhi,"Pusa, Delhi - DPCC","09-04-2026 11:00:00",28.639652,77.146275,NO2,30,90,52
India,Gujarat,Surat,"Katargam, Surat - Nexteng Enviro","09-04-2026 11:00:00","21.217779 ","72.834787 ",SO2,4,6,5
India,Gujarat,Surat,"Science Center, Surat - SMC","09-04-2026 11:00:00",21.170046,72.795405,NO2,15,16,15
India,Gujarat,Surat,"Science Center, Surat - SMC","09-04-2026 11:00:00",21.170046,72.795405,SO2,17,20,18
India,Gujarat,Vadodara,"Bapunagar, Vadodara - Nexteng Enviro","09-04-2026 11:00:00",22.320153,73.216285,PM10,83,129,106
India,Gujarat,Ahmedabad,"SAC ISRO Bopal, Ahmedabad - IITM","09-04-2026 11:00:00",23.041137,72.456691,NH3,3,10,6
India,Gujarat,Ahmedabad,"SAC ISRO Satellite, Ahmedabad - IITM","09-04-2026 11:00:00",23.023389,72.515201,CO,34,92,50
India,Gujarat,Ahmedabad,"SVPI Airport Hansol, Ahmedabad - IITM","09-04-2026 11:00:00",23.076793,72.627874,PM10,NA,NA,NA
India,Gujarat,Ahmedabad,"SVPI Airport Hansol, Ahmedabad - IITM","09-04-2026 11:00:00",23.076793,72.627874,NO2,NA,NA,NA
India,Gujarat,Gandhinagar,"IIPHG Lekawada, Gandhinagar - IITM","09-04-2026 11:00:00",23.243639,72.68994,PM10,67,106,86
India,Gujarat,Gandhinagar,"IIPHG Lekawada, Gandhinagar - IITM","09-04-2026 11:00:00",23.243639,72.68994,NH3,1,2,2
India,Gujarat,Gandhinagar,"IIPHG Lekawada, Gandhinagar - IITM","09-04-2026 11:00:00",23.243639,72.68994,SO2,2,6,3
India,Gujarat,Rajkot,"Mavdi, Rajkot - Nexteng Enviro ","09-04-2026 11:00:00",22.248853,70.776774,PM2.5,45,89,65
India,Gujarat,Rajkot,"Mavdi, Rajkot - Nexteng Enviro ","09-04-2026 11:00:00",22.248853,70.776774,OZONE,6,14,8
India,Gujarat,Vatva,"Phase-4 GIDC, Vatva - GPCB","09-04-2026 11:00:00",22.969611,72.643500,CO,2,48,11
India,Gujarat,Vatva,"Phase-4 GIDC, Vatva - GPCB","09-04-2026 11:00:00",22.969611,72.643500,OZONE,29,46,32
India,Haryana,Bahadurgarh,"Arya Nagar, Bahadurgarh - HSPCB","09-04-2026 11:00:00",28.6701,76.9254,PM10,52,76,65
India,Haryana,Bahadurgarh,"Arya Nagar, Bahadurgarh - HSPCB","09-04-2026 11:00:00",28.6701,76.9254,NO2,13,14,13
India,Gujarat,Mehsana,"Sadanand Nagar, Mehsana - Nexteng Enviro","09-04-2026 11:00:00",23.593150,72.372792,NO2,30,43,37
India,Gujarat,Bhavnagar,"Vidhyanagar, Bhavnagar - Nexteng Enviro","09-04-2026 11:00:00",21.755417,72.139056,NO2,51,69,59
India,Haryana,Bahadurgarh,"Arya Nagar, Bahadurgarh - HSPCB","09-04-2026 11:00:00",28.6701,76.9254,PM2.5,39,54,47
India,Haryana,Faridabad,"New Industrial Town, Faridabad - HSPCB","09-04-2026 11:00:00",28.39072,77.30059,CO,9,13,12
India,Haryana,Faridabad,"Sector 11, Faridabad - HSPCB","09-04-2026 11:00:00",28.376058,77.315741,PM2.5,24,249,101
India,Haryana,Faridabad,"Sector 11, Faridabad - HSPCB","09-04-2026 11:00:00",28.376058,77.315741,NH3,9,10,10
India,Haryana,Faridabad,"Sector 30, Faridabad - HSPCB","09-04-2026 11:00:00",28.4417,77.3217,PM2.5,51,500,92
India,Haryana,Bhiwani,"H.B. Colony, Bhiwani - HSPCB","09-04-2026 11:00:00",28.806223,76.141105,NH3,8,12,10
India,Haryana,Bhiwani,"H.B. Colony, Bhiwani - HSPCB","09-04-2026 11:00:00",28.806223,76.141105,CO,2,6,4
India,Haryana,"Charkhi Dadri","Mini Secretariat, Charkhi Dadri - HSPCB","09-04-2026 11:00:00",28.593883,76.270653,PM2.5,25,232,115
India,Haryana,"Charkhi Dadri","Mini Secretariat, Charkhi Dadri - HSPCB","09-04-2026 11:00:00",28.593883,76.270653,NH3,5,8,6
India,Haryana,Gurugram,"Vikas Sadan, Gurugram - HSPCB","09-04-2026 11:00:00",28.4501238,77.0263051,NO2,9,46,27
India,Haryana,Gurugram,"Vikas Sadan, Gurugram - HSPCB","09-04-2026 11:00:00",28.4501238,77.0263051,OZONE,4,31,16
India,Haryana,Hisar,"Urban Estate-II, Hisar - HSPCB","09-04-2026 11:00:00",29.140560,75.744941,PM2.5,1,93,39
India,Haryana,Hisar,"Urban Estate-II, Hisar - HSPCB","09-04-2026 11:00:00",29.140560,75.744941,NH3,12,13,13
India,Haryana,Hisar,"Urban Estate-II, Hisar - HSPCB","09-04-2026 11:00:00",29.140560,75.744941,CO,14,48,42
India,Haryana,Kaithal,"Rishi Nagar, Kaithal - HSPCB","09-04-2026 11:00:00",29.8006,76.4155,CO,2,44,26
India,Haryana,Kaithal,"Rishi Nagar, Kaithal - HSPCB","09-04-2026 11:00:00",29.8006,76.4155,OZONE,6,19,12
India,Haryana,Faridabad,"Sector 30, Faridabad - HSPCB","09-04-2026 11:00:00",28.4417,77.3217,OZONE,10,10,10
India,Haryana,Fatehabad,"Huda Sector, Fatehabad - HSPCB","09-04-2026 11:00:00",29.503664,75.467934,NO2,17,21,19
India,Haryana,Fatehabad,"Huda Sector, Fatehabad - HSPCB","09-04-2026 11:00:00",29.503664,75.467934,SO2,10,11,10
India,Haryana,Dharuhera,"Municipal Corporation Office, Dharuhera -  HSPCB","09-04-2026 11:00:00",28.206800,76.799700,PM2.5,43,263,97
India,Haryana,Dharuhera,"Municipal Corporation Office, Dharuhera -  HSPCB","09-04-2026 11:00:00",28.206800,76.799700,PM10,42,153,83
India,Haryana,Ballabgarh,"Nathu Colony, Ballabgarh - HSPCB","09-04-2026 11:00:00",28.3419248,77.319699,PM10,53,59,56
India,Haryana,Gurugram,"Sector-51, Gurugram - HSPCB","09-04-2026 11:00:00",28.4227,77.0667,NO2,4,10,6
India,Haryana,Faridabad,"Sector 30, Faridabad - HSPCB","09-04-2026 11:00:00",28.4417,77.3217,SO2,6,6,6
India,Haryana,Mandikhera,"General Hospital, Mandikhera(Nuh) - HSPCB","09-04-2026 11:00:00",27.9002,76.9938,PM2.5,NA,NA,NA
India,Haryana,Mandikhera,"General Hospital, Mandikhera(Nuh) - HSPCB","09-04-2026 11:00:00",27.9002,76.9938,NH3,NA,NA,NA
India,Haryana,Manesar,"Sector-2 IMT, Manesar - HSPCB","09-04-2026 11:00:00",28.360699,76.936090,PM2.5,28,76,58
India,Haryana,Manesar,"Sector-2 IMT, Manesar - HSPCB","09-04-2026 11:00:00",28.360699,76.936090,SO2,2,13,7
India,Haryana,Manesar,"Sector-2 IMT, Manesar - HSPCB","09-04-2026 11:00:00",28.360699,76.936090,CO,7,18,14
India,Haryana,Narnaul,"Shastri Nagar, Narnaul - HSPCB","09-04-2026 11:00:00",28.060249,76.113115,PM10,34,118,69
India,Haryana,Narnaul,"Shastri Nagar, Narnaul - HSPCB","09-04-2026 11:00:00",28.060249,76.113115,NH3,4,6,5
India,Jammu_and_Kashmir,Srinagar,"Khunmoh, Srinagar - JKPCC","09-04-2026 11:00:00",34.06313,74.96017,NO2,2,31,10
India,Jharkhand,Dhanbad,"Sardar Patel Nagar, Dhanbad - JSPCB","09-04-2026 11:00:00",23.80569,86.44268,PM2.5,NA,NA,NA
India,Haryana,"Yamuna Nagar","Gobind Pura, Yamuna Nagar - HSPCB","09-04-2026 11:00:00",30.1480566,77.2893471,NO2,11,38,26
India,Haryana,"Yamuna Nagar","Gobind Pura, Yamuna Nagar - HSPCB","09-04-2026 11:00:00",30.1480566,77.2893471,SO2,10,15,12
India,Haryana,"Yamuna Nagar","Gobind Pura, Yamuna Nagar - HSPCB","09-04-2026 11:00:00",30.1480566,77.2893471,OZONE,8,34,16
India,Haryana,Rohtak,"MD University, Rohtak - HSPCB","09-04-2026 11:00:00",28.52123,76.37138,SO2,11,13,12
India,Haryana,Rohtak,"MD University, Rohtak - HSPCB","09-04-2026 11:00:00",28.52123,76.37138,CO,22,38,35
India,Haryana,Rohtak,"MD University, Rohtak - HSPCB","09-04-2026 11:00:00",28.52123,76.37138,OZONE,39,40,40
India,Haryana,Palwal,"Shyam Nagar, Palwal - HSPCB","09-04-2026 11:00:00",28.1485564,77.3320667,NO2,23,24,24
India,Haryana,Palwal,"Shyam Nagar, Palwal - HSPCB","09-04-2026 11:00:00",28.1485564,77.3320667,SO2,12,13,13
India,Haryana,Palwal,"Shyam Nagar, Palwal - HSPCB","09-04-2026 11:00:00",28.1485564,77.3320667,CO,27,28,28
India,Karnataka,Bagalkot,"Vidayagiri, Bagalkot - KSPCB","09-04-2026 11:00:00",16.172806,75.659694,NO2,6,12,11
India,Karnataka,Bagalkot,"Vidayagiri, Bagalkot - KSPCB","09-04-2026 11:00:00",16.172806,75.659694,OZONE,6,13,12
India,Haryana,Sirsa,"F-Block, Sirsa - HSPCB","09-04-2026 11:00:00",29.536400,75.015800,SO2,1,23,11
India,Haryana,Sirsa,"F-Block, Sirsa - HSPCB","09-04-2026 11:00:00",29.536400,75.015800,OZONE,8,19,12
India,Haryana,Panchkula,"Sector-6, Panchkula - HSPCB ","09-04-2026 11:00:00",30.7057778,76.8531805555555,NO2,NA,NA,NA
India,Haryana,Panchgaon,"Amity University, Panchgaon - IITM","09-04-2026 11:00:00",28.3153,76.9143,NO2,5,11,8
India,Karnataka,Chikkamagaluru,"Kalyana Nagara, Chikkamagaluru - KSPCB","09-04-2026 11:00:00",13.328028,75.797056,OZONE,NA,NA,NA
India,Karnataka,Dharwad,"Kalabhavan, Dharwad - KSPCB","09-04-2026 11:00:00",15.459706,75.008381,CO,24,64,61
India,Karnataka,Hubballi,"Lingaraj Nagar, Hubballi - KSPCB","09-04-2026 11:00:00",15.3714823,75.1160168,NH3,1,2,2
India,Karnataka,Hubballi,"Lingaraj Nagar, Hubballi - KSPCB","09-04-2026 11:00:00",15.3714823,75.1160168,CO,14,28,17
India,Karnataka,Kalaburagi,"Mahatma Basaveswar Colony, Kalaburgi - KSPCB","09-04-2026 11:00:00",17.336318,76.847397,NH3,2,3,2
India,Karnataka,Kalaburagi,"Mahatma Basaveswar Colony, Kalaburgi - KSPCB","09-04-2026 11:00:00",17.336318,76.847397,SO2,3,5,4
India,Karnataka,Kalaburagi,"Mahatma Basaveswar Colony, Kalaburgi - KSPCB","09-04-2026 11:00:00",17.336318,76.847397,OZONE,10,24,14
India,Karnataka,Koppal,"Diwator Nagar, Koppal - KSPCB","09-04-2026 11:00:00",15.347630,76.181767,NO2,16,30,28
India,Karnataka,Madikeri,"Stuart Hill, Madikeri - KSPCB","09-04-2026 11:00:00",12.415911,75.735050,PM10,6,34,19
India,Karnataka,Madikeri,"Stuart Hill, Madikeri - KSPCB","09-04-2026 11:00:00",12.415911,75.735050,SO2,7,7,7
India,Karnataka,Mangalore,"Kadri, Mangalore - KSPCB","09-04-2026 11:00:00",12.889250,74.853000,NO2,7,10,9
India,Karnataka,Bengaluru,"BTM Layout, Bengaluru - CPCB","09-04-2026 11:00:00",12.9135218,77.5950804,CO,44,58,47
India,Karnataka,Bengaluru,"BWSSB Kadabesanahalli, Bengaluru - CPCB","09-04-2026 11:00:00",12.9352049,77.6814488,PM10,8,112,56
India,Karnataka,Bengaluru,"BWSSB Kadabesanahalli, Bengaluru - CPCB","09-04-2026 11:00:00",12.9352049,77.6814488,NO2,NA,NA,NA
India,Karnataka,Bengaluru,"BWSSB Kadabesanahalli, Bengaluru - CPCB","09-04-2026 11:00:00",12.9352049,77.6814488,NH3,NA,NA,NA
India,Karnataka,Bengaluru,"BWSSB Kadabesanahalli, Bengaluru - CPCB","09-04-2026 11:00:00",12.9352049,77.6814488,SO2,1,32,8
India,Karnataka,Bengaluru,"Bapuji Nagar, Bengaluru - KSPCB","09-04-2026 11:00:00",12.951913,77.539784,SO2,9,34,20
India,Karnataka,Mysuru,"Hebbal 1st Stage, Mysuru - KSPCB","09-04-2026 11:00:00",12.21041,76.37376,CO,5,71,22
India,Karnataka,Ramanagara,"Vijay Nagar, Ramanagara - KSPCB","09-04-2026 11:00:00",12.733409,77.298051,PM2.5,23,119,50
India,Karnataka,Ramanagara,"Vijay Nagar, Ramanagara - KSPCB","09-04-2026 11:00:00",12.733409,77.298051,NO2,11,87,24
India,Karnataka,Ramanagara,"Vijay Nagar, Ramanagara - KSPCB","09-04-2026 11:00:00",12.733409,77.298051,CO,12,57,24
India,Karnataka,Shivamogga,"Vinoba Nagara, Shivamogga - KSPCB","09-04-2026 11:00:00",13.940000,75.555917,NO2,20,28,24
India,Karnataka,Bengaluru,"RVCE-Mailasandra, Bengaluru - KSPCB","09-04-2026 11:00:00",12.921418,77.502466,NH3,3,4,4
India,Karnataka,Bengaluru,"Silk Board, Bengaluru - KSPCB","09-04-2026 11:00:00",12.917348,77.622813,NH3,NA,NA,NA
India,Karnataka,Bengaluru,"Jigani, Bengaluru - KSPCB","09-04-2026 11:00:00",12.7816279,77.6299145,SO2,14,20,16
India,Karnataka,Bengaluru,"Peenya, Bengaluru - CPCB","09-04-2026 11:00:00",13.0270199,77.494094,PM10,47,68,53
India,Karnataka,Bengaluru,"Hombegowda Nagar, Bengaluru - KSPCB","09-04-2026 11:00:00",12.938539,77.590100,PM2.5,27,87,60
India,Karnataka,Bengaluru,"Hombegowda Nagar, Bengaluru - KSPCB","09-04-2026 11:00:00",12.938539,77.590100,NO2,15,118,37
India,Karnataka,Bengaluru,"City Railway Station, Bengaluru - KSPCB","09-04-2026 11:00:00",12.9756843,77.5660749,CO,NA,NA,NA
India,Karnataka,Bengaluru,"Jayanagar 5th Block, Bengaluru - KSPCB","09-04-2026 11:00:00",12.920984,77.584908,NH3,1,1,1
India,"Madhya Pradesh",Damoh,"Shrivastav Colony, Damoh - MPPCB","09-04-2026 11:00:00",23.81748678,79.446246,CO,14,26,18
India,"Madhya Pradesh",Dewas,"Bhopal Chauraha, Dewas - MPPCB","09-04-2026 11:00:00",22.9682591,76.064118,PM10,109,298,171
India,"Madhya Pradesh",Dewas,"Bhopal Chauraha, Dewas - MPPCB","09-04-2026 11:00:00",22.9682591,76.064118,NO2,55,118,95
India,"Madhya Pradesh",Dewas,"Bhopal Chauraha, Dewas - MPPCB","09-04-2026 11:00:00",22.9682591,76.064118,SO2,12,78,32
India,"Madhya Pradesh",Gwalior,"City Center, Gwalior - MPPCB","09-04-2026 11:00:00",26.203442,78.193251,NH3,4,6,5
India,"Madhya Pradesh",Gwalior,"Deen Dayal Nagar, Gwalior - MPPCB","09-04-2026 11:00:00",26.259242,78.216432,PM2.5,29,183,76
India,Kerala,Kannur,"Thavakkara, Kannur - Kerala PCB","09-04-2026 11:00:00",11.875000,75.373200,NH3,1,2,2
India,Kerala,Kannur,"Thavakkara, Kannur - Kerala PCB","09-04-2026 11:00:00",11.875000,75.373200,SO2,1,5,1
India,Kerala,Kannur,"Thavakkara, Kannur - Kerala PCB","09-04-2026 11:00:00",11.875000,75.373200,OZONE,30,35,30
India,Kerala,Kollam,"Polayathode, Kollam - Kerala PCB","09-04-2026 11:00:00",8.8787,76.6073,PM2.5,40,51,46
India,Kerala,Kollam,"Polayathode, Kollam - Kerala PCB","09-04-2026 11:00:00",8.8787,76.6073,SO2,2,3,2
India,Kerala,Kollam,"Polayathode, Kollam - Kerala PCB","09-04-2026 11:00:00",8.8787,76.6073,CO,13,18,15
India,Kerala,Thrissur,"Corporation Ground, Thrissur - Kerala PCB","09-04-2026 11:00:00",10.532400,76.215900,PM10,62,85,75
India,Kerala,Thrissur,"Corporation Ground, Thrissur - Kerala PCB","09-04-2026 11:00:00",10.532400,76.215900,SO2,1,1,1
India,Kerala,Thrissur,"Corporation Ground, Thrissur - Kerala PCB","09-04-2026 11:00:00",10.532400,76.215900,CO,6,10,8
India,Kerala,Thrissur,"Corporation Ground, Thrissur - Kerala PCB","09-04-2026 11:00:00",10.532400,76.215900,OZONE,29,32,30
India,"Madhya Pradesh",Bhopal,"Idgah Hills, Bhopal - MPPCB","09-04-2026 11:00:00",23.264759,77.381568,CO,16,42,25
India,"Madhya Pradesh",Indore,"Airport Area, Indore - IMC","09-04-2026 11:00:00",22.7289,75.8076,OZONE,9,37,13
India,"Madhya Pradesh",Indore,"Chhoti Gwaltoli, Indore - MPPCB","09-04-2026 11:00:00",22.4310,75.5213,PM2.5,46,401,201
India,"Madhya Pradesh",Indore,"Chhoti Gwaltoli, Indore - MPPCB","09-04-2026 11:00:00",22.4310,75.5213,NO2,40,130,96
India,"Madhya Pradesh",Indore,"Chhoti Gwaltoli, Indore - MPPCB","09-04-2026 11:00:00",22.4310,75.5213,SO2,8,47,17
India,"Madhya Pradesh",Indore,"Chhoti Gwaltoli, Indore - MPPCB","09-04-2026 11:00:00",22.4310,75.5213,CO,29,118,70
India,Karnataka,Vijayapura,"Ibrahimpur, Vijayapura - KSPCB","09-04-2026 11:00:00",16.802639,75.722694,CO,8,51,22
India,Karnataka,Yadgir,"Collector Office, Yadgir - KSPCB","09-04-2026 11:00:00",16.7602,77.1428,PM2.5,44,75,58
India,Karnataka,Yadgir,"Collector Office, Yadgir - KSPCB","09-04-2026 11:00:00",16.7602,77.1428,NO2,11,35,18
India,"Madhya Pradesh",Gwalior,"Deen Dayal Nagar, Gwalior - MPPCB","09-04-2026 11:00:00",26.259242,78.216432,NH3,5,10,7
India,"Madhya Pradesh",Gwalior,"Deen Dayal Nagar, Gwalior - MPPCB","09-04-2026 11:00:00",26.259242,78.216432,SO2,5,25,9
India,"Madhya Pradesh",Indore,"Maguda Nagar, Indore - IMC","09-04-2026 11:00:00",22.7524,75.8872,SO2,49,68,58
India,"Madhya Pradesh",Indore,"Maguda Nagar, Indore - IMC","09-04-2026 11:00:00",22.7524,75.8872,CO,26,75,70
India,"Madhya Pradesh",Bhopal,"Paryavaran Parisar, Bhopal - MPPCB","09-04-2026 11:00:00",23.210494,77.425409,NO2,16,56,32
India,"Madhya Pradesh",Indore,"Regional Park, Indore - IMC","09-04-2026 11:00:00",22.6780,75.8559,CO,1,50,47
India,"Madhya Pradesh",Jabalpur,"Govindh Bhavan Colony, Jabalpur - JMC","09-04-2026 11:00:00",23.163174,79.973061,CO,7,33,20
India,"Madhya Pradesh",Jabalpur,"Gupteshwar, Jabalpur - JMC","09-04-2026 11:00:00",23.142888,79.916147,NO2,11,42,19
India,"Madhya Pradesh",Jabalpur,"Gupteshwar, Jabalpur - JMC","09-04-2026 11:00:00",23.142888,79.916147,SO2,13,22,16
India,"Madhya Pradesh",Jabalpur,"Gupteshwar, Jabalpur - JMC","09-04-2026 11:00:00",23.142888,79.916147,OZONE,9,48,22
India,"Madhya Pradesh",Jabalpur,"Marhatal, Jabalpur - MPPCB","09-04-2026 11:00:00",23.168606,79.932247,CO,56,116,91
India,"Madhya Pradesh",Jabalpur,"Suhagi, Jabalpur - JMC","09-04-2026 11:00:00",23.218135,79.957770,NH3,5,6,5
India,"Madhya Pradesh",Jabalpur,"Suhagi, Jabalpur - JMC","09-04-2026 11:00:00",23.218135,79.957770,OZONE,2,48,23
India,"Madhya Pradesh",Katni,"Gole Bazar, Katni - MPPCB","09-04-2026 11:00:00",23.50016,80.23284,PM10,69,101,84
India,"Madhya Pradesh",Katni,"Gole Bazar, Katni - MPPCB","09-04-2026 11:00:00",23.50016,80.23284,CO,23,44,30
India,"Madhya Pradesh",Indore,"Residency Area, Indore - IMC","09-04-2026 11:00:00",22.7084,75.8815,SO2,18,22,19
India,"Madhya Pradesh",Indore,"Residency Area, Indore - IMC","09-04-2026 11:00:00",22.7084,75.8815,CO,30,87,70
India,"Madhya Pradesh",Jabalpur,"Govindh Bhavan Colony, Jabalpur - JMC","09-04-2026 11:00:00",23.163174,79.973061,NO2,NA,NA,NA
India,"Madhya Pradesh",Jabalpur,"Govindh Bhavan Colony, Jabalpur - JMC","09-04-2026 11:00:00",23.163174,79.973061,NH3,NA,NA,NA
India,"Madhya Pradesh",Sagar,"Civil Lines, Sagar - MPPCB","09-04-2026 11:00:00",23.838586,78.759431,CO,6,30,24
India,"Madhya Pradesh",Sagar,"Civil Lines, Sagar - MPPCB","09-04-2026 11:00:00",23.838586,78.759431,OZONE,35,76,51
India,"Madhya Pradesh",Sagar,"Deen Dayal Nagar, Sagar - MPPCB","09-04-2026 11:00:00",23.8640158,78.80289321,NO2,2,30,9
India,"Madhya Pradesh",Sagar,"Deen Dayal Nagar, Sagar - MPPCB","09-04-2026 11:00:00",23.8640158,78.80289321,CO,68,84,73
India,"Madhya Pradesh",Satna,"Bandhavgar Colony, Satna - Birla Cement","09-04-2026 11:00:00",24.58434363,80.8549414,PM2.5,49,51,50
India,"Madhya Pradesh",Singrauli,"Suryakiran Bhawan NCL, Singrauli - MPPCB","09-04-2026 11:00:00",24.108970,82.645580,PM2.5,41,326,139
India,"Madhya Pradesh",Mandideep,"Sector-D Industrial Area, Mandideep - MPPCB","09-04-2026 11:00:00",23.108440,77.511428,PM10,93,172,129
India,"Madhya Pradesh",Mandideep,"Sector-D Industrial Area, Mandideep - MPPCB","09-04-2026 11:00:00",23.108440,77.511428,SO2,12,127,42
India,"Madhya Pradesh",Singrauli,"Suryakiran Bhawan NCL, Singrauli - MPPCB","09-04-2026 11:00:00",24.108970,82.645580,CO,16,70,61
India,"Madhya Pradesh",Singrauli,"Suryakiran Bhawan NCL, Singrauli - MPPCB","09-04-2026 11:00:00",24.108970,82.645580,NH3,2,3,3
India,"Madhya Pradesh",Sagar,"Civil Lines, Sagar - MPPCB","09-04-2026 11:00:00",23.838586,78.759431,NH3,1,11,4
India,Maharashtra,Beed,"Bir, Beed - MPCB","09-04-2026 11:00:00",18.988474,75.753873,NO2,16,85,32
India,Maharashtra,Beed,"Bir, Beed - MPCB","09-04-2026 11:00:00",18.988474,75.753873,NH3,4,5,5
India,Maharashtra,Amravati,"Shri Shivaji Science College, Amravati - MPCB","09-04-2026 11:00:00",20.939198,77.765701,PM2.5,38,95,56
India,Maharashtra,Chandrapur,"Chauhan Colony, Chandrapur - MPCB","09-04-2026 11:00:00",19.962900,79.298714,PM2.5,83,294,155
India,Maharashtra,Chandrapur,"MIDC Khutala, Chandrapur - MPCB","09-04-2026 11:00:00",19.9775302,79.2337086,NO2,9,17,13
India,"Madhya Pradesh",Ujjain,"Mahashweta Nagar, Ujjain - MPPCB","09-04-2026 11:00:00",23.1633321,75.800225,NO2,NA,NA,NA
India,Maharashtra,Chandrapur,"Chauhan Colony, Chandrapur - MPCB","09-04-2026 11:00:00",19.962900,79.298714,NH3,1,2,1
India,Maharashtra,Chandrapur,"MIDC Khutala, Chandrapur - MPCB","09-04-2026 11:00:00",19.9775302,79.2337086,SO2,NA,NA,NA
India,Maharashtra,Ahmednagar,"Tarakpur, Ahmednagar - MPCB","09-04-2026 11:00:00",19.10122,74.73339,SO2,1,6,4
India,Maharashtra,Badlapur,"Katrap, Badlapur - MPCB","09-04-2026 11:00:00",19.16485,73.23409,PM2.5,28,63,42
India,Maharashtra,Mira-Bhayandar,"Bhayandar West, Mira-Bhayandar - MPCB","09-04-2026 11:00:00",19.296481,72.840923,NH3,4,9,6
India,Maharashtra,Mumbai,"Bandra Kurla Complex, Mumbai - MPCB","09-04-2026 11:00:00",19.065931,72.862131,PM10,49,101,66
India,Maharashtra,Mumbai,"Bandra Kurla Complex, Mumbai - MPCB","09-04-2026 11:00:00",19.065931,72.862131,NH3,3,5,4
India,Maharashtra,Mumbai,"Bandra Kurla Complex, Mumbai - MPCB","09-04-2026 11:00:00",19.065931,72.862131,SO2,2,4,3
India,Maharashtra,Mumbai,"Borivali East, Mumbai - IITM","09-04-2026 11:00:00",19.23241,72.86895,PM10,64,123,82
India,Maharashtra,Mumbai,"Borivali East, Mumbai - MPCB","09-04-2026 11:00:00",19.2243333,72.8658113,SO2,11,17,14
India,Maharashtra,Kalyan,"Pimpleshwar Mandir, Kalyan - MPCB","09-04-2026 11:00:00",19.192056,72.9585188,CO,21,21,21
India,Maharashtra,Kolhapur,"Shivaji University, Kolhapur - MPCB","09-04-2026 11:00:00",16.6870449,74.2505872,SO2,6,8,7
India,Maharashtra,Kolhapur,"Shivaji University, Kolhapur - MPCB","09-04-2026 11:00:00",16.6870449,74.2505872,CO,6,28,15
India,Maharashtra,Kolhapur,"Shivaji University, Kolhapur - MPCB","09-04-2026 11:00:00",16.6870449,74.2505872,OZONE,7,46,13
India,Maharashtra,Kolhapur,"Sinchan Bhavan, Kolhapur - MPCB","09-04-2026 11:00:00",16.7143745,74.2426398,PM10,NA,NA,NA
India,Maharashtra,Dombivli,"Kalu Nagar, Dombivli - MPCB","09-04-2026 11:00:00","19.2268427 ","73.0788456 ",PM2.5,10,47,20
India,Maharashtra,Dombivli,"Kalu Nagar, Dombivli - MPCB","09-04-2026 11:00:00","19.2268427 ","73.0788456 ",NH3,1,2,1
India,Maharashtra,Dombivli,"Kalu Nagar, Dombivli - MPCB","09-04-2026 11:00:00","19.2268427 ","73.0788456 ",OZONE,1,25,4
India,Maharashtra,Hingoli,"Ashta Vinayak Nagar, Hingoli - MPCB","09-04-2026 11:00:00",19.710842,77.151824,PM2.5,12,65,38
India,Maharashtra,Mumbai,"Byculla, Mumbai - BMC","09-04-2026 11:00:00",18.9767,72.8380,NH3,2,4,3
India,Maharashtra,Mumbai,"Byculla, Mumbai - BMC","09-04-2026 11:00:00",18.9767,72.8380,SO2,2,9,6
India,Maharashtra,Mumbai,"Chakala-Andheri East, Mumbai - IITM","09-04-2026 11:00:00",19.11074,72.86084,PM10,66,126,90
India,Maharashtra,Mahad,"Kamble Tarf Birwadi, Mahad - MPCB","09-04-2026 11:00:00",18.1023399,73.4783687,SO2,19,93,39
India,Maharashtra,Malegaon,"Mahesh Nagar, Malegaon - MPCB","09-04-2026 11:00:00",20.555712,74.529236,NH3,1,2,1
India,Maharashtra,Hingoli,"Ashta Vinayak Nagar, Hingoli - MPCB","09-04-2026 11:00:00",19.710842,77.151824,NH3,2,4,3
India,Maharashtra,Jalgaon,"Prabhat Colony, Jalgaon - MPCB","09-04-2026 11:00:00",21.001264,75.565602,NH3,1,3,2
India,Maharashtra,Kalyan,"Khadakpada, Kalyan - MPCB","09-04-2026 11:00:00",19.25292,73.142019,PM2.5,14,68,41
India,Maharashtra,Kalyan,"Khadakpada, Kalyan - MPCB","09-04-2026 11:00:00",19.25292,73.142019,PM10,14,72,43
India,Maharashtra,Chandrapur,"MIDC Khutala, Chandrapur - MPCB","09-04-2026 11:00:00",19.9775302,79.2337086,CO,36,41,39
India,Maharashtra,Dhule,"Deopur, Dhule - MPCB","09-04-2026 11:00:00",20.918946,74.776388,CO,2,23,11
India,Maharashtra,Mumbai,"Kurla, Mumbai - MPCB","09-04-2026 11:00:00",19.0863,72.8888,NH3,1,2,1
India,Maharashtra,Mumbai,"Malad West, Mumbai - IITM","09-04-2026 11:00:00",19.19709,72.82204,CO,26,50,35
India,Maharashtra,Mumbai,"Mazgaon, Mumbai - IITM","09-04-2026 11:00:00",18.96702,72.84214,NO2,20,53,30
India,Maharashtra,Mumbai,"Mazgaon, Mumbai - IITM","09-04-2026 11:00:00",18.96702,72.84214,SO2,8,14,11
India,Maharashtra,Mumbai,"Mazgaon, Mumbai - IITM","09-04-2026 11:00:00",18.96702,72.84214,OZONE,10,37,20
India,Maharashtra,Mumbai,"Mindspace-Malad West, Mumbai - MPCB","09-04-2026 11:00:00",19.1878657,72.8304069,PM10,32,52,42
India,Maharashtra,Mumbai,"Mindspace-Malad West, Mumbai - MPCB","09-04-2026 11:00:00",19.1878657,72.8304069,NO2,2,18,8
India,Maharashtra,Mumbai,"Kherwadi_Bandra East, Mumbai - MPCB","09-04-2026 11:00:00",19.0632143,72.8456324,PM2.5,13,59,33
India,Maharashtra,Mumbai,"Kherwadi_Bandra East, Mumbai - MPCB","09-04-2026 11:00:00",19.0632143,72.8456324,SO2,3,4,3
India,Maharashtra,Mumbai,"Khindipada-Bhandup West, Mumbai - IITM","09-04-2026 11:00:00",19.1653323,72.922099,SO2,9,31,14
India,Maharashtra,Mumbai,"Kurla, Mumbai - MPCB","09-04-2026 11:00:00",19.0863,72.8888,PM2.5,38,119,66
India,Maharashtra,Mumbai,"Kurla, Mumbai - MPCB","09-04-2026 11:00:00",19.0863,72.8888,PM10,51,133,87
India,Maharashtra,Mumbai,"Sion, Mumbai - MPCB","09-04-2026 11:00:00",19.047000,72.874600,NH3,7,7,7
India,Maharashtra,Mumbai,"Sion, Mumbai - MPCB","09-04-2026 11:00:00",19.047000,72.874600,SO2,1,3,1
India,Maharashtra,Mumbai,"Sion, Mumbai - MPCB","09-04-2026 11:00:00",19.047000,72.874600,CO,13,18,16
India,Maharashtra,Mumbai,"Vile Parle West, Mumbai - MPCB","09-04-2026 11:00:00",19.10861,72.83622,SO2,47,52,49
India,Maharashtra,Mumbai,"Worli, Mumbai -MPCB","09-04-2026 11:00:00",18.9942180,72.8158167,PM2.5,2,53,18
India,Maharashtra,Mumbai,"Worli, Mumbai -MPCB","09-04-2026 11:00:00",18.9942180,72.8158167,CO,13,21,16
India,Maharashtra,Nagpur,"Ambazari, Nagpur - MPCB","09-04-2026 11:00:00",21.121801,79.04952,SO2,8,55,16
India,Maharashtra,Nagpur,"Mahal, Nagpur - MPCB","09-04-2026 11:00:00",21.14472,79.107595,PM2.5,56,84,69
India,Maharashtra,Nagpur,"Mahal, Nagpur - MPCB","09-04-2026 11:00:00",21.14472,79.107595,NO2,15,52,28
India,Maharashtra,Nagpur,"Mahal, Nagpur - MPCB","09-04-2026 11:00:00",21.14472,79.107595,CO,19,58,26
India,Maharashtra,Mumbai,"Mulund West, Mumbai - MPCB","09-04-2026 11:00:00",19.1750,72.9419,NO2,20,27,23
India,Maharashtra,Mumbai,"Sewri, Mumbai - BMC","09-04-2026 11:00:00",19.000084,72.856730,PM2.5,12,89,29
India,Maharashtra,Mumbai,"Shivaji Nagar, Mumbai - BMC","09-04-2026 11:00:00",19.060498,72.923356,PM2.5,18,56,33
India,Maharashtra,Mumbai,"Shivaji Nagar, Mumbai - BMC","09-04-2026 11:00:00",19.060498,72.923356,PM10,55,130,83
India,Maharashtra,Mumbai,"Colaba, Mumbai - MPCB","09-04-2026 11:00:00",18.910000,72.820000,NO2,28,28,28
India,Maharashtra,Mumbai,"Colaba, Mumbai - MPCB","09-04-2026 11:00:00",18.910000,72.820000,NH3,4,4,4
India,Maharashtra,Mumbai,"Deonar, Mumbai - IITM","09-04-2026 11:00:00",19.04946,72.9230,PM10,104,145,120
India,Maharashtra,Mumbai,"Deonar, Mumbai - IITM","09-04-2026 11:00:00",19.04946,72.9230,CO,14,64,30
India,Maharashtra,Nagpur,"Opp GPO Civil Lines, Nagpur - MPCB","09-04-2026 11:00:00",21.152875,79.0517531,PM10,88,114,96
India,Maharashtra,Nagpur,"Opp GPO Civil Lines, Nagpur - MPCB","09-04-2026 11:00:00",21.152875,79.0517531,NO2,15,68,27
India,Maharashtra,Nagpur,"Opp GPO Civil Lines, Nagpur - MPCB","09-04-2026 11:00:00",21.152875,79.0517531,SO2,5,45,16
India,Maharashtra,Mumbai,"Kandivali West, Mumbai - BMC","09-04-2026 11:00:00",19.215859,72.831718,PM2.5,11,60,28
India,Maharashtra,Mumbai,"Kandivali West, Mumbai - BMC","09-04-2026 11:00:00",19.215859,72.831718,PM10,29,68,57
India,Maharashtra,Mumbai,"Shivaji Nagar, Mumbai - BMC","09-04-2026 11:00:00",19.060498,72.923356,SO2,1,10,5
India,Maharashtra,"Navi Mumbai","Tondare-Taloja, Navi Mumbai - MPCB","09-04-2026 11:00:00",19.0630,73.1209,CO,17,24,22
India,Maharashtra,Parbhani,"Masoom Colony, Parbhani - MPCB","09-04-2026 11:00:00",19.265594,76.761463,CO,5,14,12
India,Maharashtra,Pimpri-Chinchwad,"Bhosari, Pune - IITM","09-04-2026 11:00:00",18.640051,73.848956,NO2,6,18,11
India,Maharashtra,Pimpri-Chinchwad,"Bhosari, Pune - IITM","09-04-2026 11:00:00",18.640051,73.848956,OZONE,1,20,4
India,Maharashtra,Pimpri-Chinchwad,"Bhumkar Nagar, Pune - IITM","09-04-2026 11:00:00",18.605770,73.749976,PM2.5,NA,NA,NA
India,Maharashtra,Pimpri-Chinchwad,"Bhumkar Nagar, Pune - IITM","09-04-2026 11:00:00",18.605770,73.749976,PM10,NA,NA,NA
India,Maharashtra,Pimpri-Chinchwad,"Bhumkar Nagar, Pune - IITM","09-04-2026 11:00:00",18.605770,73.749976,OZONE,15,21,15
India,Maharashtra,Pimpri-Chinchwad,"Gavalinagar, Pimpri Chinchwad - MPCB","09-04-2026 11:00:00",18.63673,73.82487,NH3,8,28,11
India,Maharashtra,Pimpri-Chinchwad,"Gavalinagar, Pimpri Chinchwad - MPCB","09-04-2026 11:00:00",18.63673,73.82487,OZONE,1,35,7
India,Maharashtra,Pimpri-Chinchwad,"Park Street Wakad, Pimpri Chinchwad - MPCB","09-04-2026 11:00:00",18.59051,73.77946,NH3,2,4,3
India,Maharashtra,Pimpri-Chinchwad,"Savta Mali Nagar, Pimpri-Chinchwad - IITM","09-04-2026 11:00:00",18.614767,73.799516,PM10,51,101,79
India,Maharashtra,Pimpri-Chinchwad,"Savta Mali Nagar, Pimpri-Chinchwad - IITM","09-04-2026 11:00:00",18.614767,73.799516,NO2,23,49,35
India,Maharashtra,Pimpri-Chinchwad,"Savta Mali Nagar, Pimpri-Chinchwad - IITM","09-04-2026 11:00:00",18.614767,73.799516,OZONE,1,16,3
India,Maharashtra,"Navi Mumbai","Nerul, Navi Mumbai - MPCB","09-04-2026 11:00:00",19.008751,73.016620,PM10,22,63,33
India,Maharashtra,"Navi Mumbai","Nerul, Navi Mumbai - MPCB","09-04-2026 11:00:00",19.008751,73.016620,SO2,NA,NA,NA
India,Maharashtra,"Navi Mumbai","Sanpada, Navi Mumbai - MPCB","09-04-2026 11:00:00",19.0575752,73.0151367,PM10,50,96,70
India,Maharashtra,"Navi Mumbai","Sanpada, Navi Mumbai - MPCB","09-04-2026 11:00:00",19.0575752,73.0151367,NH3,1,7,3
India,Maharashtra,"Navi Mumbai","Sector-2E Kalamboli, Navi Mumbai - MPCB","09-04-2026 11:00:00",19.02579,73.10297,SO2,5,10,6
India,Maharashtra,Nanded,"Sneh Nagar, Nanded - MPCB","09-04-2026 11:00:00",19.173852,77.296291,CO,17,27,22
India,Maharashtra,Nashik,"Gangapur Road, Nashik - MPCB","09-04-2026 11:00:00",20.0073285,73.7762427,PM2.5,16,302,73
India,Maharashtra,Nashik,"Hirawadi, Nashik - MPCB","09-04-2026 11:00:00",20.021503,73.813844,PM10,72,107,92
India,Maharashtra,Nashik,"Hirawadi, Nashik - MPCB","09-04-2026 11:00:00",20.021503,73.813844,NO2,1,8,3
India,Maharashtra,Nashik,"Hirawadi, Nashik - MPCB","09-04-2026 11:00:00",20.021503,73.813844,NH3,2,15,5
India,Maharashtra,Nashik,"MIDC Ambad, Nashik - MPCB","09-04-2026 11:00:00",19.950220,73.731480,PM2.5,29,97,62
India,Maharashtra,Nashik,"MIDC Ambad, Nashik - MPCB","09-04-2026 11:00:00",19.950220,73.731480,SO2,2,9,7
India,Maharashtra,Nagpur,"Ram Nagar, Nagpur - MPCB","09-04-2026 11:00:00",21.143383,79.048912,NO2,3,20,10
India,Maharashtra,Nagpur,"Ram Nagar, Nagpur - MPCB","09-04-2026 11:00:00",21.143383,79.048912,OZONE,17,42,25
India,Maharashtra,Pimpri-Chinchwad,"Thergaon, Pimpri Chinchwad - MPCB","09-04-2026 11:00:00",18.616318,73.765797,PM10,47,119,74
India,Maharashtra,"Navi Mumbai","Kopripada-Vashi, Navi Mumbai - MPCB","09-04-2026 11:00:00",19.090337,73.014232,PM2.5,34,90,54
India,Maharashtra,Nashik,"Pandav Nagari, Nashik - MPCB","09-04-2026 11:00:00",19.9591346,73.7788008,SO2,1,5,2
India,Maharashtra,Pune,"Panchawati_Pashan, Pune - IITM","09-04-2026 11:00:00",18.536457,73.805454,NO2,6,26,11
India,Maharashtra,Pune,"Panchawati_Pashan, Pune - IITM","09-04-2026 11:00:00",18.536457,73.805454,CO,22,81,69
India,Maharashtra,Pune,"Panchawati_Pashan, Pune - IITM","09-04-2026 11:00:00",18.536457,73.805454,OZONE,1,22,6
India,Maharashtra,Pune,"Revenue Colony-Shivajinagar, Pune - IITM","09-04-2026 11:00:00",18.530085,73.849598,PM10,50,106,74
India,Maharashtra,Solapur,"Dnyaneshwar Nagar, Solapur - MPCB","09-04-2026 11:00:00",17.6336264,75.9132495,NO2,8,76,23
India,Maharashtra,Solapur,"Ratandeep Housing Society, Solapur - MPCB","09-04-2026 11:00:00",17.65439,75.90649,PM10,101,129,110
India,Maharashtra,Solapur,"Ratandeep Housing Society, Solapur - MPCB","09-04-2026 11:00:00",17.65439,75.90649,NO2,31,105,50
India,Maharashtra,Thane,"Upvan Fort, Thane - MPCB","09-04-2026 11:00:00",19.222279,72.957979,NO2,2,8,5
India,Maharashtra,Ulhasnagar,"Sidhi Vinayak Nagar, Ulhasnagar - MPCB","09-04-2026 11:00:00",19.235581,73.159121,SO2,2,14,6
India,Maharashtra,Ulhasnagar,"Sidhi Vinayak Nagar, Ulhasnagar - MPCB","09-04-2026 11:00:00",19.235581,73.159121,CO,12,30,19
India,Maharashtra,Pimpri-Chinchwad,"Transport Nagar-Nigdi, Pune - IITM","09-04-2026 11:00:00",18.664282,73.763966,PM2.5,15,59,34
India,Maharashtra,Pimpri-Chinchwad,"Transport Nagar-Nigdi, Pune - IITM","09-04-2026 11:00:00",18.664282,73.763966,PM10,39,84,61
India,Maharashtra,Pimpri-Chinchwad,"Transport Nagar-Nigdi, Pune - IITM","09-04-2026 11:00:00",18.664282,73.763966,NO2,16,31,23
India,Maharashtra,Pune,"Dhankawadi, Pune - IITM","09-04-2026 11:00:00",18.459883,73.852193,NO2,12,29,21
India,Maharashtra,Pune,"Katraj Dairy, Pune - MPCB","09-04-2026 11:00:00",18.454450,73.854155,CO,10,70,14
India,Maharashtra,Thane,"Kasarvadavali, Thane - MPCB","09-04-2026 11:00:00",19.26777,72.97182,NH3,3,5,4
India,Maharashtra,Thane,"Kasarvadavali, Thane - MPCB","09-04-2026 11:00:00",19.26777,72.97182,OZONE,4,20,9
India,Maharashtra,Sangli,"Vijay Nagar, Sangli - MPCB","09-04-2026 11:00:00"," 16.5038",74.3623,PM10,NA,NA,NA
India,Maharashtra,Sangli,"Vijay Nagar, Sangli - MPCB","09-04-2026 11:00:00"," 16.5038",74.3623,NH3,NA,NA,NA
India,Maharashtra,Thane,"Upvan Fort, Thane - MPCB","09-04-2026 11:00:00",19.222279,72.957979,PM10,73,146,100
India,Maharashtra,Pune,"Dhankawadi, Pune - IITM","09-04-2026 11:00:00",18.459883,73.852193,PM2.5,24,129,51
India,Meghalaya,Shillong,"Lumpyngngad, Shillong - Meghalaya PCB","09-04-2026 11:00:00",25.5586,91.8985,OZONE,9,66,40
India,Mizoram,Aizawl,"Sikulpuikawn, Aizawl - Mizoram PCB","09-04-2026 11:00:00",23.7176342,92.7192841,PM2.5,13,44,27
India,Mizoram,Aizawl,"Sikulpuikawn, Aizawl - Mizoram PCB","09-04-2026 11:00:00",23.7176342,92.7192841,PM10,17,52,33
India,Mizoram,Aizawl,"Sikulpuikawn, Aizawl - Mizoram PCB","09-04-2026 11:00:00",23.7176342,92.7192841,NO2,1,1,1
India,Mizoram,Aizawl,"Sikulpuikawn, Aizawl - Mizoram PCB","09-04-2026 11:00:00",23.7176342,92.7192841,CO,3,3,3
India,Odisha,Barbil,"Forest Office, Barbil - OSPCB","09-04-2026 11:00:00",22.1166054,85.3945546,OZONE,47,128,75
India,Odisha,Baripada,"Meher Colony, Baripada - OSPCB","09-04-2026 11:00:00",21.941841,86.728318,PM2.5,17,50,30
India,Odisha,Bhubaneswar,"Lingraj Mandir, Bhubaneswar - OSPCB","09-04-2026 11:00:00",20.240790,85.836784,PM2.5,NA,NA,NA
India,Odisha,Bhubaneswar,"Lingraj Mandir, Bhubaneswar - OSPCB","09-04-2026 11:00:00",20.240790,85.836784,NH3,NA,NA,NA
India,Odisha,Bhubaneswar,"Lingraj Mandir, Bhubaneswar - OSPCB","09-04-2026 11:00:00",20.240790,85.836784,SO2,NA,NA,NA
India,Odisha,Byasanagar,"Ferro Chrome Colony, Byasanagar - OSPCB","09-04-2026 11:00:00",20.94185,86.11510,PM10,23,51,37
India,Odisha,Byasanagar,"Ferro Chrome Colony, Byasanagar - OSPCB","09-04-2026 11:00:00",20.94185,86.11510,CO,4,18,11
India,Odisha,Cuttack,"CDA Area, Cuttack - OSPCB","09-04-2026 11:00:00","20.48891     ","85.84768     ",NH3,2,2,2
India,Odisha,Bhubaneswar,"Patia, Bhubaneswar - OSPCB","09-04-2026 11:00:00",20.34652,85.81630,NO2,8,19,12
India,Odisha,Bileipada,"Tata Township, Bileipada - OSPCB","09-04-2026 11:00:00",22.06156703,85.47409613,CO,14,20,20
India,Odisha,Balasore,"Kalidaspur, Balasore - OSPCB","09-04-2026 11:00:00",21.51161,86.89088,CO,40,54,47
India,Odisha,Barbil,"Forest Office, Barbil - OSPCB","09-04-2026 11:00:00",22.1166054,85.3945546,NH3,NA,NA,NA
India,Maharashtra,Ulhasnagar,"Vithalwadi, Ulhasnagar - MPCB","09-04-2026 11:00:00","19.2307571 ",73.1551920,PM10,40,73,52
India,Maharashtra,Ulhasnagar,"Vithalwadi, Ulhasnagar - MPCB","09-04-2026 11:00:00","19.2307571 ",73.1551920,OZONE,9,36,13
India,Odisha,Angul,"Hakimapada, Angul - OSPCB","09-04-2026 11:00:00",20.832874,85.104082,CO,50,130,104
India,Odisha,Angul,"Hakimapada, Angul - OSPCB","09-04-2026 11:00:00",20.832874,85.104082,OZONE,16,134,32
India,Maharashtra,Ulhasnagar,"Vithalwadi, Ulhasnagar - MPCB","09-04-2026 11:00:00","19.2307571 ",73.1551920,PM2.5,7,25,15
India,Meghalaya,Shillong,"JN Stadium, Shillong - Meghalaya PCB","09-04-2026 11:00:00",25.5803419,91.8942571,SO2,28,33,31
India,Punjab,Bathinda,"Hardev Nagar, Bathinda - PPCB","09-04-2026 11:00:00",30.233011,74.907758,PM10,14,72,45
India,Punjab,Bathinda,"Hardev Nagar, Bathinda - PPCB","09-04-2026 11:00:00",30.233011,74.907758,NO2,8,23,14
India,Punjab,Jalandhar,"Civil Line, Jalandhar - PPCB","09-04-2026 11:00:00",31.321907,75.578914,PM2.5,40,82,50
India,Punjab,Jalandhar,"Civil Line, Jalandhar - PPCB","09-04-2026 11:00:00",31.321907,75.578914,NO2,27,31,29
India,Punjab,Jalandhar,"Civil Line, Jalandhar - PPCB","09-04-2026 11:00:00",31.321907,75.578914,CO,31,36,34
India,Punjab,Khanna,"Kalal Majra, Khanna - PPCB","09-04-2026 11:00:00","30.736056 ",76.209694,NO2,26,31,28
India,Punjab,Ludhiana,"Punjab Agricultural University, Ludhiana - PPCB","09-04-2026 11:00:00",30.9028,75.8086,PM2.5,57,85,68
India,Punjab,Ludhiana,"Punjab Agricultural University, Ludhiana - PPCB","09-04-2026 11:00:00",30.9028,75.8086,NH3,7,9,8
India,Punjab,"Mandi Gobindgarh","RIMT University, Mandi Gobindgarh - PPCB","09-04-2026 11:00:00",30.649961,76.331442,PM2.5,51,95,67
India,Punjab,"Mandi Gobindgarh","RIMT University, Mandi Gobindgarh - PPCB","09-04-2026 11:00:00",30.649961,76.331442,PM10,66,115,85
India,Punjab,"Mandi Gobindgarh","RIMT University, Mandi Gobindgarh - PPCB","09-04-2026 11:00:00",30.649961,76.331442,SO2,3,75,21
India,Odisha,Rairangpur,"Divisional Forest Office, Rairangpur - OSPCB","09-04-2026 11:00:00",22.265816,86.174829,PM10,30,55,41
India,Odisha,Rairangpur,"Divisional Forest Office, Rairangpur - OSPCB","09-04-2026 11:00:00",22.265816,86.174829,NH3,1,1,1
India,Odisha,Rairangpur,"Divisional Forest Office, Rairangpur - OSPCB","09-04-2026 11:00:00",22.265816,86.174829,SO2,7,13,9
India,Odisha,Rourkela,"Fertilizer Township, Rourkela - OSPCB","09-04-2026 11:00:00",22.18972222,84.86277778,NO2,11,11,11
India,Odisha,Rourkela,"Raghunathpali, Rourkela - OSPCB","09-04-2026 11:00:00",22.220833,84.809444,PM2.5,27,50,40
India,Odisha,Suakati,"OMC Colony, Suakati - OSPCB","09-04-2026 11:00:00",21.606865,85.510538,NH3,7,7,7
India,Odisha,Talcher,"Talcher Coalfields,Talcher - OSPCB","09-04-2026 11:00:00",20.9360711,85.1707021,NO2,22,54,38
India,Rajasthan,Alwar,"Moti Doongri, Alwar - RSPCB","09-04-2026 11:00:00",27.554793,76.611536,SO2,14,52,27
India,Rajasthan,Banswara,"Rati Talai, Banswara - RSPCB","09-04-2026 11:00:00",23.555190,74.440010,PM2.5,16,113,52
India,Rajasthan,Banswara,"Rati Talai, Banswara - RSPCB","09-04-2026 11:00:00",23.555190,74.440010,CO,18,36,29
India,Rajasthan,Baran,"Bamboliya, Baran - RSPCB","09-04-2026 11:00:00",25.106006,76.469948,PM2.5,7,62,38
India,Rajasthan,Bharatpur,"Krishna Nagar, Bharatpur - RSPCB","09-04-2026 11:00:00",27.215415,77.50873,CO,12,62,21
India,Rajasthan,Bhilwara,"Pratap Nagar, Bhilwara - RSPCB","09-04-2026 11:00:00",25.339605,74.618883,PM10,67,142,93
India,Rajasthan,Bhilwara,"Pratap Nagar, Bhilwara - RSPCB","09-04-2026 11:00:00",25.339605,74.618883,NO2,7,54,20
India,Odisha,Tensa,"Barsua Iron Ore Mines, Tensa - OSPCB","09-04-2026 11:00:00",21.869985,85.167016,PM10,37,73,53
India,Puducherry,Puducherry,"Jawahar Nagar, Puducherry - PPCC","09-04-2026 11:00:00",11.9309,79.8027,NH3,1,5,2
India,Puducherry,Puducherry,"Jawahar Nagar, Puducherry - PPCC","09-04-2026 11:00:00",11.9309,79.8027,SO2,3,13,8
India,Puducherry,Puducherry,"Jawahar Nagar, Puducherry - PPCC","09-04-2026 11:00:00",11.9309,79.8027,OZONE,15,52,22
India,Punjab,Amritsar,"Golden Temple, Amritsar - PPCB","09-04-2026 11:00:00",31.620000,74.876512,PM2.5,62,90,70
India,Punjab,Amritsar,"Golden Temple, Amritsar - PPCB","09-04-2026 11:00:00",31.620000,74.876512,PM10,87,118,98
India,Odisha,Cuttack,"CDA Area, Cuttack - OSPCB","09-04-2026 11:00:00","20.48891     ","85.84768     ",OZONE,9,40,19
India,Odisha,Keonjhar,"Jagamohanpur, Keonjhar - OSPCB","09-04-2026 11:00:00",21.643900,85.599355,PM10,39,68,52
India,Odisha,Nayagarh,"Dabuna, Nayagarh - OSPCB","09-04-2026 11:00:00",21.847279,85.416905,PM10,23,78,54
India,Odisha,Nayagarh,"Dabuna, Nayagarh - OSPCB","09-04-2026 11:00:00",21.847279,85.416905,OZONE,12,17,13
India,Rajasthan,Bhiwadi,"RIICO Ind. Area III, Bhiwadi - RSPCB","09-04-2026 11:00:00",28.194909,76.862296,OZONE,4,36,12
India,Rajasthan,Bhiwadi,"Vasundhara Nagar_UIT, Bhiwadi - RSPCB","09-04-2026 11:00:00",28.207266,76.829265,PM10,64,240,136
India,Rajasthan,Bhiwadi,"Vasundhara Nagar_UIT, Bhiwadi - RSPCB","09-04-2026 11:00:00",28.207266,76.829265,NH3,2,12,8
India,Punjab,Rupnagar,"Ratanpura, Rupnagar - Ambuja Cements","09-04-2026 11:00:00",31.0325454,76.5623046,PM2.5,12,65,19
India,Rajasthan,Ajmer,"Civil Lines,  Ajmer - RSPCB","09-04-2026 11:00:00",26.470859,74.646594,NH3,3,4,4
India,Rajasthan,Bundi,"New Colony, Bundi - RSPCB","09-04-2026 11:00:00",25.435774,75.644272,PM2.5,17,78,38
India,Rajasthan,Churu,"Subash Chowk, Churu - RSPCB","09-04-2026 11:00:00",28.296139,74.961696,NO2,11,41,22
India,Rajasthan,Bikaner,"MM Ground, Bikaner - RSPCB","09-04-2026 11:00:00",28.018792,73.292658,PM10,76,294,127
India,Rajasthan,Jaipur,"RIICO Sitapura, Jaipur - RSPCB","09-04-2026 11:00:00",26.786682,75.827928,SO2,NA,NA,NA
India,Rajasthan,Jaipur,"Sector-2 Murlipura, Jaipur - RSPCB","09-04-2026 11:00:00",26.960669,75.771817,PM2.5,29,123,66
India,Rajasthan,Jaipur,"Sector-2 Murlipura, Jaipur - RSPCB","09-04-2026 11:00:00",26.960669,75.771817,NH3,3,6,4
India,Rajasthan,Jaipur,"Sector-2 Murlipura, Jaipur - RSPCB","09-04-2026 11:00:00",26.960669,75.771817,SO2,1,5,3
India,Rajasthan,Jaipur,"Shastri Nagar, Jaipur - RSPCB","09-04-2026 11:00:00",26.9502929,75.730943,PM2.5,40,203,83
India,Rajasthan,Jaipur,"Shastri Nagar, Jaipur - RSPCB","09-04-2026 11:00:00",26.9502929,75.730943,PM10,38,139,80
India,Rajasthan,Jaipur,"Shastri Nagar, Jaipur - RSPCB","09-04-2026 11:00:00",26.9502929,75.730943,NO2,32,87,45
India,Rajasthan,Jaipur,"Shastri Nagar, Jaipur - RSPCB","09-04-2026 11:00:00",26.9502929,75.730943,NH3,7,16,10
India,Rajasthan,Jodhpur,"Collectorate, Jodhpur - RSPCB","09-04-2026 11:00:00",26.268249,73.0193853,PM2.5,36,152,81
India,Rajasthan,Jodhpur,"Collectorate, Jodhpur - RSPCB","09-04-2026 11:00:00",26.268249,73.0193853,NO2,16,30,21
India,Rajasthan,Jodhpur,"Collectorate, Jodhpur - RSPCB","09-04-2026 11:00:00",26.268249,73.0193853,SO2,1,51,11
India,Rajasthan,Jodhpur,"Digari Kalan, Jodhpur - RSPCB","09-04-2026 11:00:00",26.295810,73.082283,OZONE,15,96,44
India,Rajasthan,Jodhpur,"Jhalamand, Jodhpur - RSPCB","09-04-2026 11:00:00",26.215415,73.070156,PM2.5,23,92,42
India,Rajasthan,Jodhpur,"Jhalamand, Jodhpur - RSPCB","09-04-2026 11:00:00",26.215415,73.070156,PM10,54,139,93
India,Rajasthan,Jodhpur,"Jhalamand, Jodhpur - RSPCB","09-04-2026 11:00:00",26.215415,73.070156,CO,6,27,16
India,Rajasthan,Dausa,"Khatikan Mohalla, Dausa - RSPCB","09-04-2026 11:00:00",26.895552,76.334753,OZONE,39,98,56
India,Rajasthan,Dholpur,"Raja Ganj, Dholpur - RSPCB","09-04-2026 11:00:00",26.699557,77.898881,NO2,8,35,18
India,Rajasthan,Dholpur,"Raja Ganj, Dholpur - RSPCB","09-04-2026 11:00:00",26.699557,77.898881,OZONE,27,64,37
India,Rajasthan,Dungarpur,"Bhoiwada, Dungarpur - RSPCB","09-04-2026 11:00:00",23.837789,73.714926,PM10,72,116,100
India,Rajasthan,Dungarpur,"Bhoiwada, Dungarpur - RSPCB","09-04-2026 11:00:00",23.837789,73.714926,NO2,11,35,21
India,Rajasthan,Jaipur,"Mansarovar Sector-12, Jaipur - RSPCB","09-04-2026 11:00:00",26.843698,75.766894,NH3,9,63,17
India,Rajasthan,Jaipur,"Police Commissionerate, Jaipur - RSPCB","09-04-2026 11:00:00",26.9164092,75.7994901,SO2,NA,NA,NA
India,Rajasthan,Jalore,"Mudtra Sili, Jalore - RSPCB","09-04-2026 11:00:00",25.344694,72.626208,NO2,7,58,23
India,Rajasthan,Jalore,"Mudtra Sili, Jalore - RSPCB","09-04-2026 11:00:00",25.344694,72.626208,SO2,2,10,4
India,Rajasthan,Jalore,"Mudtra Sili, Jalore - RSPCB","09-04-2026 11:00:00",25.344694,72.626208,OZONE,30,95,51
India,Rajasthan,Hanumangarh,"Housing Board, Hanumangarh - RSPCB","09-04-2026 11:00:00",29.610750,74.283608,NH3,4,6,5
India,Rajasthan,Hanumangarh,"Housing Board, Hanumangarh - RSPCB","09-04-2026 11:00:00",29.610750,74.283608,OZONE,17,79,30
India,Rajasthan,Dausa,"Khatikan Mohalla, Dausa - RSPCB","09-04-2026 11:00:00",26.895552,76.334753,PM10,52,137,90
India,Rajasthan,Dausa,"Khatikan Mohalla, Dausa - RSPCB","09-04-2026 11:00:00",26.895552,76.334753,NO2,8,65,22
India,Rajasthan,Jaipur,"Police Commissionerate, Jaipur - RSPCB","09-04-2026 11:00:00",26.9164092,75.7994901,OZONE,NA,NA,NA
India,Rajasthan,Churu,"Subash Chowk, Churu - RSPCB","09-04-2026 11:00:00",28.296139,74.961696,NH3,4,10,6
India,Rajasthan,Tonk,"Shastri Nagar, Tonk - RSPCB","09-04-2026 11:00:00",26.159933,75.780517,OZONE,74,175,92
India,Rajasthan,Udaipur,"Ashok Nagar, Udaipur - RSPCB","09-04-2026 11:00:00",24.5886166,73.6321397,SO2,1,20,6
India,Sikkim,Gangtok,"Zero Point GICI, Gangtok - SSPCB","09-04-2026 11:00:00",27.338530,88.614099,PM10,NA,NA,NA
India,TamilNadu,Chennai,"Kodungaiyur, Chennai - TNPCB","09-04-2026 11:00:00",13.1278,80.2642,PM2.5,17,63,42
India,TamilNadu,Chennai,"Kodungaiyur, Chennai - TNPCB","09-04-2026 11:00:00",13.1278,80.2642,NH3,3,6,4
India,TamilNadu,Chennai,"Manali Village, Chennai - TNPCB","09-04-2026 11:00:00",13.1662,80.2584,PM10,NA,NA,NA
India,TamilNadu,Chennai,"Manali Village, Chennai - TNPCB","09-04-2026 11:00:00",13.1662,80.2584,CO,31,40,38
India,Rajasthan,Karauli,"Satyawati Vihar, Karauli - RSPCB","09-04-2026 11:00:00",26.506177,77.025989,OZONE,33,109,49
India,Rajasthan,Kota,"Dhanmandi, Kota - RSPCB","09-04-2026 11:00:00",25.164090,75.858137,PM2.5,NA,NA,NA
India,Rajasthan,Kota,"Dhanmandi, Kota - RSPCB","09-04-2026 11:00:00",25.164090,75.858137,NH3,NA,NA,NA
India,Rajasthan,Kota,"Nayapura, Kota - RSPCB","09-04-2026 11:00:00",25.196024,75.855668,CO,6,79,14
India,Rajasthan,Kota,"Shrinath Puram, Kota - RSPCB","09-04-2026 11:00:00",25.14389,75.821256,PM10,54,155,96
India,Rajasthan,Kota,"Shrinath Puram, Kota - RSPCB","09-04-2026 11:00:00",25.14389,75.821256,SO2,5,45,13
India,Rajasthan,Kota,"Shrinath Puram, Kota - RSPCB","09-04-2026 11:00:00",25.14389,75.821256,OZONE,5,13,8
India,Rajasthan,Rajsamand,"Dhoinda, Rajsamand - RSPCB","09-04-2026 11:00:00",25.036360,73.883502,SO2,1,16,4
India,Rajasthan,Rajsamand,"Dhoinda, Rajsamand - RSPCB","09-04-2026 11:00:00",25.036360,73.883502,CO,38,88,58
India,Rajasthan,Rajsamand,"Dhoinda, Rajsamand - RSPCB","09-04-2026 11:00:00",25.036360,73.883502,OZONE,8,97,55
India,Rajasthan,"Sawai Madhopur","Sahu Nagar, Sawai Madhopur - RSPCB","09-04-2026 11:00:00",26.031443,76.359327,PM10,44,128,73
India,Rajasthan,"Sawai Madhopur","Sahu Nagar, Sawai Madhopur - RSPCB","09-04-2026 11:00:00",26.031443,76.359327,NH3,4,11,6
India,Rajasthan,"Sawai Madhopur","Sahu Nagar, Sawai Madhopur - RSPCB","09-04-2026 11:00:00",26.031443,76.359327,CO,1,66,38
India,Rajasthan,Sikar,"Radhakishan Pura, Sikar - RSPCB","09-04-2026 11:00:00",27.608912,75.153302,PM10,47,247,94
India,TamilNadu,Chennai,"Perungudi, Chennai - TNPCB","09-04-2026 11:00:00",12.9533,80.2357,NO2,3,8,5
India,TamilNadu,Chennai,"Royapuram, Chennai - TNPCB","09-04-2026 11:00:00",13.1036,80.2909,PM10,34,85,54
India,TamilNadu,Chennai,"Royapuram, Chennai - TNPCB","09-04-2026 11:00:00",13.1036,80.2909,SO2,5,7,6
India,TamilNadu,Chennai,"Velachery Res. Area, Chennai - CPCB","09-04-2026 11:00:00",13.0052189,80.2398125,PM2.5,29,35,29
India,TamilNadu,Chennai,"Velachery Res. Area, Chennai - CPCB","09-04-2026 11:00:00",13.0052189,80.2398125,NO2,12,13,12
India,TamilNadu,Chennai,"Velachery Res. Area, Chennai - CPCB","09-04-2026 11:00:00",13.0052189,80.2398125,NH3,2,3,3
India,Rajasthan,Sirohi,"Vedhaynath Colony, Sirohi - RSPCB","09-04-2026 11:00:00",24.885261,72.857549,CO,6,28,23
India,Rajasthan,Tonk,"Shastri Nagar, Tonk - RSPCB","09-04-2026 11:00:00",26.159933,75.780517,PM2.5,18,92,41
India,Rajasthan,Tonk,"Shastri Nagar, Tonk - RSPCB","09-04-2026 11:00:00",26.159933,75.780517,PM10,34,132,89
India,Rajasthan,Tonk,"Shastri Nagar, Tonk - RSPCB","09-04-2026 11:00:00",26.159933,75.780517,NH3,5,7,6
India,Rajasthan,Jodhpur,"Samrat Ashok Udhyan, Jodhpur - RSPCB","09-04-2026 11:00:00",26.253384,72.976571,OZONE,39,147,77
India,Rajasthan,Karauli,"Satyawati Vihar, Karauli - RSPCB","09-04-2026 11:00:00",26.506177,77.025989,PM2.5,2,83,40
India,Rajasthan,Karauli,"Satyawati Vihar, Karauli - RSPCB","09-04-2026 11:00:00",26.506177,77.025989,CO,28,90,64
India,Rajasthan,Jodhpur,"Samrat Ashok Udhyan, Jodhpur - RSPCB","09-04-2026 11:00:00",26.253384,72.976571,NH3,6,14,8
India,Rajasthan,Jodhpur,"Samrat Ashok Udhyan, Jodhpur - RSPCB","09-04-2026 11:00:00",26.253384,72.976571,SO2,1,4,2
India,Rajasthan,Jodhpur,"Samrat Ashok Udhyan, Jodhpur - RSPCB","09-04-2026 11:00:00",26.253384,72.976571,CO,12,32,19
India,Rajasthan,Pratapgarh,"Pragati Nagar, Pratapgarh - RSPCB","09-04-2026 11:00:00",24.041198,74.780702,PM2.5,35,77,57
India,Rajasthan,Nagaur,"Karni Colony, Nagaur - RSPCB","09-04-2026 11:00:00",27.213494,73.734444,OZONE,33,101,46
India,TamilNadu,Gummidipoondi,"Anthoni Pillai Nagar, Gummidipoondi - TNPCB","09-04-2026 11:00:00",13.4127,80.1081,NH3,1,1,1
India,TamilNadu,Madurai,"Uchapatti, Madurai - TNPCB","09-04-2026 11:00:00",9.865935,78.022669,NH3,9,9,9
India,TamilNadu,Madurai,"Uchapatti, Madurai - TNPCB","09-04-2026 11:00:00",9.865935,78.022669,OZONE,1,1,1
India,TamilNadu,Ooty,"Bombay Castel, Ooty - TNPCB","09-04-2026 11:00:00",11.4068288,76.7138973,NO2,NA,NA,NA
India,TamilNadu,Perundurai,"SIPCOT Industrial Park, Perundurai - TNPCB","09-04-2026 11:00:00",11.258242,77.552761,NH3,4,5,4
India,Telangana,Hyderabad,"Zoo Park, Hyderabad - TSPCB","09-04-2026 11:00:00",17.349694,78.451437,OZONE,6,25,24
India,Tripura,Agartala,"Bardowali, Agartala - Tripura SPCB","09-04-2026 11:00:00",23.8175497,91.2726974,CO,10,29,12
India,Uttar_Pradesh,Agra,"Rohta, Agra - UPPCB","09-04-2026 11:00:00",27.106972,78.000111,PM10,40,103,60
India,Uttar_Pradesh,Agra,"Rohta, Agra - UPPCB","09-04-2026 11:00:00",27.106972,78.000111,NO2,13,13,13
India,Uttar_Pradesh,Agra,"Rohta, Agra - UPPCB","09-04-2026 11:00:00",27.106972,78.000111,SO2,4,9,6
India,Telangana,Hyderabad,"New Malakpet, Hyderabad - TSPCB","09-04-2026 11:00:00",17.37206,78.50864,NO2,13,15,14
India,Telangana,Hyderabad,"New Malakpet, Hyderabad - TSPCB","09-04-2026 11:00:00",17.37206,78.50864,CO,25,39,27
India,Telangana,Hyderabad,"Ramachandrapuram, Hyderabad - TSPCB","09-04-2026 11:00:00",17.528544,78.286195,PM10,68,89,77
India,Telangana,Hyderabad,"Ramachandrapuram, Hyderabad - TSPCB","09-04-2026 11:00:00",17.528544,78.286195,OZONE,22,33,25
India,Telangana,Hyderabad,"Sanathnagar, Hyderabad - TSPCB","09-04-2026 11:00:00",17.4559458,78.4332152,NO2,7,53,25
India,Uttar_Pradesh,Agra,"Shastripuram, Agra - UPPCB","09-04-2026 11:00:00",27.19862,77.92066,PM2.5,16,49,27
India,Uttar_Pradesh,Agra,"Shastripuram, Agra - UPPCB","09-04-2026 11:00:00",27.19862,77.92066,OZONE,12,13,12
India,Uttar_Pradesh,Baghpat,"Sardar Patel Inter College, Baghpat - UPPCB","09-04-2026 11:00:00",28.964949,77.278761,NO2,9,16,13
India,Uttar_Pradesh,Baghpat,"Sardar Patel Inter College, Baghpat - UPPCB","09-04-2026 11:00:00",28.964949,77.278761,NH3,1,2,1
India,Telangana,Hyderabad,"ECIL Kapra, Hyderabad - TSPCB","09-04-2026 11:00:00",17.470431,78.566959,SO2,9,39,26
India,Telangana,Hyderabad,"ICRISAT Patancheru, Hyderabad - TSPCB","09-04-2026 11:00:00",17.518400,78.278777,CO,12,108,75
India,Telangana,Hyderabad,"Kokapet, Hyderabad - TSPCB","09-04-2026 11:00:00",17.393559,78.339194,NO2,12,17,14
India,Telangana,Hyderabad,"Kompally Municipal Office, Hyderabad - TSPCB","09-04-2026 11:00:00",17.544899,78.486949,OZONE,22,32,25
India,Telangana,Hyderabad,"Somajiguda, Hyderabad - TSPCB","09-04-2026 11:00:00",17.417094,78.457437,NO2,16,17,17
India,Telangana,Hyderabad,"Zoo Park, Hyderabad - TSPCB","09-04-2026 11:00:00",17.349694,78.451437,SO2,1,3,2
India,Telangana,Hyderabad,"Central University, Hyderabad - TSPCB","09-04-2026 11:00:00",17.460103,78.334361,CO,8,82,46
India,Telangana,Hyderabad,"Kokapet, Hyderabad - TSPCB","09-04-2026 11:00:00",17.393559,78.339194,PM10,86,113,92
India,Uttar_Pradesh,Baghpat,"Sardar Patel Inter College, Baghpat - UPPCB","09-04-2026 11:00:00",28.964949,77.278761,SO2,19,59,31
India,Uttar_Pradesh,Baghpat,"Sardar Patel Inter College, Baghpat - UPPCB","09-04-2026 11:00:00",28.964949,77.278761,OZONE,8,89,29
India,Uttar_Pradesh,Bareilly,"Civil Lines, Bareilly - UPPCB","09-04-2026 11:00:00",28.359581,79.414455,CO,28,38,31
India,Uttar_Pradesh,Bareilly,"Rajendra Nagar, Bareilly - UPPCB","09-04-2026 11:00:00",28.38910936,79.42963708,SO2,40,43,41
India,Uttar_Pradesh,Firozabad,"Nagla Bhau, Firozabad - UPPCB","09-04-2026 11:00:00",27.168897,78.376960,SO2,19,47,30
India,Uttar_Pradesh,Firozabad,"Nagla Bhau, Firozabad - UPPCB","09-04-2026 11:00:00",27.168897,78.376960,CO,18,42,28
India,Uttar_Pradesh,Firozabad,"Vibhab Nagar, Firozabad - UPPCB","09-04-2026 11:00:00",27.1594,78.3953,NH3,2,2,2
India,Uttar_Pradesh,Ghaziabad,"Ved Vihar-Loni, Ghaziabad - UPPCB","09-04-2026 11:00:00","28.739153 ","77.273668 ",SO2,3,4,4
India,Uttar_Pradesh,"Greater Noida","Knowledge Park - V, Greater Noida - UPPCB","09-04-2026 11:00:00",28.557054,77.453663,CO,22,102,30
India,Uttar_Pradesh,Ghaziabad,"Vasundhara, Ghaziabad - UPPCB","09-04-2026 11:00:00",28.6603346,77.3572563,NO2,13,46,26
India,Uttar_Pradesh,Ghaziabad,"Vasundhara, Ghaziabad - UPPCB","09-04-2026 11:00:00",28.6603346,77.3572563,SO2,12,32,21
India,Uttar_Pradesh,Ghaziabad,"Ved Vihar-Loni, Ghaziabad - UPPCB","09-04-2026 11:00:00","28.739153 ","77.273668 ",NO2,39,49,43
India,Uttar_Pradesh,Ghaziabad,"Indirapuram, Ghaziabad - UPPCB","09-04-2026 11:00:00",28.646233,77.358075,CO,37,52,44
India,Uttar_Pradesh,Ghaziabad,"Loni, Ghaziabad - UPPCB","09-04-2026 11:00:00",28.757294,77.278792,NH3,1,4,2
India,Uttar_Pradesh,Ghaziabad,"Sanjay Nagar, Ghaziabad - UPPCB","09-04-2026 11:00:00",28.685382,77.453839,SO2,11,32,17
India,Uttar_Pradesh,Ghaziabad,"Sanjay Nagar, Ghaziabad - UPPCB","09-04-2026 11:00:00",28.685382,77.453839,CO,20,60,37
India,Uttar_Pradesh,Bareilly,"Rajendra Nagar, Bareilly - UPPCB","09-04-2026 11:00:00",28.38910936,79.42963708,OZONE,NA,NA,NA
India,Uttar_Pradesh,Firozabad,"Nagla Bhau, Firozabad - UPPCB","09-04-2026 11:00:00",27.168897,78.376960,PM2.5,17,50,29
India,Uttar_Pradesh,Hapur,"Anand Vihar, Hapur - UPPCB","09-04-2026 11:00:00",28.725645,77.749675,CO,26,73,50
India,Uttar_Pradesh,Khora,"Prashant Garden, Khora - UPPCB","09-04-2026 11:00:00",28.61119,77.34206,CO,68,90,82
India,Uttar_Pradesh,Khora,"Prashant Garden, Khora - UPPCB","09-04-2026 11:00:00",28.61119,77.34206,OZONE,38,161,48
India,Uttar_Pradesh,Lucknow,"B R Ambedkar University, Lucknow - UPPCB","09-04-2026 11:00:00",26.766433,80.927299,NO2,11,12,12
India,Uttar_Pradesh,Lucknow,"B R Ambedkar University, Lucknow - UPPCB","09-04-2026 11:00:00",26.766433,80.927299,NH3,4,4,4
India,Uttar_Pradesh,Lucknow,"B R Ambedkar University, Lucknow - UPPCB","09-04-2026 11:00:00",26.766433,80.927299,SO2,17,24,20
India,Uttar_Pradesh,Lucknow,"Gomti Nagar, Lucknow - UPPCB","09-04-2026 11:00:00",26.868120,81.005119,NO2,7,9,8
India,Uttar_Pradesh,Lucknow,"Gomti Nagar, Lucknow - UPPCB","09-04-2026 11:00:00",26.868120,81.005119,OZONE,29,39,33
India,Uttar_Pradesh,Lucknow,"Kendriya Vidyalaya, Lucknow - CPCB","09-04-2026 11:00:00",26.906111,80.948222,NO2,25,29,27
India,Uttar_Pradesh,Lucknow,"Kendriya Vidyalaya, Lucknow - CPCB","09-04-2026 11:00:00",26.906111,80.948222,NH3,7,18,13
India,Uttar_Pradesh,Lucknow,"Kukrail Picnic Spot-1, Lucknow - UPPCB","09-04-2026 11:00:00",26.90723,80.98579,NH3,6,6,6
India,Uttar_Pradesh,Lucknow,"Lalbagh, Lucknow - CPCB","09-04-2026 11:00:00",26.8458805,80.9365541,SO2,1,19,5
India,Uttar_Pradesh,Lucknow,"Lalbagh, Lucknow - CPCB","09-04-2026 11:00:00",26.8458805,80.9365541,CO,5,55,31
India,Uttar_Pradesh,Lucknow,"Talkatora District Industries Center, Lucknow - CPCB","09-04-2026 11:00:00",26.83399722,80.8917361,NO2,44,47,46
India,Uttar_Pradesh,Kanpur,"FTI Kidwai Nagar, Kanpur - UPPCB","09-04-2026 11:00:00",26.428282,80.327067,CO,32,34,33
India,Uttar_Pradesh,Kanpur,"FTI Kidwai Nagar, Kanpur - UPPCB","09-04-2026 11:00:00",26.428282,80.327067,OZONE,9,15,9
India,Uttar_Pradesh,Kanpur,"Nehru Nagar, Kanpur - UPPCB","09-04-2026 11:00:00",26.4703136,80.3229863,NO2,48,53,51
India,Uttar_Pradesh,Modinagar,"SRM University, Modinagar - UPPCB","09-04-2026 11:00:00","28.798171 ","77.540243 ",NH3,2,4,3
India,Uttar_Pradesh,Modinagar,"SRM University, Modinagar - UPPCB","09-04-2026 11:00:00","28.798171 ","77.540243 ",CO,34,62,48
India,Uttar_Pradesh,Jhansi,"Shivaji Nagar, Jhansi - UPPCB","09-04-2026 11:00:00",25.4547,78.6039,PM2.5,12,53,28
India,Uttar_Pradesh,Jhansi,"Shivaji Nagar, Jhansi - UPPCB","09-04-2026 11:00:00",25.4547,78.6039,NH3,4,4,4
India,Uttar_Pradesh,Meerut,"Pallavpuram Phase 2, Meerut - UPPCB","09-04-2026 11:00:00",29.063510,77.709723,SO2,3,32,15
India,Uttar_Pradesh,Meerut,"Jai Bhim Nagar, Meerut - UPPCB","09-04-2026 11:00:00",28.9535882,77.7622941,PM2.5,9,57,29
India,Uttar_Pradesh,Meerut,"Jai Bhim Nagar, Meerut - UPPCB","09-04-2026 11:00:00",28.9535882,77.7622941,CO,16,34,27
India,Uttar_Pradesh,Moradabad,"Buddhi Vihar, Moradabad - UPPCB","09-04-2026 11:00:00",28.83526,78.74460,NH3,5,5,5
India,Uttar_Pradesh,Moradabad,"Eco Herbal Park, Moradabad - UPPCB","09-04-2026 11:00:00",28.840739,78.697531,PM10,8,47,20
India,Uttar_Pradesh,Moradabad,"Eco Herbal Park, Moradabad - UPPCB","09-04-2026 11:00:00",28.840739,78.697531,SO2,4,32,13
India,Uttar_Pradesh,Moradabad,"Eco Herbal Park, Moradabad - UPPCB","09-04-2026 11:00:00",28.840739,78.697531,CO,7,62,42
India,Uttar_Pradesh,Moradabad,"Employment Office, Moradabad - UPPCB","09-04-2026 11:00:00",28.88528,78.73880,CO,NA,NA,NA
India,Uttar_Pradesh,Moradabad,"Jigar Colony, Moradabad - UPPCB","09-04-2026 11:00:00",28.856664,78.772638,NO2,23,25,25
India,Uttar_Pradesh,Moradabad,"Jigar Colony, Moradabad - UPPCB","09-04-2026 11:00:00",28.856664,78.772638,NH3,6,6,6
India,Uttar_Pradesh,Moradabad,"Kashiram Nagar, Moradabad - UPPCB","09-04-2026 11:00:00",28.849399,78.742362,PM10,13,42,26
India,Uttar_Pradesh,Moradabad,"Transport Nagar, Moradabad - UPPCB","09-04-2026 11:00:00",28.802625,78.753728,PM10,NA,NA,NA
India,Uttar_Pradesh,Moradabad,"Transport Nagar, Moradabad - UPPCB","09-04-2026 11:00:00",28.802625,78.753728,NH3,NA,NA,NA
India,Uttar_Pradesh,Prayagraj,"Jhunsi, Prayagraj - UPPCB","09-04-2026 11:00:00",25.425602,81.917152,OZONE,18,77,19
India,Uttar_Pradesh,Prayagraj,"Motilal Nehru NIT, Prayagraj - UPPCB","09-04-2026 11:00:00",25.494,81.863,PM2.5,25,58,33
India,Uttar_Pradesh,Prayagraj,"Motilal Nehru NIT, Prayagraj - UPPCB","09-04-2026 11:00:00",25.494,81.863,NO2,12,12,12
India,Uttar_Pradesh,Raebareli," Indira Nagar, Raebareli - NTPC Unchahar","09-04-2026 11:00:00",26.207781,81.245571,PM10,NA,NA,NA
India,Uttar_Pradesh,Varanasi,"Ardhali Bazar, Varanasi - UPPCB","09-04-2026 11:00:00",25.3505986,82.9083074,OZONE,13,37,26
India,Uttar_Pradesh,Varanasi,"Bhelupur, Varanasi - UPPCB","09-04-2026 11:00:00",25.301778,82.996789,NO2,8,8,8
India,Uttar_Pradesh,Varanasi,"Bhelupur, Varanasi - UPPCB","09-04-2026 11:00:00",25.301778,82.996789,NH3,1,1,1
India,Uttar_Pradesh,Prayagraj,"Nagar Nigam, Prayagraj - UPPCB","09-04-2026 11:00:00","25.44919916 ","81.82735986 ",PM2.5,17,47,27
India,Uttar_Pradesh,Noida,"Sector - 125, Noida - UPPCB","09-04-2026 11:00:00",28.5447608,77.3231257,PM2.5,44,169,77
India,Uttar_Pradesh,Varanasi,"Maldahiya, Varanasi - UPPCB","09-04-2026 11:00:00",25.32393,82.99687,NO2,1,3,2
India,Uttar_Pradesh,Prayagraj,"Jhunsi, Prayagraj - UPPCB","09-04-2026 11:00:00",25.425602,81.917152,NO2,6,6,6
India,West_Bengal,Durgapur,"PCBL Residential Complex, Durgapur - WBPCB","09-04-2026 11:00:00",23.5087640,87.3544400,OZONE,3,7,3
India,West_Bengal,Haldia,"Priyambada Housing Estate, Haldia - WBPCB","09-04-2026 11:00:00",22.06047,88.109737,PM10,25,45,33
India,West_Bengal,Haldia,"Priyambada Housing Estate, Haldia - WBPCB","09-04-2026 11:00:00",22.06047,88.109737,NH3,4,5,4
India,West_Bengal,Haldia,"Priyambada Housing Estate, Haldia - WBPCB","09-04-2026 11:00:00",22.06047,88.109737,OZONE,8,79,8
India,West_Bengal,Howrah,"Belur Math, Howrah - WBPCB","09-04-2026 11:00:00",22.629801,88.352017,PM10,28,80,46
India,West_Bengal,Howrah,"Belur Math, Howrah - WBPCB","09-04-2026 11:00:00",22.629801,88.352017,NO2,24,89,42
India,Uttar_Pradesh,Varanasi,"Maldahiya, Varanasi - UPPCB","09-04-2026 11:00:00",25.32393,82.99687,OZONE,3,6,4
India,Uttar_Pradesh,Vrindavan,"Omex Eternity, Vrindavan - UPPCB","09-04-2026 11:00:00",27.5714090,77.6557570,NH3,4,8,7
India,Uttarakhand,Dehradun,"Doon University, Dehradun - UKPCB","09-04-2026 11:00:00",30.269444,78.044167,PM10,6,51,26
India,Uttarakhand,Dehradun,"Doon University, Dehradun - UKPCB","09-04-2026 11:00:00",30.269444,78.044167,SO2,1,1,1
India,Uttarakhand,Dehradun,"Doon University, Dehradun - UKPCB","09-04-2026 11:00:00",30.269444,78.044167,OZONE,4,60,17
India,West_Bengal,Barrackpore,"SVSPA Campus, Barrackpore - WBPCB","09-04-2026 11:00:00",22.7605581,88.3617589,SO2,13,15,13
India,West_Bengal,Durgapur,"Mahishkapur Road_B-Zone, Durgapur - WBPCB","09-04-2026 11:00:00",23.567923,87.306843,NO2,NA,NA,NA
India,West_Bengal,Durgapur,"Mahishkapur Road_B-Zone, Durgapur - WBPCB","09-04-2026 11:00:00",23.567923,87.306843,CO,NA,NA,NA
India,West_Bengal,Asansol,"Evelyn Lodge, Asansol - WBPCB","09-04-2026 11:00:00",23.6979360,86.9443950,PM2.5,14,57,36
India,West_Bengal,Asansol,"Mahabir Colliery, Asansol - WBPCB","09-04-2026 11:00:00",23.6181830,87.1057180,PM10,37,67,55
India,West_Bengal,Asansol,"Mahabir Colliery, Asansol - WBPCB","09-04-2026 11:00:00",23.6181830,87.1057180,CO,78,117,104
India,Uttarakhand,Rishikesh,"Shivaji Nagar, Rishikesh - UKPCB","09-04-2026 11:00:00",30.075911,78.2859547,PM10,2,3,2
India,Uttarakhand,Rishikesh,"Shivaji Nagar, Rishikesh - UKPCB","09-04-2026 11:00:00",30.075911,78.2859547,NO2,17,23,20
India,West_Bengal,Asansol,"Trivenidevi Bhalotia College, Asansol - WBPCB","09-04-2026 11:00:00",23.616515,87.119133,SO2,8,13,10
India,West_Bengal,Asansol,"Asansol Court Area, Asansol - WBPCB","09-04-2026 11:00:00",23.685297,86.945968,PM2.5,36,80,59
India,West_Bengal,Howrah,"Botanical Garden, Howrah - WBPCB","09-04-2026 11:00:00",22.554954,88.292568,PM10,15,52,28
India,West_Bengal,Howrah,"Belur Math, Howrah - WBPCB","09-04-2026 11:00:00",22.629801,88.352017,SO2,6,21,10
India,West_Bengal,Kolkata,"Fort William, Kolkata - WBPCB","09-04-2026 11:00:00",22.556640,88.342674,PM10,15,37,26
India,West_Bengal,Kolkata,"Jadavpur, Kolkata - WBPCB","09-04-2026 11:00:00",22.49929,88.36917,PM10,19,44,29
India,West_Bengal,Kolkata,"Jadavpur, Kolkata - WBPCB","09-04-2026 11:00:00",22.49929,88.36917,SO2,4,6,5
India,West_Bengal,Kolkata,"Ballygunge, Kolkata - WBPCB","09-04-2026 11:00:00",22.5367507,88.3638022,CO,16,34,25
India,West_Bengal,Kolkata,"Ballygunge, Kolkata - WBPCB","09-04-2026 11:00:00",22.5367507,88.3638022,OZONE,12,35,14
India,West_Bengal,Kolkata,"Bidhannagar, Kolkata - WBPCB","09-04-2026 11:00:00",22.58157048,88.41002457,NO2,17,19,18
India,West_Bengal,Howrah,"Padmapukur, Howrah - WBPCB","09-04-2026 11:00:00",22.5687319,88.2797276,NO2,12,12,12
India,West_Bengal,Howrah,"Padmapukur, Howrah - WBPCB","09-04-2026 11:00:00",22.5687319,88.2797276,SO2,5,69,18
India,West_Bengal,Howrah,"Padmapukur, Howrah - WBPCB","09-04-2026 11:00:00",22.5687319,88.2797276,CO,53,101,90
India,West_Bengal,Howrah,"Padmapukur, Howrah - WBPCB","09-04-2026 11:00:00",22.5687319,88.2797276,OZONE,9,48,17
India,West_Bengal,Kolkata,"Rabindra Sarobar, Kolkata - WBPCB","09-04-2026 11:00:00",22.51106,88.35142,PM2.5,27,44,34
India,West_Bengal,Kolkata,"Rabindra Sarobar, Kolkata - WBPCB","09-04-2026 11:00:00",22.51106,88.35142,PM10,23,409,49
India,West_Bengal,Kolkata,"Victoria, Kolkata - WBPCB","09-04-2026 11:00:00",22.5448082,88.3403691,NO2,30,40,34
India,West_Bengal,Kolkata,"Victoria, Kolkata - WBPCB","09-04-2026 11:00:00",22.5448082,88.3403691,SO2,11,60,18
India,West_Bengal,Kolkata,"Rabindra Bharati University, Kolkata - WBPCB","09-04-2026 11:00:00",22.627847,88.380669,SO2,4,10,7
India,West_Bengal,Howrah,"Botanical Garden, Howrah - WBPCB","09-04-2026 11:00:00",22.554954,88.292568,CO,6,22,13
India,West_Bengal,Kolkata,"Rabindra Sarobar, Kolkata - WBPCB","09-04-2026 11:00:00",22.51106,88.35142,NH3,6,9,8
India,West_Bengal,Howrah,"Dasnagar, Howrah - WBPCB","09-04-2026 11:00:00",22.6025571,88.3105664,PM10,2,90,37
India,Andhra_Pradesh,Vijayawada,"Rajiv Gandhi Park, Vijayawada - APPCB","09-04-2026 11:00:00",16.509717,80.612222,NO2,23,33,28
India,Andhra_Pradesh,Vijayawada,"Rajiv Gandhi Park, Vijayawada - APPCB","09-04-2026 11:00:00",16.509717,80.612222,OZONE,26,46,30
India,Andhra_Pradesh,Vijayawada,"Rajiv Nagar, Vijayawada - APPCB","09-04-2026 11:00:00",16.554731,80.649110,PM2.5,54,68,63
India,Andhra_Pradesh,Nellore,"Ambedkar Nagar, Nellore - APPCB ","09-04-2026 11:00:00","14.438164 ","79.966814 ",OZONE,8,47,12
India,Andhra_Pradesh,Rajamahendravaram,"Anand Kala Kshetram, Rajamahendravaram - APPCB","09-04-2026 11:00:00",16.9872867,81.7363176,PM2.5,22,59,37
India,Andhra_Pradesh,Vijayawada,"HB Colony, Vijayawada - APPCB","09-04-2026 11:00:00",16.536107,80.594233,NH3,4,7,5
India,Andhra_Pradesh,Vijayawada,"HB Colony, Vijayawada - APPCB","09-04-2026 11:00:00",16.536107,80.594233,SO2,10,22,14
India,Andhra_Pradesh,Vijayawada,"HB Colony, Vijayawada - APPCB","09-04-2026 11:00:00",16.536107,80.594233,OZONE,30,43,36
India,Andhra_Pradesh,Rajamahendravaram,"Anand Kala Kshetram, Rajamahendravaram - APPCB","09-04-2026 11:00:00",16.9872867,81.7363176,OZONE,13,32,16
India,Andhra_Pradesh,Machilipatnam,"Srinivas Nagar Colony, Machilipatnam - APPCB","09-04-2026 11:00:00",16.186555,81.13219,NO2,23,58,35
India,Andhra_Pradesh,Chittoor,"Gangineni Cheruvu, Chittoor - APPCB","09-04-2026 11:00:00",13.204880,79.097889,PM10,36,70,45
India,Andhra_Pradesh,Tirupati,"Vaikuntapuram, Tirupati - APPCB","09-04-2026 11:00:00",13.615387,79.409230,OZONE,17,35,17
India,Andhra_Pradesh,Tirupati,"Vaikuntapuram, Tirupati - APPCB","09-04-2026 11:00:00",13.615387,79.409230,NO2,19,29,22
India,Andhra_Pradesh,Anantapur,"Gulzarpet, Anantapur - APPCB","09-04-2026 11:00:00",14.675886,77.593027,CO,12,60,14
India,Andhra_Pradesh,Amaravati,"Secretariat, Amaravati - APPCB","09-04-2026 11:00:00",16.5150833,80.5181667,NH3,2,2,2
India,Assam,Guwahati,"Pan Bazaar, Guwahati - PCBA","09-04-2026 11:00:00",26.187500,91.744194,NO2,NA,NA,NA
India,Assam,Guwahati,"Pan Bazaar, Guwahati - PCBA","09-04-2026 11:00:00",26.187500,91.744194,SO2,10,11,11
India,Assam,Nagaon,"Christianpatty, Nagaon - PCBA","09-04-2026 11:00:00",26.349082,92.68449,PM10,11,49,28
India,Assam,Nalbari,"Bata Chowk, Nalbari - PCBA","09-04-2026 11:00:00",26.446912,91.439057,PM10,21,53,42
India,Assam,Nalbari,"Bata Chowk, Nalbari - PCBA","09-04-2026 11:00:00",26.446912,91.439057,SO2,6,8,8
India,Assam,Silchar,"Tarapur, Silchar - PCBA","09-04-2026 11:00:00",24.82827,92.79525,PM10,46,87,65
India,Bihar,Arrah,"New DM Office, Arrah - BSPCB","09-04-2026 11:00:00",25.5626095,84.663264,PM2.5,38,120,61
India,Bihar,Arrah,"New DM Office, Arrah - BSPCB","09-04-2026 11:00:00",25.5626095,84.663264,PM10,34,98,53
India,Bihar,Arrah,"New DM Office, Arrah - BSPCB","09-04-2026 11:00:00",25.5626095,84.663264,NO2,4,8,7
India,Bihar,Aurangabad,"Gurdeo Nagar, Aurangabad - BSPCB","09-04-2026 11:00:00",24.75746,84.366208,PM2.5,2,63,22
India,Bihar,Aurangabad,"Gurdeo Nagar, Aurangabad - BSPCB","09-04-2026 11:00:00",24.75746,84.366208,NO2,7,8,8
India,Bihar,Bhagalpur,"DM Office_Kachari Chowk, Bhagalpur - BSPCB","09-04-2026 11:00:00",25.251013,86.989001,NH3,1,1,1
India,Bihar,Bhagalpur,"DM Office_Kachari Chowk, Bhagalpur - BSPCB","09-04-2026 11:00:00",25.251013,86.989001,SO2,2,74,38
India,Bihar,Bhagalpur,"DM Office_Kachari Chowk, Bhagalpur - BSPCB","09-04-2026 11:00:00",25.251013,86.989001,CO,1,26,15
India,Bihar,Bhagalpur,"DM Office_Kachari Chowk, Bhagalpur - BSPCB","09-04-2026 11:00:00",25.251013,86.989001,OZONE,12,29,18
India,Bihar,Bhagalpur,"Mayaganj, Bhagalpur - BSPCB","09-04-2026 11:00:00",25.265194,87.012947,SO2,45,61,50
India,Bihar,Gaya,"Kareemganj, Gaya - BSPCB","09-04-2026 11:00:00",24.792403,84.992416,PM10,120,211,157
India,Bihar,Gaya,"Kareemganj, Gaya - BSPCB","09-04-2026 11:00:00",24.792403,84.992416,SO2,42,46,44
India,Bihar,Buxar,"Charitra Van, Buxar - BSPCB","09-04-2026 11:00:00",25.567520,83.966379,NO2,9,10,9
India,Bihar,Buxar,"Charitra Van, Buxar - BSPCB","09-04-2026 11:00:00",25.567520,83.966379,CO,19,33,24
India,Arunachal_Pradesh,Naharlagun,"Naharlagun, Naharlagun - APSPCB","09-04-2026 11:00:00",27.103358,93.679645,PM10,NA,NA,NA
India,Arunachal_Pradesh,Naharlagun,"Naharlagun, Naharlagun - APSPCB","09-04-2026 11:00:00",27.103358,93.679645,CO,NA,NA,NA
India,Andhra_Pradesh,Visakhapatnam,"GVM Corporation, Visakhapatnam - APPCB","09-04-2026 11:00:00",17.72,83.3,NO2,18,121,70
India,Bihar,Begusarai,"Lohiyanagar, Begusarai - BSPCB","09-04-2026 11:00:00",25.42742023,86.13886079,SO2,32,35,34
India,Bihar,Araria,"Kharahiya Basti, Araria - BSPCB","09-04-2026 11:00:00",26.146529,87.454184,SO2,43,78,60
India,Bihar,Katihar,"Mirchaibari, Katihar - BSPCB","09-04-2026 11:00:00",25.560083,87.553265,PM10,16,77,50
India,Bihar,Katihar,"Mirchaibari, Katihar - BSPCB","09-04-2026 11:00:00",25.560083,87.553265,NH3,1,1,1
India,Bihar,Katihar,"Mirchaibari, Katihar - BSPCB","09-04-2026 11:00:00",25.560083,87.553265,OZONE,5,35,11
India,Bihar,Kishanganj,"SDM Office_Khagra, Kishanganj - BSPCB","09-04-2026 11:00:00",26.0881305,87.93840336,PM2.5,20,42,32
India,Bihar,Patna,"DRM Office Danapur, Patna - BSPCB","09-04-2026 11:00:00",25.586562,85.043586,NH3,8,9,8
India,Bihar,Patna,"DRM Office Danapur, Patna - BSPCB","09-04-2026 11:00:00",25.586562,85.043586,OZONE,10,14,11
India,Bihar,Patna,"Govt. High School Shikarpur, Patna - BSPCB","09-04-2026 11:00:00",25.592539,85.227158,PM10,103,170,117
India,Bihar,Muzaffarpur,"MIT-Daudpur Kothi, Muzaffarpur - BSPCB","09-04-2026 11:00:00",26.1403345,85.3650192,OZONE,8,38,10
India,Bihar,Muzaffarpur,"Muzaffarpur Collectorate, Muzaffarpur - BSPCB","09-04-2026 11:00:00",26.1209,85.3647,SO2,4,9,5
India,Bihar,Motihari,"Gandak Colony, Motihari - BSPCB","09-04-2026 11:00:00",26.63086,84.90051,PM2.5,10,72,40
India,Bihar,Motihari,"Gandak Colony, Motihari - BSPCB","09-04-2026 11:00:00",26.63086,84.90051,CO,36,53,48
India,Bihar,Manguraha,"Forest Rest House, Manguraha - BSPCB","09-04-2026 11:00:00",27.308328,84.531742,SO2,NA,NA,NA
India,Bihar,Manguraha,"Forest Rest House, Manguraha - BSPCB","09-04-2026 11:00:00",27.308328,84.531742,CO,NA,NA,NA
India,Bihar,Muzaffarpur,"Buddha Colony, Muzaffarpur - BSPCB","09-04-2026 11:00:00",26.11442,85.39813,CO,12,39,23
India,Bihar,Muzaffarpur,"Buddha Colony, Muzaffarpur - BSPCB","09-04-2026 11:00:00",26.11442,85.39813,NH3,14,19,17
India,Bihar,Gaya,"SFTI Kusdihra, Gaya - BSPCB","09-04-2026 11:00:00",24.762518,84.982348,PM2.5,23,50,37
India,Bihar,Gaya,"SFTI Kusdihra, Gaya - BSPCB","09-04-2026 11:00:00",24.762518,84.982348,SO2,7,9,8
India,Bihar,Rajgir,"Dangi Tola, Rajgir - BSPCB","09-04-2026 11:00:00",25.03280,85.41948,NH3,3,3,3
India,Bihar,Rajgir,"Dangi Tola, Rajgir - BSPCB","09-04-2026 11:00:00",25.03280,85.41948,OZONE,24,30,26
India,Bihar,Saharsa,"Police Line, Saharsa - BSPCB","09-04-2026 11:00:00",25.892357,86.590325,SO2,14,19,17
India,Bihar,Saharsa,"Police Line, Saharsa - BSPCB","09-04-2026 11:00:00",25.892357,86.590325,CO,33,44,41
India,Bihar,Saharsa,"Police Line, Saharsa - BSPCB","09-04-2026 11:00:00",25.892357,86.590325,OZONE,1,26,11
India,Bihar,Samastipur,"DM Office_Kasipur, Samastipur - BSPCB","09-04-2026 11:00:00",25.859655,85.77944,NH3,1,1,1
India,Bihar,Sasaram,"Dada Peer, Sasaram - BSPCB","09-04-2026 11:00:00",24.952822,84.002396,PM2.5,25,55,33
India,Bihar,Sasaram,"Dada Peer, Sasaram - BSPCB","09-04-2026 11:00:00",24.952822,84.002396,NH3,2,8,4
India,Chhattisgarh,Bilaspur,"Mangala, Bilaspur - NTPC","09-04-2026 11:00:00",22.08815,82.13737,NO2,13,44,28
India,Chhattisgarh,Chhal,"Nawapara SECL Colony, Chhal - CECB","09-04-2026 11:00:00",22.118125,83.140608,PM2.5,30,64,48
India,Chhattisgarh,Korba,"Rampur, Korba - CECB","09-04-2026 11:00:00",22.368195,82.746431,PM2.5,NA,NA,NA
India,Chhattisgarh,Korba,"Rampur, Korba - CECB","09-04-2026 11:00:00",22.368195,82.746431,NH3,NA,NA,NA
India,Bihar,Siwan,"Chitragupta Nagar, Siwan - BSPCB","09-04-2026 11:00:00",26.2271665,84.3570427,OZONE,12,13,12
India,Chandigarh,Chandigarh,"Sector 22, Chandigarh - CPCC","09-04-2026 11:00:00",30.735567,76.775714,PM2.5,12,113,36
India,Chandigarh,Chandigarh,"Sector 22, Chandigarh - CPCC","09-04-2026 11:00:00",30.735567,76.775714,NO2,4,17,10
India,Chhattisgarh,Bhilai,"32Bungalows, Bhilai - CECB","09-04-2026 11:00:00",21.194815,81.314770,PM10,30,66,44
India,Chhattisgarh,Bhilai,"32Bungalows, Bhilai - CECB","09-04-2026 11:00:00",21.194815,81.314770,CO,11,70,33
India,Chhattisgarh,Bhilai,"Civic Center, Bhilai - Bhilai Steel Plant","09-04-2026 11:00:00",21.185571,81.343175,PM2.5,15,56,32
India,Chhattisgarh,Bhilai,"Civic Center, Bhilai - Bhilai Steel Plant","09-04-2026 11:00:00",21.185571,81.343175,PM10,50,77,57
India,Bihar,Patna,"Samanpura, Patna - BSPCB","09-04-2026 11:00:00",25.596727,85.085624,SO2,4,6,5
India,Bihar,Purnia,"Mariam Nagar, Purnia - BSPCB","09-04-2026 11:00:00",25.366336,87.117468,PM2.5,53,68,60
India,Bihar,Purnia,"Mariam Nagar, Purnia - BSPCB","09-04-2026 11:00:00",25.366336,87.117468,CO,36,60,57
India,Bihar,Sasaram,"Dada Peer, Sasaram - BSPCB","09-04-2026 11:00:00",24.952822,84.002396,OZONE,2,42,23
India,Bihar,Siwan,"Chitragupta Nagar, Siwan - BSPCB","09-04-2026 11:00:00",26.2271665,84.3570427,NH3,1,1,1
India,Chandigarh,Chandigarh,"Sector-25, Chandigarh - CPCC","09-04-2026 11:00:00",30.751462,76.762879,SO2,3,11,7
India,Chandigarh,Chandigarh,"Sector-53, Chandigarh - CPCC","09-04-2026 11:00:00",30.719859,76.738637,OZONE,2,66,22
India,Bihar,Patna,"Muradpur, Patna - BSPCB","09-04-2026 11:00:00",25.619651,85.147382,NO2,10,12,11
India,Bihar,Patna,"Muradpur, Patna - BSPCB","09-04-2026 11:00:00",25.619651,85.147382,NH3,4,5,5
India,Bihar,Patna,"Govt. High School Shikarpur, Patna - BSPCB","09-04-2026 11:00:00",25.592539,85.227158,NO2,7,16,10
India,Chhattisgarh,Tumidih,"OP Jindal Industrial Park, Tumidih - CECB","09-04-2026 11:00:00",22.06631475,83.33820077,SO2,5,13,8
India,Delhi,Delhi,"Alipur, Delhi - DPCC","09-04-2026 11:00:00",28.815329,77.153010,NH3,12,14,13
India,Delhi,Delhi,"Alipur, Delhi - DPCC","09-04-2026 11:00:00",28.815329,77.153010,OZONE,5,60,14
India,Chhattisgarh,Kunjemura,"OP Jindal School, Kunjemura - CECB","09-04-2026 11:00:00",22.126650,83.483212,PM2.5,9,40,24
India,Chhattisgarh,Kunjemura,"OP Jindal School, Kunjemura - CECB","09-04-2026 11:00:00",22.126650,83.483212,CO,22,43,24
India,Chhattisgarh,Milupara,"Govt. Higher Secondary School, Milupara - CECB","09-04-2026 11:00:00",22.1910172,83.5197009,PM2.5,NA,NA,NA
India,Chhattisgarh,Raipur,"Bhatagaon New ISBT, Raipur - CECB","09-04-2026 11:00:00",21.219665,81.630094,SO2,1,42,11
India,Chhattisgarh,Raipur,"Krishak Nagar, Raipur - CECB","09-04-2026 11:00:00",21.237755,81.705301,PM10,53,100,70
India,Chhattisgarh,Raipur,"Krishak Nagar, Raipur - CECB","09-04-2026 11:00:00",21.237755,81.705301,NO2,4,26,10
India,Delhi,Delhi,"Anand Vihar, Delhi - DPCC","09-04-2026 11:00:00",28.647622,77.3158090,OZONE,7,58,14
India,Delhi,Delhi,"Ashok Vihar, Delhi - DPCC","09-04-2026 11:00:00",28.695381,77.181665,CO,10,39,18
India,Chhattisgarh,Korba,"Rampur, Korba - CECB","09-04-2026 11:00:00",22.368195,82.746431,CO,NA,NA,NA
India,Chhattisgarh,Korba,"Urja Nagar, Korba - CECB","09-04-2026 11:00:00",22.348441,82.549611,NO2,21,37,24
India,Delhi,Delhi,"Burari Crossing, Delhi - IMD","09-04-2026 11:00:00",28.7256504,77.2011573,PM2.5,31,286,90
India,Chhattisgarh,Raipur,"AIIMS, Raipur - CECB","09-04-2026 11:00:00",21.258815,81.578979,PM2.5,26,87,53
India,Delhi,Delhi,"Cantonment Area, Delhi - DPCC ","09-04-2026 11:00:00","28.594169 ","77.125100 ",CO,23,42,40
India,Chhattisgarh,Raipur,"AIIMS, Raipur - CECB","09-04-2026 11:00:00",21.258815,81.578979,SO2,4,12,7
India,Delhi,Delhi,"Nehru Nagar, Delhi - DPCC","09-04-2026 11:00:00",28.567890,77.250515,OZONE,3,117,18
India,Delhi,Delhi,"New Moti Bagh, Delhi - MHUA","09-04-2026 11:00:00",28.57834,77.18400,NO2,8,9,9
India,Delhi,Delhi,"North Campus, DU, Delhi - IMD","09-04-2026 11:00:00",28.6573814,77.1585447,PM2.5,13,269,71
India,Delhi,Delhi,"North Campus, DU, Delhi - IMD","09-04-2026 11:00:00",28.6573814,77.1585447,PM10,21,173,87
India,Delhi,Delhi,"North Campus, DU, Delhi - IMD","09-04-2026 11:00:00",28.6573814,77.1585447,NO2,14,94,34
India,Delhi,Delhi,"Okhla Phase-2, Delhi - DPCC","09-04-2026 11:00:00",28.530785,77.271255,OZONE,16,121,32
India,Delhi,Delhi,"Patparganj, Delhi - DPCC","09-04-2026 11:00:00",28.623763,77.287209,PM2.5,23,83,56
India,Delhi,Delhi,"Patparganj, Delhi - DPCC","09-04-2026 11:00:00",28.623763,77.287209,CO,48,68,55
India,Delhi,Delhi,"Chandni Chowk, Delhi - IITM","09-04-2026 11:00:00",28.656756,77.227234,OZONE,24,120,43
India,Delhi,Delhi,"DTU, Delhi - CPCB","09-04-2026 11:00:00",28.7500499,77.1112615,NO2,7,47,23
India,Delhi,Delhi,"DTU, Delhi - CPCB","09-04-2026 11:00:00",28.7500499,77.1112615,OZONE,23,52,25
India,Delhi,Delhi,"Dwarka-Sector 8, Delhi - DPCC ","09-04-2026 11:00:00",28.5710274,77.0719006,PM2.5,33,92,63
India,Delhi,Delhi,"Dwarka-Sector 8, Delhi - DPCC ","09-04-2026 11:00:00",28.5710274,77.0719006,PM10,64,157,110
India,Delhi,Delhi,"IGI Airport (T3), Delhi - IMD","09-04-2026 11:00:00",28.5627763,77.1180053,NO2,16,39,26
India,Delhi,Delhi,"Najafgarh, Delhi - DPCC","09-04-2026 11:00:00",28.570173,76.933762,NH3,10,13,11
India,Delhi,Delhi,"Narela, Delhi - DPCC","09-04-2026 11:00:00",28.822836,77.101981,PM2.5,50,233,95
India,Delhi,Delhi,"Nehru Nagar, Delhi - DPCC","09-04-2026 11:00:00",28.567890,77.250515,PM10,69,155,100
India,Delhi,Delhi,"Nehru Nagar, Delhi - DPCC","09-04-2026 11:00:00",28.567890,77.250515,NO2,30,68,44
India,Delhi,Delhi,"Punjabi Bagh, Delhi - DPCC","09-04-2026 11:00:00",28.674045,77.131023,NH3,3,4,3
India,Delhi,Delhi,"Pusa, Delhi - DPCC","09-04-2026 11:00:00",28.639652,77.146275,PM2.5,37,67,51
India,Delhi,Delhi,"Pusa, Delhi - DPCC","09-04-2026 11:00:00",28.639652,77.146275,PM10,41,133,87
India,Delhi,Delhi,"IIT Delhi, Delhi - IITM","09-04-2026 11:00:00",28.542460,77.191651,PM10,26,180,94
India,Delhi,Delhi,"ITO, Delhi - CPCB","09-04-2026 11:00:00",28.628624,77.241060,PM2.5,44,84,63
India,Delhi,Delhi,"ITO, Delhi - CPCB","09-04-2026 11:00:00",28.628624,77.241060,SO2,9,31,22
India,Delhi,Delhi,"Jawaharlal Nehru Stadium, Delhi - DPCC","09-04-2026 11:00:00",28.580280,77.233829,SO2,6,40,13
India,Delhi,Delhi,"Lodhi Road, Delhi - IMD","09-04-2026 11:00:00",28.5918245,77.2273074,PM2.5,30,88,53
India,Delhi,Delhi,"Major Dhyan Chand National Stadium, Delhi - DPCC","09-04-2026 11:00:00",28.611281,77.237738,OZONE,9,164,37
India,Delhi,Delhi,"Mandir Marg, Delhi - DPCC","09-04-2026 11:00:00",28.636429,77.201067,NH3,7,9,8
India,Delhi,Delhi,"IHBAS, Dilshad Garden, Delhi - CPCB","09-04-2026 11:00:00",28.6811736,77.3025234,PM2.5,15,148,49
India,Delhi,Delhi,"IHBAS, Dilshad Garden, Delhi - CPCB","09-04-2026 11:00:00",28.6811736,77.3025234,NH3,4,7,6
India,Delhi,Delhi,"Jahangirpuri, Delhi - DPCC","09-04-2026 11:00:00",28.732820,77.170633,OZONE,8,99,20
India,Delhi,Delhi,"Wazirpur, Delhi - DPCC","09-04-2026 11:00:00",28.699793,77.165453,PM10,NA,NA,NA
India,Gujarat,Ahmedabad,"Chandkheda, Ahmedabad - IITM","09-04-2026 11:00:00",23.107969,72.574648,PM2.5,27,66,41
India,Gujarat,Ahmedabad,"Chandkheda, Ahmedabad - IITM","09-04-2026 11:00:00",23.107969,72.574648,NO2,4,39,15
India,Gujarat,Ahmedabad,"Chandkheda, Ahmedabad - IITM","09-04-2026 11:00:00",23.107969,72.574648,OZONE,2,69,36
India,Gujarat,Ahmedabad,"Gyaspur, Ahmedabad - IITM","09-04-2026 11:00:00",22.977134,72.553024,PM10,70,152,123
India,Gujarat,Ahmedabad,"Maninagar, Ahmedabad - GPCB","09-04-2026 11:00:00",23.002657,72.591912,SO2,53,100,80
India,Gujarat,Ahmedabad,"Maninagar, Ahmedabad - GPCB","09-04-2026 11:00:00",23.002657,72.591912,CO,8,58,26
India,Delhi,Delhi,"Pusa, Delhi - IMD","09-04-2026 11:00:00",28.636110,77.173332,PM2.5,15,82,41
India,Delhi,Delhi,"Pusa, Delhi - IMD","09-04-2026 11:00:00",28.636110,77.173332,PM10,39,104,73
India,Delhi,Delhi,"Rohini, Delhi - DPCC","09-04-2026 11:00:00",28.732528,77.119920,NO2,10,62,31
India,Delhi,Delhi,"Rohini, Delhi - DPCC","09-04-2026 11:00:00",28.732528,77.119920,SO2,10,25,14
India,Delhi,Delhi,"Rohini, Delhi - DPCC","09-04-2026 11:00:00",28.732528,77.119920,OZONE,10,115,29
India,Delhi,Delhi,"Shadipur, Delhi - CPCB","09-04-2026 11:00:00",28.6514781,77.1473105,PM2.5,29,222,75
India,Gujarat,Ahmedabad,"SAC ISRO Bopal, Ahmedabad - IITM","09-04-2026 11:00:00",23.041137,72.456691,NO2,4,31,14
India,Gujarat,Ahmedabad,"SAC ISRO Satellite, Ahmedabad - IITM","09-04-2026 11:00:00",23.023389,72.515201,PM2.5,11,50,29
India,Gujarat,Ahmedabad,"SAC ISRO Satellite, Ahmedabad - IITM","09-04-2026 11:00:00",23.023389,72.515201,NO2,6,13,8
India,Gujarat,Ahmedabad,"SAC ISRO Satellite, Ahmedabad - IITM","09-04-2026 11:00:00",23.023389,72.515201,SO2,6,28,13
India,Gujarat,Ahmedabad,"SVPI Airport Hansol, Ahmedabad - IITM","09-04-2026 11:00:00",23.076793,72.627874,PM2.5,NA,NA,NA
India,Gujarat,Gandhinagar,"GIFT City, Gandhinagar - IITM","09-04-2026 11:00:00",23.163798,72.677768,SO2,8,16,12
India,Gujarat,Gandhinagar,"GIFT City, Gandhinagar - IITM","09-04-2026 11:00:00",23.163798,72.677768,OZONE,1,64,27
India,Gujarat,Gandhinagar,"Sector-10, Gandhinagar - GPCB","09-04-2026 11:00:00",23.221714,72.654328,PM2.5,NA,NA,NA
India,Gujarat,Ankleshwar,"GIDC, Ankleshwar - GPCB","09-04-2026 11:00:00",21.613267,73.010555,CO,23,36,33
India,Gujarat,Bhavnagar,"Vidhyanagar, Bhavnagar - Nexteng Enviro","09-04-2026 11:00:00",21.755417,72.139056,PM10,75,142,112
India,Delhi,Delhi,"Talkatora Garden, Delhi - DPCC","09-04-2026 11:00:00",28.621810,77.1944633,OZONE,2,20,4
India,Delhi,Delhi,"Vivek Vihar, Delhi - DPCC","09-04-2026 11:00:00",28.672342,77.315260,PM10,63,152,105
India,Delhi,Delhi,"Sonia Vihar, Delhi - DPCC","09-04-2026 11:00:00",28.710508,77.249485,NO2,16,48,30
India,Delhi,Delhi,"Talkatora Garden, Delhi - DPCC","09-04-2026 11:00:00",28.621810,77.1944633,NH3,3,5,4
India,Gujarat,Ahmedabad,"Rakhial, Ahmedabad - IITM","09-04-2026 11:00:00",23.016834,72.625775,SO2,1,33,7
India,Delhi,Delhi,"Shadipur, Delhi - CPCB","09-04-2026 11:00:00",28.6514781,77.1473105,OZONE,17,43,24
India,Gujarat,Mehsana,"Sadanand Nagar, Mehsana - Nexteng Enviro","09-04-2026 11:00:00",23.593150,72.372792,PM10,56,162,112
India,Gujarat,Nandesari,"GIDC, Nandesari - Nandesari Ind. Association","09-04-2026 11:00:00",22.410802,73.097923,PM2.5,63,185,105
India,Gujarat,Vapi,"Phase-1 GIDC, Vapi - GPCB","09-04-2026 11:00:00",20.362421,72.918013,PM2.5,NA,NA,NA
India,Gujarat,Vapi,"Phase-1 GIDC, Vapi - GPCB","09-04-2026 11:00:00",20.362421,72.918013,SO2,NA,NA,NA
India,Gujarat,Vapi,"Phase-1 GIDC, Vapi - GPCB","09-04-2026 11:00:00",20.362421,72.918013,OZONE,18,27,18
India,Gujarat,Nandesari,"GIDC, Nandesari - Nandesari Ind. Association","09-04-2026 11:00:00",22.410802,73.097923,NO2,9,143,33
India,Gujarat,Nandesari,"GIDC, Nandesari - Nandesari Ind. Association","09-04-2026 11:00:00",22.410802,73.097923,SO2,3,51,6
India,Gujarat,Surat,"Katargam, Surat - Nexteng Enviro","09-04-2026 11:00:00","21.217779 ","72.834787 ",NH3,NA,NA,NA
India,Gujarat,Surat,"Katargam, Surat - Nexteng Enviro","09-04-2026 11:00:00","21.217779 ","72.834787 ",CO,34,42,37
India,Gujarat,Vadodara,"Bapunagar, Vadodara - Nexteng Enviro","09-04-2026 11:00:00",22.320153,73.216285,NO2,9,12,10
India,Gujarat,Gandhinagar,"Sector-10, Gandhinagar - GPCB","09-04-2026 11:00:00",23.221714,72.654328,OZONE,6,30,8
India,Gujarat,Gandhinagar,"Sector-10, Gandhinagar - GPCB","09-04-2026 11:00:00",23.221714,72.654328,NO2,7,16,12
India,Haryana,Ambala,"Patti Mehar, Ambala - HSPCB","09-04-2026 11:00:00",30.379589,76.778328,OZONE,13,26,23
India,Haryana,Bahadurgarh,"Arya Nagar, Bahadurgarh - HSPCB","09-04-2026 11:00:00",28.6701,76.9254,SO2,5,7,6
India,Haryana,Kaithal,"Rishi Nagar, Kaithal - HSPCB","09-04-2026 11:00:00",29.8006,76.4155,PM10,28,69,45
India,Haryana,Kaithal,"Rishi Nagar, Kaithal - HSPCB","09-04-2026 11:00:00",29.8006,76.4155,NO2,28,33,31
India,Haryana,Kurukshetra,"Sector-7, Kurukshetra - HSPCB","09-04-2026 11:00:00",29.966942,76.875879,PM10,47,77,60
India,Haryana,Kurukshetra,"Sector-7, Kurukshetra - HSPCB","09-04-2026 11:00:00",29.966942,76.875879,NH3,5,7,6
India,Haryana,Kurukshetra,"Sector-7, Kurukshetra - HSPCB","09-04-2026 11:00:00",29.966942,76.875879,SO2,1,65,9
India,Haryana,Mandikhera,"General Hospital, Mandikhera(Nuh) - HSPCB","09-04-2026 11:00:00",27.9002,76.9938,PM10,NA,NA,NA
India,Haryana,Mandikhera,"General Hospital, Mandikhera(Nuh) - HSPCB","09-04-2026 11:00:00",27.9002,76.9938,NO2,NA,NA,NA
India,Haryana,Mandikhera,"General Hospital, Mandikhera(Nuh) - HSPCB","09-04-2026 11:00:00",27.9002,76.9938,CO,NA,NA,NA
India,Haryana,Fatehabad,"Huda Sector, Fatehabad - HSPCB","09-04-2026 11:00:00",29.503664,75.467934,OZONE,70,97,90
India,Haryana,Gurugram,"NISE Gwal Pahari, Gurugram - IMD","09-04-2026 11:00:00",28.422681,77.148944,NO2,9,25,15
India,Haryana,Gurugram,"Sector-51, Gurugram - HSPCB","09-04-2026 11:00:00",28.4227,77.0667,PM2.5,46,168,120
India,Haryana,Gurugram,"Sector-51, Gurugram - HSPCB","09-04-2026 11:00:00",28.4227,77.0667,PM10,43,116,94
India,Haryana,Gurugram,"Sector-51, Gurugram - HSPCB","09-04-2026 11:00:00",28.4227,77.0667,SO2,4,9,6
India,Haryana,Jind,"Police Lines, Jind - HSPCB","09-04-2026 11:00:00",29.307814,76.337619,PM10,14,51,36
India,Haryana,Jind,"Police Lines, Jind - HSPCB","09-04-2026 11:00:00",29.307814,76.337619,NH3,4,7,5
India,Haryana,Jind,"Police Lines, Jind - HSPCB","09-04-2026 11:00:00",29.307814,76.337619,SO2,NA,NA,NA
India,Haryana,Kaithal,"Rishi Nagar, Kaithal - HSPCB","09-04-2026 11:00:00",29.8006,76.4155,PM2.5,23,56,37
India,Haryana,Faridabad,"New Industrial Town, Faridabad - HSPCB","09-04-2026 11:00:00",28.39072,77.30059,OZONE,13,17,14
India,Haryana,Faridabad,"Sector 11, Faridabad - HSPCB","09-04-2026 11:00:00",28.376058,77.315741,PM10,44,183,114
India,Haryana,Faridabad,"Sector 11, Faridabad - HSPCB","09-04-2026 11:00:00",28.376058,77.315741,NO2,30,33,31
India,Haryana,Gurugram,"Teri Gram, Gurugram - HSPCB","09-04-2026 11:00:00",28.4275,77.1465,NO2,36,78,55
India,Haryana,Gurugram,"Vikas Sadan, Gurugram - HSPCB","09-04-2026 11:00:00",28.4501238,77.0263051,PM2.5,59,500,130
India,Haryana,Bhiwani,"H.B. Colony, Bhiwani - HSPCB","09-04-2026 11:00:00",28.806223,76.141105,PM2.5,36,83,51
India,Haryana,Bhiwani,"H.B. Colony, Bhiwani - HSPCB","09-04-2026 11:00:00",28.806223,76.141105,PM10,31,71,44
India,Haryana,Faridabad,"New Industrial Town, Faridabad - HSPCB","09-04-2026 11:00:00",28.39072,77.30059,PM10,107,117,113
India,Haryana,Palwal,"Shyam Nagar, Palwal - HSPCB","09-04-2026 11:00:00",28.1485564,77.3320667,PM2.5,38,50,43
India,Haryana,Faridabad,"Sector 30, Faridabad - HSPCB","09-04-2026 11:00:00",28.4417,77.3217,NO2,36,39,38
India,Haryana,"Yamuna Nagar","Gobind Pura, Yamuna Nagar - HSPCB","09-04-2026 11:00:00",30.1480566,77.2893471,PM10,55,136,87
India,Haryana,"Yamuna Nagar","Gobind Pura, Yamuna Nagar - HSPCB","09-04-2026 11:00:00",30.1480566,77.2893471,NH3,1,6,4
India,"Himachal Pradesh",Baddi,"HIMUDA Complex Phase-1, Baddi - HPPCB","09-04-2026 11:00:00",30.943887,76.801991,PM2.5,NA,NA,NA
India,"Himachal Pradesh",Baddi,"HIMUDA Complex Phase-1, Baddi - HPPCB","09-04-2026 11:00:00",30.943887,76.801991,SO2,22,48,29
India,Jammu_and_Kashmir,Pampore,"Khrew, Pampore - JKPCC","09-04-2026 11:00:00",34.031606,75.009712,PM2.5,2,49,15
India,Jammu_and_Kashmir,Pampore,"Khrew, Pampore - JKPCC","09-04-2026 11:00:00",34.031606,75.009712,PM10,2,52,16
India,Jammu_and_Kashmir,Srinagar,"Rajbagh, Srinagar - JKPCC","09-04-2026 11:00:00",34.066206,74.819820,CO,12,56,22
India,Jharkhand,Dhanbad,"Sardar Patel Nagar, Dhanbad - JSPCB","09-04-2026 11:00:00",23.80569,86.44268,CO,1,37,4
India,Haryana,Panchkula,"Sector-6, Panchkula - HSPCB ","09-04-2026 11:00:00",30.7057778,76.8531805555555,PM2.5,NA,NA,NA
India,Haryana,Panchkula,"Sector-6, Panchkula - HSPCB ","09-04-2026 11:00:00",30.7057778,76.8531805555555,OZONE,4,7,5
India,Haryana,Panipat,"Sector-18, Panipat - HSPCB","09-04-2026 11:00:00",29.432304,76.972765,NO2,31,32,31
India,Haryana,Panipat,"Sector-18, Panipat - HSPCB","09-04-2026 11:00:00",29.432304,76.972765,NH3,2,3,2
India,Karnataka,Bengaluru,"Bapuji Nagar, Bengaluru - KSPCB","09-04-2026 11:00:00",12.951913,77.539784,CO,12,103,27
India,Karnataka,Bengaluru,"Hebbal, Bengaluru - KSPCB","09-04-2026 11:00:00",13.029152,77.585901,PM10,54,135,82
India,Karnataka,Bengaluru,"Hebbal, Bengaluru - KSPCB","09-04-2026 11:00:00",13.029152,77.585901,NO2,25,104,40
India,Haryana,Sirsa,"F-Block, Sirsa - HSPCB","09-04-2026 11:00:00",29.536400,75.015800,CO,6,16,10
India,Haryana,Sonipat,"Murthal, Sonipat - HSPCB","09-04-2026 11:00:00",29.027200,77.062100,PM2.5,61,301,159
India,Karnataka,Belgaum,"Ramteerth Nagar, Belgaum - KSPCB","09-04-2026 11:00:00",15.888653,74.541751,OZONE,19,20,20
India,Jharkhand,Jorapokhar,"Tata Stadium, Jorapokhar - JSPCB","09-04-2026 11:00:00",23.707909,86.414670,OZONE,2,8,2
India,Jharkhand,Jorapokhar,"Tata Stadium, Jorapokhar - JSPCB","09-04-2026 11:00:00",23.707909,86.414670,NO2,8,8,8
India,Haryana,Panchgaon,"Amity University, Panchgaon - IITM","09-04-2026 11:00:00",28.3153,76.9143,NH3,2,3,2
India,Haryana,Sonipat,"Murthal, Sonipat - HSPCB","09-04-2026 11:00:00",29.027200,77.062100,OZONE,25,26,26
India,Karnataka,Chikkaballapur,"Chikkaballapur Rural, Chikkaballapur - KSPCB","09-04-2026 11:00:00",13.428828,77.731418,NH3,3,5,4
India,Karnataka,Chikkamagaluru,"Kalyana Nagara, Chikkamagaluru - KSPCB","09-04-2026 11:00:00",13.328028,75.797056,PM2.5,NA,NA,NA
India,Karnataka,Chikkamagaluru,"Kalyana Nagara, Chikkamagaluru - KSPCB","09-04-2026 11:00:00",13.328028,75.797056,PM10,NA,NA,NA
India,Karnataka,Chikkamagaluru,"Kalyana Nagara, Chikkamagaluru - KSPCB","09-04-2026 11:00:00",13.328028,75.797056,NO2,NA,NA,NA
India,Karnataka,Dharwad,"Kalabhavan, Dharwad - KSPCB","09-04-2026 11:00:00",15.459706,75.008381,PM2.5,NA,NA,NA
India,Karnataka,Dharwad,"Kalabhavan, Dharwad - KSPCB","09-04-2026 11:00:00",15.459706,75.008381,SO2,6,7,7
India,Karnataka,Dharwad,"Kalabhavan, Dharwad - KSPCB","09-04-2026 11:00:00",15.459706,75.008381,OZONE,27,34,28
India,Karnataka,Kalaburagi,"Mahatma Basaveswar Colony, Kalaburgi - KSPCB","09-04-2026 11:00:00",17.336318,76.847397,NO2,11,14,13
India,Karnataka,Madikeri,"Stuart Hill, Madikeri - KSPCB","09-04-2026 11:00:00",12.415911,75.735050,OZONE,2,6,3
India,Karnataka,Mangalore,"Kadri, Mangalore - KSPCB","09-04-2026 11:00:00",12.889250,74.853000,OZONE,6,55,33
India,Karnataka,Mysuru,"Hebbal 1st Stage, Mysuru - KSPCB","09-04-2026 11:00:00",12.21041,76.37376,PM2.5,14,59,28
India,Karnataka,Mysuru,"Hebbal 1st Stage, Mysuru - KSPCB","09-04-2026 11:00:00",12.21041,76.37376,PM10,42,81,60
India,Karnataka,Mysuru,"Hebbal 1st Stage, Mysuru - KSPCB","09-04-2026 11:00:00",12.21041,76.37376,SO2,2,9,4
India,Karnataka,Mysuru,"Hebbal 1st Stage, Mysuru - KSPCB","09-04-2026 11:00:00",12.21041,76.37376,OZONE,11,119,16
India,Karnataka,Bengaluru,"RVCE-Mailasandra, Bengaluru - KSPCB","09-04-2026 11:00:00",12.921418,77.502466,OZONE,24,30,28
India,Karnataka,Bengaluru,"Sanegurava Halli, Bengaluru - KSPCB","09-04-2026 11:00:00",12.990328,77.5431385,CO,4,42,20
India,Karnataka,Bengaluru,"Silk Board, Bengaluru - KSPCB","09-04-2026 11:00:00",12.917348,77.622813,PM2.5,49,185,87
India,Karnataka,Bengaluru,"Silk Board, Bengaluru - KSPCB","09-04-2026 11:00:00",12.917348,77.622813,CO,13,90,16
India,Karnataka,Bengaluru,"Hombegowda Nagar, Bengaluru - KSPCB","09-04-2026 11:00:00",12.938539,77.590100,SO2,2,10,6
India,Karnataka,Bengaluru,"Jayanagar 5th Block, Bengaluru - KSPCB","09-04-2026 11:00:00",12.920984,77.584908,CO,3,101,10
India,Karnataka,Bengaluru,"Hebbal, Bengaluru - KSPCB","09-04-2026 11:00:00",13.029152,77.585901,NH3,2,3,3
India,Karnataka,Bengaluru,"Hebbal, Bengaluru - KSPCB","09-04-2026 11:00:00",13.029152,77.585901,CO,10,63,20
India,Karnataka,Bengaluru,"Peenya, Bengaluru - CPCB","09-04-2026 11:00:00",13.0270199,77.494094,NO2,17,31,25
India,Karnataka,Bengaluru,"Peenya, Bengaluru - CPCB","09-04-2026 11:00:00",13.0270199,77.494094,NH3,3,5,4
India,Karnataka,Bengaluru,"Hombegowda Nagar, Bengaluru - KSPCB","09-04-2026 11:00:00",12.938539,77.590100,PM10,52,130,82
India,Karnataka,Bengaluru,"Jigani, Bengaluru - KSPCB","09-04-2026 11:00:00",12.7816279,77.6299145,OZONE,25,29,25
India,Karnataka,Koppal,"Diwator Nagar, Koppal - KSPCB","09-04-2026 11:00:00",15.347630,76.181767,PM10,NA,NA,NA
India,Kerala,Thiruvananthapuram,"Kariavattom, Thiruvananthapuram - Kerala PCB","09-04-2026 11:00:00",8.563700,76.886500,CO,20,103,96
India,Kerala,Thrissur,"Corporation Ground, Thrissur - Kerala PCB","09-04-2026 11:00:00",10.532400,76.215900,PM2.5,43,57,50
India,Kerala,Thrissur,"Corporation Ground, Thrissur - Kerala PCB","09-04-2026 11:00:00",10.532400,76.215900,NO2,7,9,8
India,"Madhya Pradesh",Bhopal,"Idgah Hills, Bhopal - MPPCB","09-04-2026 11:00:00",23.264759,77.381568,PM2.5,28,120,50
India,"Madhya Pradesh",Bhopal,"Idgah Hills, Bhopal - MPPCB","09-04-2026 11:00:00",23.264759,77.381568,PM10,85,161,117
India,"Madhya Pradesh",Bhopal,"Idgah Hills, Bhopal - MPPCB","09-04-2026 11:00:00",23.264759,77.381568,SO2,10,18,13
India,"Madhya Pradesh",Bhopal,"T T Nagar, Bhopal - MPPCB","09-04-2026 11:00:00",23.233584,77.400574,NH3,5,6,5
India,"Madhya Pradesh",Bhopal,"T T Nagar, Bhopal - MPPCB","09-04-2026 11:00:00",23.233584,77.400574,SO2,1,23,13
India,"Madhya Pradesh",Bhopal,"T T Nagar, Bhopal - MPPCB","09-04-2026 11:00:00",23.233584,77.400574,OZONE,54,118,82
India,"Madhya Pradesh",Damoh,"Shrivastav Colony, Damoh - MPPCB","09-04-2026 11:00:00",23.81748678,79.446246,PM10,50,135,84
India,Kerala,Kannur,"Thavakkara, Kannur - Kerala PCB","09-04-2026 11:00:00",11.875000,75.373200,PM10,74,75,74
India,Kerala,Kannur,"Thavakkara, Kannur - Kerala PCB","09-04-2026 11:00:00",11.875000,75.373200,CO,12,18,16
India,Kerala,Kollam,"Polayathode, Kollam - Kerala PCB","09-04-2026 11:00:00",8.8787,76.6073,PM10,69,81,75
India,Kerala,Kollam,"Polayathode, Kollam - Kerala PCB","09-04-2026 11:00:00",8.8787,76.6073,NH3,1,1,1
India,"Madhya Pradesh",Gwalior,"Deen Dayal Nagar, Gwalior - MPPCB","09-04-2026 11:00:00",26.259242,78.216432,NO2,25,68,44
India,"Madhya Pradesh",Gwalior,"Deen Dayal Nagar, Gwalior - MPPCB","09-04-2026 11:00:00",26.259242,78.216432,CO,40,70,56
India,"Madhya Pradesh",Gwalior,"Maharaj Bada, Gwalior - MPPCB","09-04-2026 11:00:00",26.200388,78.147714,PM10,62,176,93
India,Karnataka,Tumakuru,"Thimmalapura, Tumakuru - KSPCB","09-04-2026 11:00:00",13.377516,77.099072,NO2,24,24,24
India,Karnataka,Vijayapura,"Ibrahimpur, Vijayapura - KSPCB","09-04-2026 11:00:00",16.802639,75.722694,PM10,26,39,38
India,Karnataka,Vijayapura,"Ibrahimpur, Vijayapura - KSPCB","09-04-2026 11:00:00",16.802639,75.722694,NO2,11,12,11
India,"Madhya Pradesh",Bhopal,"T T Nagar, Bhopal - MPPCB","09-04-2026 11:00:00",23.233584,77.400574,PM2.5,40,118,64
India,Karnataka,Vijayapura,"Ibrahimpur, Vijayapura - KSPCB","09-04-2026 11:00:00",16.802639,75.722694,OZONE,11,17,16
India,"Madhya Pradesh",Gwalior,"Maharaj Bada, Gwalior - MPPCB","09-04-2026 11:00:00",26.200388,78.147714,NH3,5,8,6
India,"Madhya Pradesh",Bhopal,"T T Nagar, Bhopal - MPPCB","09-04-2026 11:00:00",23.233584,77.400574,NO2,16,38,26
India,"Madhya Pradesh",Pithampur,"Sector-2 Industrial Area, Pithampur - MPPCB","09-04-2026 11:00:00",22.624758,75.675238,SO2,20,45,30
India,"Madhya Pradesh",Ratlam,"Shasthri Nagar, Ratlam - IPCA Lab","09-04-2026 11:00:00",23.331731,75.045981,PM2.5,17,98,67
India,"Madhya Pradesh",Sagar,"Civil Lines, Sagar - MPPCB","09-04-2026 11:00:00",23.838586,78.759431,PM2.5,13,48,28
India,"Madhya Pradesh",Jabalpur,"Suhagi, Jabalpur - JMC","09-04-2026 11:00:00",23.218135,79.957770,CO,10,131,69
India,"Madhya Pradesh",Katni,"Gole Bazar, Katni - MPPCB","09-04-2026 11:00:00",23.50016,80.23284,NH3,3,7,6
India,"Madhya Pradesh",Indore,"Chhoti Gwaltoli, Indore - MPPCB","09-04-2026 11:00:00",22.4310,75.5213,OZONE,2,42,18
India,"Madhya Pradesh",Indore,"Maguda Nagar, Indore - IMC","09-04-2026 11:00:00",22.7524,75.8872,PM2.5,51,327,143
India,"Madhya Pradesh",Jabalpur,"Gupteshwar, Jabalpur - JMC","09-04-2026 11:00:00",23.142888,79.916147,NH3,2,2,2
India,"Madhya Pradesh",Jabalpur,"Marhatal, Jabalpur - MPPCB","09-04-2026 11:00:00",23.168606,79.932247,PM10,87,182,116
India,"Madhya Pradesh",Mandideep,"Sector-D Industrial Area, Mandideep - MPPCB","09-04-2026 11:00:00",23.108440,77.511428,PM2.5,91,304,152
India,"Madhya Pradesh",Mandideep,"Sector-D Industrial Area, Mandideep - MPPCB","09-04-2026 11:00:00",23.108440,77.511428,OZONE,11,92,47
India,"Madhya Pradesh",Pithampur,"Sector-2 Industrial Area, Pithampur - MPPCB","09-04-2026 11:00:00",22.624758,75.675238,NO2,15,70,31
India,"Madhya Pradesh",Indore,"Chhoti Gwaltoli, Indore - MPPCB","09-04-2026 11:00:00",22.4310,75.5213,NH3,19,24,22
India,"Madhya Pradesh",Sagar,"Civil Lines, Sagar - MPPCB","09-04-2026 11:00:00",23.838586,78.759431,NO2,3,17,8
India,"Madhya Pradesh",Indore,"Regional Park, Indore - IMC","09-04-2026 11:00:00",22.6780,75.8559,NH3,1,4,2
India,Maharashtra,Akola,"Ramdaspeth, Akola - MPCB","09-04-2026 11:00:00",20.719516,77.000253,PM10,62,134,86
India,Maharashtra,Ambernath,"Chinchpada, Ambernath - MPCB","09-04-2026 11:00:00",19.2157840,73.1997810,PM2.5,17,28,22
India,Maharashtra,Aurangabad,"MIDC Chilkalthana, Aurangabad - MPCB","09-04-2026 11:00:00",19.875620,75.387310,NH3,4,7,5
India,Maharashtra,Aurangabad,"MIDC Chilkalthana, Aurangabad - MPCB","09-04-2026 11:00:00",19.875620,75.387310,SO2,32,43,37
India,"Madhya Pradesh",Ujjain,"Mahashweta Nagar, Ujjain - MPPCB","09-04-2026 11:00:00",23.1633321,75.800225,NH3,NA,NA,NA
India,"Madhya Pradesh",Ujjain,"Mahashweta Nagar, Ujjain - MPPCB","09-04-2026 11:00:00",23.1633321,75.800225,SO2,NA,NA,NA
India,"Madhya Pradesh",Satna,"Bandhavgar Colony, Satna - Birla Cement","09-04-2026 11:00:00",24.58434363,80.8549414,NO2,12,13,12
India,"Madhya Pradesh",Ujjain,"Mahashweta Nagar, Ujjain - MPPCB","09-04-2026 11:00:00",23.1633321,75.800225,OZONE,26,71,50
India,"Madhya Pradesh",Sagar,"Deen Dayal Nagar, Sagar - MPPCB","09-04-2026 11:00:00",23.8640158,78.80289321,SO2,1,4,2
India,Maharashtra,Ambernath,"Chinchpada, Ambernath - MPCB","09-04-2026 11:00:00",19.2157840,73.1997810,PM10,32,47,40
India,Maharashtra,Amravati,"Shivneri Colony, Amravati - MPCB","09-04-2026 11:00:00",20.9402359,77.7895248,NH3,1,1,1
India,Maharashtra,Ahmednagar,"Tarakpur, Ahmednagar - MPCB","09-04-2026 11:00:00",19.10122,74.73339,NO2,15,26,21
India,Maharashtra,Aurangabad,"Rachnakar Colony, Aurangabad - MPCB","09-04-2026 11:00:00",19.863756,75.321188,NO2,10,32,17
India,Maharashtra,Aurangabad,"Rachnakar Colony, Aurangabad - MPCB","09-04-2026 11:00:00",19.863756,75.321188,NH3,2,3,2
India,Maharashtra,Aurangabad,"Rachnakar Colony, Aurangabad - MPCB","09-04-2026 11:00:00",19.863756,75.321188,PM10,53,106,91
India,Maharashtra,Aurangabad,"More Chowk Waluj, Aurangabad - MPCB","09-04-2026 11:00:00",19.8389439,75.244448,SO2,8,27,18
India,Maharashtra,Bhiwandi,"Gokul Nagar, Bhiwandi - MPCB","09-04-2026 11:00:00",19.309073,73.057223,OZONE,13,89,21
India,Maharashtra,Bhiwandi,"Gokul Nagar, Bhiwandi - MPCB","09-04-2026 11:00:00",19.309073,73.057223,CO,12,52,39
India,Maharashtra,Bhiwandi,"Gokul Nagar, Bhiwandi - MPCB","09-04-2026 11:00:00",19.309073,73.057223,SO2,2,13,7
India,Maharashtra,Belapur,"CBD Belapur, Belapur - MPCB","09-04-2026 11:00:00",19.0243902,73.0406721,CO,29,42,35
India,Maharashtra,Badlapur,"Katrap, Badlapur - MPCB","09-04-2026 11:00:00",19.16485,73.23409,NO2,14,24,19
India,Maharashtra,Beed,"Bir, Beed - MPCB","09-04-2026 11:00:00",18.988474,75.753873,PM10,72,134,99
India,Maharashtra,Kolhapur,"Sinchan Bhavan, Kolhapur - MPCB","09-04-2026 11:00:00",16.7143745,74.2426398,NO2,3,9,4
India,Maharashtra,Latur,"Sawe Wadi, Latur - MPCB","09-04-2026 11:00:00",18.39963,76.57452,NO2,9,24,16
India,Maharashtra,Mahad,"Kamble Tarf Birwadi, Mahad - MPCB","09-04-2026 11:00:00",18.1023399,73.4783687,PM2.5,28,196,56
India,Maharashtra,Mahad,"Kamble Tarf Birwadi, Mahad - MPCB","09-04-2026 11:00:00",18.1023399,73.4783687,NO2,4,28,13
India,Maharashtra,Mahad,"Kamble Tarf Birwadi, Mahad - MPCB","09-04-2026 11:00:00",18.1023399,73.4783687,CO,2,38,10
India,Maharashtra,Mahad,"Kamble Tarf Birwadi, Mahad - MPCB","09-04-2026 11:00:00",18.1023399,73.4783687,OZONE,19,80,29
India,Maharashtra,Hingoli,"Ashta Vinayak Nagar, Hingoli - MPCB","09-04-2026 11:00:00",19.710842,77.151824,CO,10,31,16
India,Maharashtra,Hingoli,"Ashta Vinayak Nagar, Hingoli - MPCB","09-04-2026 11:00:00",19.710842,77.151824,OZONE,48,106,67
India,Maharashtra,Chandrapur,"Chauhan Colony, Chandrapur - MPCB","09-04-2026 11:00:00",19.962900,79.298714,SO2,21,31,27
India,Maharashtra,Chandrapur,"Chauhan Colony, Chandrapur - MPCB","09-04-2026 11:00:00",19.962900,79.298714,OZONE,14,20,18
India,Maharashtra,Kolhapur,"Shivaji University, Kolhapur - MPCB","09-04-2026 11:00:00",16.6870449,74.2505872,NO2,18,64,39
India,Maharashtra,Chandrapur,"MIDC Khutala, Chandrapur - MPCB","09-04-2026 11:00:00",19.9775302,79.2337086,PM2.5,34,72,46
India,Maharashtra,Jalgaon,"Prabhat Colony, Jalgaon - MPCB","09-04-2026 11:00:00",21.001264,75.565602,OZONE,12,69,21
India,Maharashtra,Dombivli,"Kalu Nagar, Dombivli - MPCB","09-04-2026 11:00:00","19.2268427 ","73.0788456 ",NO2,10,32,19
India,Maharashtra,Jalna,"Old MIDC, Jalna - MPCB","09-04-2026 11:00:00",19.854616,75.905894,CO,NA,NA,NA
India,Maharashtra,Dhule,"Deopur, Dhule - MPCB","09-04-2026 11:00:00",20.918946,74.776388,NH3,1,4,1
India,Maharashtra,Mumbai,"Chembur, Mumbai - MPCB","09-04-2026 11:00:00",19.0364585,72.8954371,OZONE,1,21,6
India,Maharashtra,Mumbai,"Chhatrapati Shivaji Intl. Airport (T2), Mumbai - MPCB","09-04-2026 11:00:00",19.10078,72.87462,PM2.5,39,63,48
India,Maharashtra,Mumbai,"Chhatrapati Shivaji Intl. Airport (T2), Mumbai - MPCB","09-04-2026 11:00:00",19.10078,72.87462,PM10,46,78,58
India,Maharashtra,Mumbai,"Chhatrapati Shivaji Intl. Airport (T2), Mumbai - MPCB","09-04-2026 11:00:00",19.10078,72.87462,NO2,26,26,26
India,Maharashtra,Mumbai,"Colaba, Mumbai - MPCB","09-04-2026 11:00:00",18.910000,72.820000,PM10,4,28,15
India,Maharashtra,Mumbai,"Deonar, Mumbai - IITM","09-04-2026 11:00:00",19.04946,72.9230,OZONE,2,26,9
India,Maharashtra,Mumbai,"Ghatkopar, Mumbai - BMC","09-04-2026 11:00:00",19.083694,72.920967,PM2.5,41,65,53
India,Maharashtra,Mumbai,"Ghatkopar, Mumbai - BMC","09-04-2026 11:00:00",19.083694,72.920967,PM10,56,86,69
India,Maharashtra,Mumbai,"Ghatkopar, Mumbai - BMC","09-04-2026 11:00:00",19.083694,72.920967,NH3,4,11,6
India,Maharashtra,Mumbai,"Mindspace-Malad West, Mumbai - MPCB","09-04-2026 11:00:00",19.1878657,72.8304069,NH3,2,5,2
India,Maharashtra,Mumbai,"Mindspace-Malad West, Mumbai - MPCB","09-04-2026 11:00:00",19.1878657,72.8304069,CO,7,21,10
India,Maharashtra,Mumbai,"Mulund West, Mumbai - MPCB","09-04-2026 11:00:00",19.1750,72.9419,PM2.5,21,41,27
India,Maharashtra,Mumbai,"Mulund West, Mumbai - MPCB","09-04-2026 11:00:00",19.1750,72.9419,NH3,2,3,3
India,Maharashtra,Mumbai,"Mulund West, Mumbai - MPCB","09-04-2026 11:00:00",19.1750,72.9419,CO,NA,NA,NA
India,Maharashtra,Mumbai,"Navy Nagar-Colaba, Mumbai - IITM","09-04-2026 11:00:00",18.897756,72.813320,PM2.5,19,55,37
India,Maharashtra,Mumbai,"Navy Nagar-Colaba, Mumbai - IITM","09-04-2026 11:00:00",18.897756,72.813320,NO2,24,53,32
India,Maharashtra,Mumbai,"Navy Nagar-Colaba, Mumbai - IITM","09-04-2026 11:00:00",18.897756,72.813320,SO2,7,20,12
India,Maharashtra,Mumbai,"Powai, Mumbai - MPCB","09-04-2026 11:00:00",19.137500,72.915056,PM10,24,48,33
India,Maharashtra,Mumbai,"Borivali East, Mumbai - IITM","09-04-2026 11:00:00",19.23241,72.86895,PM2.5,29,63,45
India,Maharashtra,Mumbai,"Borivali East, Mumbai - IITM","09-04-2026 11:00:00",19.23241,72.86895,NO2,16,29,21
India,Maharashtra,Mumbai,"Borivali East, Mumbai - IITM","09-04-2026 11:00:00",19.23241,72.86895,NH3,3,4,3
India,Maharashtra,Mumbai,"Borivali East, Mumbai - MPCB","09-04-2026 11:00:00",19.2243333,72.8658113,PM10,35,82,56
India,Maharashtra,Mumbai,"Byculla, Mumbai - BMC","09-04-2026 11:00:00",18.9767,72.8380,OZONE,6,21,12
India,Maharashtra,Mumbai,"Chakala-Andheri East, Mumbai - IITM","09-04-2026 11:00:00",19.11074,72.86084,PM2.5,29,60,40
India,Maharashtra,Mumbai,"Chakala-Andheri East, Mumbai - IITM","09-04-2026 11:00:00",19.11074,72.86084,NO2,32,100,74
India,Maharashtra,Mumbai,"Chembur, Mumbai - MPCB","09-04-2026 11:00:00",19.0364585,72.8954371,PM2.5,26,39,31
India,Maharashtra,Malegaon,"Mahesh Nagar, Malegaon - MPCB","09-04-2026 11:00:00",20.555712,74.529236,OZONE,18,58,27
India,Maharashtra,Mira-Bhayandar,"Bhayandar West, Mira-Bhayandar - MPCB","09-04-2026 11:00:00",19.296481,72.840923,PM10,24,101,47
India,Maharashtra,Mira-Bhayandar,"Bhayandar West, Mira-Bhayandar - MPCB","09-04-2026 11:00:00",19.296481,72.840923,NO2,3,33,12
India,Maharashtra,Mira-Bhayandar,"Bhayandar West, Mira-Bhayandar - MPCB","09-04-2026 11:00:00",19.296481,72.840923,SO2,NA,NA,NA
India,Maharashtra,Mumbai,"Bandra Kurla Complex, Mumbai - IITM","09-04-2026 11:00:00",19.053536,72.84643,PM2.5,25,54,38
India,Maharashtra,Mumbai,"Bandra Kurla Complex, Mumbai - IITM","09-04-2026 11:00:00",19.053536,72.84643,NO2,14,52,20
India,Maharashtra,Mumbai,"Bandra Kurla Complex, Mumbai - IITM","09-04-2026 11:00:00",19.053536,72.84643,CO,4,38,18
India,Maharashtra,Mumbai,"Bandra Kurla Complex, Mumbai - IITM","09-04-2026 11:00:00",19.053536,72.84643,OZONE,1,12,5
India,Maharashtra,Mumbai,"Khindipada-Bhandup West, Mumbai - IITM","09-04-2026 11:00:00",19.1653323,72.922099,NH3,2,3,3
India,Maharashtra,Mumbai,"Khindipada-Bhandup West, Mumbai - IITM","09-04-2026 11:00:00",19.1653323,72.922099,CO,12,41,20
India,Maharashtra,Mumbai,"Khindipada-Bhandup West, Mumbai - IITM","09-04-2026 11:00:00",19.1653323,72.922099,OZONE,1,48,10
India,Maharashtra,Mumbai,"Kurla, Mumbai - MPCB","09-04-2026 11:00:00",19.0863,72.8888,CO,7,19,10
India,Maharashtra,Mumbai,"Sewri, Mumbai - BMC","09-04-2026 11:00:00",19.000084,72.856730,SO2,1,11,4
India,Maharashtra,Mumbai,"Sewri, Mumbai - BMC","09-04-2026 11:00:00",19.000084,72.856730,CO,8,68,25
India,Maharashtra,Mumbai,"Shivaji Nagar, Mumbai - BMC","09-04-2026 11:00:00",19.060498,72.923356,NH3,2,6,4
India,Maharashtra,Mumbai,"Kherwadi_Bandra East, Mumbai - MPCB","09-04-2026 11:00:00",19.0632143,72.8456324,NO2,1,8,4
India,Maharashtra,Mumbai,"Kandivali West, Mumbai - BMC","09-04-2026 11:00:00",19.215859,72.831718,SO2,1,4,2
India,Maharashtra,Mumbai,"Ghatkopar, Mumbai - BMC","09-04-2026 11:00:00",19.083694,72.920967,OZONE,2,24,8
India,Maharashtra,"Navi Mumbai","Mahape, Navi Mumbai - MPCB","09-04-2026 11:00:00",19.1135051,73.008978,PM2.5,24,67,37
India,Maharashtra,"Navi Mumbai","Mahape, Navi Mumbai - MPCB","09-04-2026 11:00:00",19.1135051,73.008978,PM10,52,112,72
India,Maharashtra,"Navi Mumbai","Mahape, Navi Mumbai - MPCB","09-04-2026 11:00:00",19.1135051,73.008978,NH3,1,1,1
India,Maharashtra,"Navi Mumbai","Mahape, Navi Mumbai - MPCB","09-04-2026 11:00:00",19.1135051,73.008978,OZONE,6,11,10
India,Maharashtra,"Navi Mumbai","Nerul, Navi Mumbai - MPCB","09-04-2026 11:00:00",19.008751,73.016620,NO2,54,55,55
India,Maharashtra,"Navi Mumbai","Sanpada, Navi Mumbai - MPCB","09-04-2026 11:00:00",19.0575752,73.0151367,PM2.5,15,46,29
India,Maharashtra,"Navi Mumbai","Sanpada, Navi Mumbai - MPCB","09-04-2026 11:00:00",19.0575752,73.0151367,OZONE,1,28,5
India,Maharashtra,"Navi Mumbai","Sector-2E Kalamboli, Navi Mumbai - MPCB","09-04-2026 11:00:00",19.02579,73.10297,PM2.5,28,70,43
India,Maharashtra,Nagpur,"Ambazari, Nagpur - MPCB","09-04-2026 11:00:00",21.121801,79.04952,PM10,72,107,82
India,Maharashtra,Nagpur,"Ambazari, Nagpur - MPCB","09-04-2026 11:00:00",21.121801,79.04952,OZONE,19,70,41
India,Maharashtra,Nagpur,"Mahal, Nagpur - MPCB","09-04-2026 11:00:00",21.14472,79.107595,SO2,17,52,31
India,Maharashtra,Nagpur,"Mahal, Nagpur - MPCB","09-04-2026 11:00:00",21.14472,79.107595,OZONE,14,41,20
India,Maharashtra,Parbhani,"Masoom Colony, Parbhani - MPCB","09-04-2026 11:00:00",19.265594,76.761463,OZONE,4,8,7
India,Maharashtra,Pimpri-Chinchwad,"Gavalinagar, Pimpri Chinchwad - MPCB","09-04-2026 11:00:00",18.63673,73.82487,PM10,48,81,65
India,Maharashtra,Nagpur,"Ram Nagar, Nagpur - MPCB","09-04-2026 11:00:00",21.143383,79.048912,PM2.5,35,72,50
India,Maharashtra,Nanded,"Sneh Nagar, Nanded - MPCB","09-04-2026 11:00:00",19.173852,77.296291,NH3,3,5,4
India,Maharashtra,Mumbai,"Sion, Mumbai - MPCB","09-04-2026 11:00:00",19.047000,72.874600,PM10,29,91,45
India,Maharashtra,Mumbai,"Vile Parle West, Mumbai - MPCB","09-04-2026 11:00:00",19.10861,72.83622,PM2.5,18,35,25
India,Maharashtra,Nashik,"Gangapur Road, Nashik - MPCB","09-04-2026 11:00:00",20.0073285,73.7762427,PM10,47,148,95
India,Maharashtra,Nashik,"Gangapur Road, Nashik - MPCB","09-04-2026 11:00:00",20.0073285,73.7762427,OZONE,10,30,29
India,Maharashtra,Nashik,"MIDC Ambad, Nashik - MPCB","09-04-2026 11:00:00",19.950220,73.731480,NO2,3,11,7
India,Maharashtra,Nashik,"MIDC Ambad, Nashik - MPCB","09-04-2026 11:00:00",19.950220,73.731480,CO,34,42,37
India,Maharashtra,Nagpur,"Opp GPO Civil Lines, Nagpur - MPCB","09-04-2026 11:00:00",21.152875,79.0517531,CO,10,52,22
India,Maharashtra,Mumbai,"Worli, Mumbai -MPCB","09-04-2026 11:00:00",18.9942180,72.8158167,SO2,30,32,31
India,Maharashtra,Pune,"Revenue Colony-Shivajinagar, Pune - IITM","09-04-2026 11:00:00",18.530085,73.849598,OZONE,3,28,10
India,Maharashtra,Pune,"Savitribai Phule Pune University, Pune - MPCB","09-04-2026 11:00:00",18.547056,73.826908,SO2,1,6,3
India,Maharashtra,Sangli,"Vijay Nagar, Sangli - MPCB","09-04-2026 11:00:00"," 16.5038",74.3623,NO2,NA,NA,NA
India,Maharashtra,Sangli,"Vijay Nagar, Sangli - MPCB","09-04-2026 11:00:00"," 16.5038",74.3623,SO2,NA,NA,NA
India,Maharashtra,Sangli,"Vijay Nagar, Sangli - MPCB","09-04-2026 11:00:00"," 16.5038",74.3623,OZONE,23,43,26
India,Maharashtra,Pune,"Dhankawadi, Pune - IITM","09-04-2026 11:00:00",18.459883,73.852193,CO,100,125,109
India,Maharashtra,Pune,"Dhankawadi, Pune - IITM","09-04-2026 11:00:00",18.459883,73.852193,OZONE,8,65,19
India,Maharashtra,Pune,"Hadapsar, Pune - IITM","09-04-2026 11:00:00",18.501793,73.927532,PM2.5,39,87,61
India,Maharashtra,Pune,"Katraj Dairy, Pune - MPCB","09-04-2026 11:00:00",18.454450,73.854155,NH3,1,5,2
India,Maharashtra,Pune,"Katraj Dairy, Pune - MPCB","09-04-2026 11:00:00",18.454450,73.854155,OZONE,12,34,15
India,Maharashtra,Pune,"Mhada Colony, Pune - IITM","09-04-2026 11:00:00",18.573040,73.927715,NO2,14,39,22
India,Maharashtra,Pimpri-Chinchwad,"Thergaon, Pimpri Chinchwad - MPCB","09-04-2026 11:00:00",18.616318,73.765797,CO,10,42,29
India,Maharashtra,Pimpri-Chinchwad,"Thergaon, Pimpri Chinchwad - MPCB","09-04-2026 11:00:00",18.616318,73.765797,OZONE,21,44,25
India,Maharashtra,Solapur,"Dnyaneshwar Nagar, Solapur - MPCB","09-04-2026 11:00:00",17.6336264,75.9132495,NH3,9,30,15
India,Maharashtra,Solapur,"Dnyaneshwar Nagar, Solapur - MPCB","09-04-2026 11:00:00",17.6336264,75.9132495,CO,8,50,16
India,Maharashtra,Thane,"Kasarvadavali, Thane - MPCB","09-04-2026 11:00:00",19.26777,72.97182,SO2,NA,NA,NA
India,Maharashtra,Thane,"Kasarvadavali, Thane - MPCB","09-04-2026 11:00:00",19.26777,72.97182,CO,7,58,29
India,Maharashtra,Pimpri-Chinchwad,"Park Street Wakad, Pimpri Chinchwad - MPCB","09-04-2026 11:00:00",18.59051,73.77946,PM10,NA,NA,NA
India,Maharashtra,Ulhasnagar,"Sidhi Vinayak Nagar, Ulhasnagar - MPCB","09-04-2026 11:00:00",19.235581,73.159121,NH3,1,7,5
India,Maharashtra,Pune,"Revenue Colony-Shivajinagar, Pune - IITM","09-04-2026 11:00:00",18.530085,73.849598,SO2,4,29,12
India,Maharashtra,Virar,"Bolinj, Virar - MPCB","09-04-2026 11:00:00",19.4458210,72.7988231,OZONE,4,21,9
India,Meghalaya,Byrnihat,"15th Mile-Nongthymmai, Byrnihat - Meghalaya PCB","09-04-2026 11:00:00",26.05374,91.86796,NO2,1,3,1
India,Meghalaya,Shillong,"JN Stadium, Shillong - Meghalaya PCB","09-04-2026 11:00:00",25.5803419,91.8942571,PM10,NA,NA,NA
India,Nagaland,Kohima,"PWD Junction, Kohima - NPCB","09-04-2026 11:00:00",25.6635413,94.0989878,SO2,18,21,19
India,Nagaland,Kohima,"PWD Junction, Kohima - NPCB","09-04-2026 11:00:00",25.6635413,94.0989878,CO,2,12,4
India,Odisha,Angul,"Hakimapada, Angul - OSPCB","09-04-2026 11:00:00",20.832874,85.104082,PM2.5,17,346,85
India,Odisha,Angul,"Hakimapada, Angul - OSPCB","09-04-2026 11:00:00",20.832874,85.104082,NO2,5,64,20
India,Odisha,Balasore,"Kalidaspur, Balasore - OSPCB","09-04-2026 11:00:00",21.51161,86.89088,SO2,4,10,5
India,Odisha,Barbil,"Forest Office, Barbil - OSPCB","09-04-2026 11:00:00",22.1166054,85.3945546,CO,36,96,54
India,Odisha,Baripada,"Meher Colony, Baripada - OSPCB","09-04-2026 11:00:00",21.941841,86.728318,SO2,3,13,7
India,Odisha,Bhubaneswar,"Patia, Bhubaneswar - OSPCB","09-04-2026 11:00:00",20.34652,85.81630,PM2.5,25,77,38
India,Odisha,Bhubaneswar,"Patia, Bhubaneswar - OSPCB","09-04-2026 11:00:00",20.34652,85.81630,NH3,4,8,6
India,Maharashtra,Ulhasnagar,"Sidhi Vinayak Nagar, Ulhasnagar - MPCB","09-04-2026 11:00:00",19.235581,73.159121,OZONE,8,86,19
India,Odisha,Bileipada,"Tata Township, Bileipada - OSPCB","09-04-2026 11:00:00",22.06156703,85.47409613,NH3,5,6,5
India,Odisha,Brajrajnagar,"GM Office, Brajrajnagar - OSPCB","09-04-2026 11:00:00",21.8004996,83.8396977,NO2,12,13,13
India,Odisha,Baripada,"Meher Colony, Baripada - OSPCB","09-04-2026 11:00:00",21.941841,86.728318,OZONE,12,41,29
India,Maharashtra,Virar,"Bolinj, Virar - MPCB","09-04-2026 11:00:00",19.4458210,72.7988231,NO2,13,75,26
India,Rajasthan,Alwar,"Moti Doongri, Alwar - RSPCB","09-04-2026 11:00:00",27.554793,76.611536,CO,2,74,51
India,Rajasthan,Banswara,"Rati Talai, Banswara - RSPCB","09-04-2026 11:00:00",23.555190,74.440010,OZONE,6,95,18
India,Rajasthan,Baran,"Bamboliya, Baran - RSPCB","09-04-2026 11:00:00",25.106006,76.469948,SO2,2,29,9
India,Rajasthan,Baran,"Bamboliya, Baran - RSPCB","09-04-2026 11:00:00",25.106006,76.469948,CO,2,23,16
India,Rajasthan,Barmer,"Railway Colony, Barmer - RSPCB","09-04-2026 11:00:00",25.747299,71.393989,NO2,7,32,14
India,Rajasthan,Barmer,"Railway Colony, Barmer - RSPCB","09-04-2026 11:00:00",25.747299,71.393989,SO2,4,19,5
India,Rajasthan,Bharatpur,"Krishna Nagar, Bharatpur - RSPCB","09-04-2026 11:00:00",27.215415,77.50873,PM2.5,8,54,24
India,Rajasthan,Bharatpur,"Krishna Nagar, Bharatpur - RSPCB","09-04-2026 11:00:00",27.215415,77.50873,PM10,19,129,48
India,Rajasthan,Bharatpur,"Krishna Nagar, Bharatpur - RSPCB","09-04-2026 11:00:00",27.215415,77.50873,OZONE,35,106,51
India,Odisha,Rairangpur,"Divisional Forest Office, Rairangpur - OSPCB","09-04-2026 11:00:00",22.265816,86.174829,PM2.5,13,21,15
India,Odisha,Rairangpur,"Divisional Forest Office, Rairangpur - OSPCB","09-04-2026 11:00:00",22.265816,86.174829,CO,15,42,25
India,Odisha,Rourkela,"Raghunathpali, Rourkela - OSPCB","09-04-2026 11:00:00",22.220833,84.809444,PM10,29,60,43
India,Odisha,Rourkela,"Raghunathpali, Rourkela - OSPCB","09-04-2026 11:00:00",22.220833,84.809444,NO2,15,15,15
India,Odisha,Rourkela,"Raghunathpali, Rourkela - OSPCB","09-04-2026 11:00:00",22.220833,84.809444,SO2,6,8,7
India,Odisha,Suakati,"OMC Colony, Suakati - OSPCB","09-04-2026 11:00:00",21.606865,85.510538,NO2,15,15,15
India,Punjab,"Mandi Gobindgarh","RIMT University, Mandi Gobindgarh - PPCB","09-04-2026 11:00:00",30.649961,76.331442,OZONE,35,38,36
India,Punjab,Rupnagar,"Ratanpura, Rupnagar - Ambuja Cements","09-04-2026 11:00:00",31.0325454,76.5623046,PM10,15,82,24
India,Rajasthan,Ajmer,"Civil Lines,  Ajmer - RSPCB","09-04-2026 11:00:00",26.470859,74.646594,PM10,68,115,93
India,Rajasthan,Alwar,"Moti Doongri, Alwar - RSPCB","09-04-2026 11:00:00",27.554793,76.611536,PM2.5,46,78,60
India,Rajasthan,Bhilwara,"Pratap Nagar, Bhilwara - RSPCB","09-04-2026 11:00:00",25.339605,74.618883,SO2,9,71,16
India,Rajasthan,Bhilwara,"Pratap Nagar, Bhilwara - RSPCB","09-04-2026 11:00:00",25.339605,74.618883,CO,26,74,41
India,Rajasthan,Bhiwadi,"RIICO Ind. Area III, Bhiwadi - RSPCB","09-04-2026 11:00:00",28.194909,76.862296,NH3,4,15,9
India,Rajasthan,Bhiwadi,"Vasundhara Nagar_UIT, Bhiwadi - RSPCB","09-04-2026 11:00:00",28.207266,76.829265,PM2.5,28,263,108
India,Rajasthan,Bhiwadi,"Vasundhara Nagar_UIT, Bhiwadi - RSPCB","09-04-2026 11:00:00",28.207266,76.829265,OZONE,9,89,17
India,Punjab,Bathinda,"Hardev Nagar, Bathinda - PPCB","09-04-2026 11:00:00",30.233011,74.907758,SO2,10,10,10
India,Punjab,Bathinda,"Hardev Nagar, Bathinda - PPCB","09-04-2026 11:00:00",30.233011,74.907758,CO,44,79,78
India,Punjab,Khanna,"Kalal Majra, Khanna - PPCB","09-04-2026 11:00:00","30.736056 ",76.209694,SO2,8,19,10
India,Punjab,Khanna,"Kalal Majra, Khanna - PPCB","09-04-2026 11:00:00","30.736056 ",76.209694,OZONE,20,41,25
India,Punjab,"Mandi Gobindgarh","RIMT University, Mandi Gobindgarh - PPCB","09-04-2026 11:00:00",30.649961,76.331442,NO2,23,24,24
India,Odisha,Tensa,"Barsua Iron Ore Mines, Tensa - OSPCB","09-04-2026 11:00:00",21.869985,85.167016,OZONE,7,44,12
India,Punjab,Amritsar,"Golden Temple, Amritsar - PPCB","09-04-2026 11:00:00",31.620000,74.876512,SO2,13,80,25
India,Punjab,Amritsar,"Golden Temple, Amritsar - PPCB","09-04-2026 11:00:00",31.620000,74.876512,CO,27,115,74
India,Odisha,Keonjhar,"Jagamohanpur, Keonjhar - OSPCB","09-04-2026 11:00:00",21.643900,85.599355,OZONE,11,43,22
India,Odisha,Nayagarh,"Dabuna, Nayagarh - OSPCB","09-04-2026 11:00:00",21.847279,85.416905,NO2,5,6,5
India,Odisha,Nayagarh,"Dabuna, Nayagarh - OSPCB","09-04-2026 11:00:00",21.847279,85.416905,CO,11,20,16
India,Odisha,Brajrajnagar,"GM Office, Brajrajnagar - OSPCB","09-04-2026 11:00:00",21.8004996,83.8396977,SO2,19,22,20
India,Odisha,Byasanagar,"Ferro Chrome Colony, Byasanagar - OSPCB","09-04-2026 11:00:00",20.94185,86.11510,NH3,2,3,2
India,Rajasthan,Bundi,"New Colony, Bundi - RSPCB","09-04-2026 11:00:00",25.435774,75.644272,PM10,47,135,80
India,Rajasthan,Bundi,"New Colony, Bundi - RSPCB","09-04-2026 11:00:00",25.435774,75.644272,NO2,9,103,35
India,Rajasthan,Bundi,"New Colony, Bundi - RSPCB","09-04-2026 11:00:00",25.435774,75.644272,OZONE,26,118,61
India,Rajasthan,Chittorgarh,"Shastri Nagar, Chittorgarh - RSPCB","09-04-2026 11:00:00",24.892047,74.623527,NO2,8,69,31
India,Rajasthan,Churu,"Subash Chowk, Churu - RSPCB","09-04-2026 11:00:00",28.296139,74.961696,PM2.5,22,248,53
India,Rajasthan,Churu,"Subash Chowk, Churu - RSPCB","09-04-2026 11:00:00",28.296139,74.961696,PM10,49,252,97
India,Rajasthan,Jaipur,"RIICO Sitapura, Jaipur - RSPCB","09-04-2026 11:00:00",26.786682,75.827928,PM10,NA,NA,NA
India,Rajasthan,Jaipur,"RIICO Sitapura, Jaipur - RSPCB","09-04-2026 11:00:00",26.786682,75.827928,NO2,NA,NA,NA
India,Rajasthan,Jaipur,"RIICO Sitapura, Jaipur - RSPCB","09-04-2026 11:00:00",26.786682,75.827928,NH3,NA,NA,NA
India,Rajasthan,Jaipur,"RIICO Sitapura, Jaipur - RSPCB","09-04-2026 11:00:00",26.786682,75.827928,CO,48,104,48
India,Rajasthan,Jaipur,"RIICO Sitapura, Jaipur - RSPCB","09-04-2026 11:00:00",26.786682,75.827928,OZONE,11,83,62
India,Rajasthan,Jaipur,"Sector-2 Murlipura, Jaipur - RSPCB","09-04-2026 11:00:00",26.960669,75.771817,PM10,26,100,59
India,Rajasthan,Jaipur,"Sector-2 Murlipura, Jaipur - RSPCB","09-04-2026 11:00:00",26.960669,75.771817,CO,6,46,16
India,Rajasthan,Jaipur,"Mansarovar Sector-12, Jaipur - RSPCB","09-04-2026 11:00:00",26.843698,75.766894,SO2,2,6,3
India,Rajasthan,Jaipur,"Mansarovar Sector-12, Jaipur - RSPCB","09-04-2026 11:00:00",26.843698,75.766894,CO,54,104,62
India,Rajasthan,Jaipur,"Police Commissionerate, Jaipur - RSPCB","09-04-2026 11:00:00",26.9164092,75.7994901,PM2.5,NA,NA,NA
India,Rajasthan,Jaipur,"Police Commissionerate, Jaipur - RSPCB","09-04-2026 11:00:00",26.9164092,75.7994901,NH3,NA,NA,NA
India,Rajasthan,Dholpur,"Raja Ganj, Dholpur - RSPCB","09-04-2026 11:00:00",26.699557,77.898881,NH3,12,19,15
India,Rajasthan,Dholpur,"Raja Ganj, Dholpur - RSPCB","09-04-2026 11:00:00",26.699557,77.898881,SO2,2,8,5
India,Rajasthan,Dholpur,"Raja Ganj, Dholpur - RSPCB","09-04-2026 11:00:00",26.699557,77.898881,CO,19,108,78
India,Rajasthan,Dungarpur,"Bhoiwada, Dungarpur - RSPCB","09-04-2026 11:00:00",23.837789,73.714926,PM2.5,20,65,45
India,Rajasthan,Dausa,"Khatikan Mohalla, Dausa - RSPCB","09-04-2026 11:00:00",26.895552,76.334753,SO2,1,3,2
India,Rajasthan,Dausa,"Khatikan Mohalla, Dausa - RSPCB","09-04-2026 11:00:00",26.895552,76.334753,CO,27,104,37
India,Rajasthan,Jaipur,"Shastri Nagar, Jaipur - RSPCB","09-04-2026 11:00:00",26.9502929,75.730943,SO2,8,43,25
India,Rajasthan,Bikaner,"MM Ground, Bikaner - RSPCB","09-04-2026 11:00:00",28.018792,73.292658,NO2,8,61,23
India,Rajasthan,Jaipur,"Adarsh Nagar, Jaipur - RSPCB","09-04-2026 11:00:00",26.902909,75.836858,PM2.5,NA,NA,NA
India,Rajasthan,Churu,"Subash Chowk, Churu - RSPCB","09-04-2026 11:00:00",28.296139,74.961696,SO2,2,3,3
India,Rajasthan,Jaisalmer,"Sadar Bazar, Jaisalmer - RSPCB","09-04-2026 11:00:00",26.912329,70.909168,CO,10,32,14
India,Rajasthan,Jalore,"Mudtra Sili, Jalore - RSPCB","09-04-2026 11:00:00",25.344694,72.626208,PM10,99,156,119
India,Rajasthan,Jhalawar,"Rajlaxmi Nagar, Jhalawar - RSPCB","09-04-2026 11:00:00",24.588397,76.172782,NO2,15,58,29
India,Rajasthan,Jhalawar,"Rajlaxmi Nagar, Jhalawar - RSPCB","09-04-2026 11:00:00",24.588397,76.172782,SO2,5,15,9
India,Rajasthan,Jhunjhunu,"Indra Nagar, Jhunjhunu - RSPCB","09-04-2026 11:00:00",28.108988,75.386577,PM2.5,12,74,44
India,Rajasthan,Kota,"Dhanmandi, Kota - RSPCB","09-04-2026 11:00:00",25.164090,75.858137,CO,12,126,12
India,Rajasthan,Kota,"Nayapura, Kota - RSPCB","09-04-2026 11:00:00",25.196024,75.855668,PM10,42,116,72
India,Rajasthan,Kota,"Shrinath Puram, Kota - RSPCB","09-04-2026 11:00:00",25.14389,75.821256,PM2.5,59,222,122
India,Rajasthan,Kota,"Shrinath Puram, Kota - RSPCB","09-04-2026 11:00:00",25.14389,75.821256,CO,6,107,25
India,Rajasthan,Jodhpur,"Digari Kalan, Jodhpur - RSPCB","09-04-2026 11:00:00",26.295810,73.082283,PM10,83,175,122
India,Rajasthan,Jodhpur,"Digari Kalan, Jodhpur - RSPCB","09-04-2026 11:00:00",26.295810,73.082283,NH3,4,6,5
India,Rajasthan,Jodhpur,"Jhalamand, Jodhpur - RSPCB","09-04-2026 11:00:00",26.215415,73.070156,NH3,NA,NA,NA
India,Rajasthan,Pali,"Indira Colony Vistar, Pali - RSPCB","09-04-2026 11:00:00",25.771061," 73.340227",OZONE,8,88,20
India,Rajasthan,Pratapgarh,"Pragati Nagar, Pratapgarh - RSPCB","09-04-2026 11:00:00",24.041198,74.780702,OZONE,33,92,44
India,Rajasthan,Rajsamand,"Dhoinda, Rajsamand - RSPCB","09-04-2026 11:00:00",25.036360,73.883502,NO2,11,61,23
India,Rajasthan,"Sawai Madhopur","Sahu Nagar, Sawai Madhopur - RSPCB","09-04-2026 11:00:00",26.031443,76.359327,NO2,7,78,31
India,Rajasthan,Jhunjhunu,"Indra Nagar, Jhunjhunu - RSPCB","09-04-2026 11:00:00",28.108988,75.386577,SO2,2,4,3
India,Rajasthan,Jhunjhunu,"Indra Nagar, Jhunjhunu - RSPCB","09-04-2026 11:00:00",28.108988,75.386577,OZONE,3,97,47
India,Rajasthan,Jodhpur,"Mandor, Jodhpur - RSPCB","09-04-2026 11:00:00",26.358805,73.047444,OZONE,26,90,52
India,Rajasthan,Nagaur,"Karni Colony, Nagaur - RSPCB","09-04-2026 11:00:00",27.213494,73.734444,SO2,1,2,1
India,Rajasthan,Jodhpur,"Mandor, Jodhpur - RSPCB","09-04-2026 11:00:00",26.358805,73.047444,SO2,1,4,2
India,TamilNadu,Chennai,"Kodungaiyur, Chennai - TNPCB","09-04-2026 11:00:00",13.1278,80.2642,OZONE,25,35,32
India,TamilNadu,Chennai,"Manali Village, Chennai - TNPCB","09-04-2026 11:00:00",13.1662,80.2584,PM2.5,10,54,26
India,TamilNadu,Chennai,"Manali Village, Chennai - TNPCB","09-04-2026 11:00:00",13.1662,80.2584,SO2,1,16,7
India,TamilNadu,Chennai,"Manali Village, Chennai - TNPCB","09-04-2026 11:00:00",13.1662,80.2584,OZONE,27,120,84
India,TamilNadu,Chennai,"Perungudi, Chennai - TNPCB","09-04-2026 11:00:00",12.9533,80.2357,SO2,1,9,4
India,TamilNadu,Chennai,"Royapuram, Chennai - TNPCB","09-04-2026 11:00:00",13.1036,80.2909,PM2.5,13,86,33
India,Rajasthan,Udaipur,"Ashok Nagar, Udaipur - RSPCB","09-04-2026 11:00:00",24.5886166,73.6321397,CO,3,67,30
India,Sikkim,Gangtok,"Zero Point GICI, Gangtok - SSPCB","09-04-2026 11:00:00",27.338530,88.614099,OZONE,16,28,22
India,TamilNadu,Chennai,"Arumbakkam, Chennai - TNPCB","09-04-2026 11:00:00",13.0664,"80.2112 ",PM10,42,95,65
India,TamilNadu,Thoothukudi,"Meelavittan, Thoothukudi - TNPCB","09-04-2026 11:00:00","8.816428 ",78.099039,CO,21,39,32
India,TamilNadu,Tirupur,"Kumaran College, Tirupur - TNPCB","09-04-2026 11:00:00",11.0973603,77.3228673,NO2,4,7,5
India,TamilNadu,Madurai,"Uchapatti, Madurai - TNPCB","09-04-2026 11:00:00",9.865935,78.022669,CO,30,44,35
India,TamilNadu,Perundurai,"SIPCOT Industrial Park, Perundurai - TNPCB","09-04-2026 11:00:00",11.258242,77.552761,PM10,24,161,89
India,TamilNadu,Coimbatore,"PSG College of Arts and Science, Coimbatore - TNPCB","09-04-2026 11:00:00",11.0328,77.0349,PM2.5,33,81,48
India,TamilNadu,Coimbatore,"SIDCO Kurichi, Coimbatore - TNPCB","09-04-2026 11:00:00",10.942451,76.978996,PM2.5,27,66,44
India,TamilNadu,Thoothukudi,"Meelavittan, Thoothukudi - TNPCB","09-04-2026 11:00:00","8.816428 ",78.099039,NO2,11,21,16
India,TamilNadu,Thoothukudi,"Meelavittan, Thoothukudi - TNPCB","09-04-2026 11:00:00","8.816428 ",78.099039,SO2,1,19,12
India,TamilNadu,Tirupur,"Kumaran College, Tirupur - TNPCB","09-04-2026 11:00:00",11.0973603,77.3228673,CO,18,36,33
India,Telangana,Hyderabad,"ECIL Kapra, Hyderabad - TSPCB","09-04-2026 11:00:00",17.470431,78.566959,PM2.5,58,81,71
India,Rajasthan,Sikar,"Radhakishan Pura, Sikar - RSPCB","09-04-2026 11:00:00",27.608912,75.153302,OZONE,21,99,73
India,Tripura,Agartala,"Bardowali, Agartala - Tripura SPCB","09-04-2026 11:00:00",23.8175497,91.2726974,PM2.5,47,244,97
India,Tripura,Agartala,"Bardowali, Agartala - Tripura SPCB","09-04-2026 11:00:00",23.8175497,91.2726974,PM10,45,167,89
India,Uttar_Pradesh,Agra,"Rohta, Agra - UPPCB","09-04-2026 11:00:00",27.106972,78.000111,PM2.5,28,67,41
India,Uttar_Pradesh,Agra,"Rohta, Agra - UPPCB","09-04-2026 11:00:00",27.106972,78.000111,CO,8,16,9
India,Uttar_Pradesh,Agra,"Sanjay Palace, Agra - UPPCB","09-04-2026 11:00:00",27.19865833,78.00598056,PM2.5,33,181,61
India,Telangana,Hyderabad,"ECIL Kapra, Hyderabad - TSPCB","09-04-2026 11:00:00",17.470431,78.566959,OZONE,13,58,17
India,Telangana,Hyderabad,"ICRISAT Patancheru, Hyderabad - TSPCB","09-04-2026 11:00:00",17.518400,78.278777,NO2,1,12,5
India,Telangana,Hyderabad,"IDA Pashamylaram, Hyderabad - TSPCB","09-04-2026 11:00:00",17.5316895,78.218939,NH3,1,1,1
India,Telangana,Hyderabad,"IITH Kandi, Hyderabad - TSPCB","09-04-2026 11:00:00",17.585705,78.126199,PM2.5,33,89,62
India,Telangana,Hyderabad,"IITH Kandi, Hyderabad - TSPCB","09-04-2026 11:00:00",17.585705,78.126199,PM10,70,109,80
India,Telangana,Hyderabad,"Kokapet, Hyderabad - TSPCB","09-04-2026 11:00:00",17.393559,78.339194,NH3,2,3,3
India,Telangana,Hyderabad,"Kokapet, Hyderabad - TSPCB","09-04-2026 11:00:00",17.393559,78.339194,SO2,15,18,16
India,Telangana,Hyderabad,"Kompally Municipal Office, Hyderabad - TSPCB","09-04-2026 11:00:00",17.544899,78.486949,PM2.5,44,60,55
India,Uttar_Pradesh,Agra,"Shastripuram, Agra - UPPCB","09-04-2026 11:00:00",27.19862,77.92066,PM10,17,102,37
India,Uttar_Pradesh,Bareilly,"Civil Lines, Bareilly - UPPCB","09-04-2026 11:00:00",28.359581,79.414455,NO2,2,3,2
India,Uttar_Pradesh,Bareilly,"Rajendra Nagar, Bareilly - UPPCB","09-04-2026 11:00:00",28.38910936,79.42963708,PM10,11,38,21
India,Uttar_Pradesh,Agra,"Sector-3B Avas Vikas Colony, Agra - UPPCB","09-04-2026 11:00:00",27.19412,77.96237,CO,7,17,11
India,Uttar_Pradesh,Agra,"Sector-3B Avas Vikas Colony, Agra - UPPCB","09-04-2026 11:00:00",27.19412,77.96237,OZONE,4,29,6
India,Uttar_Pradesh,Agra,"Shahjahan Garden, Agra - UPPCB","09-04-2026 11:00:00",27.169338,78.03582,CO,8,12,8
India,Telangana,Hyderabad,"Nacharam_TSIIC IALA, Hyderabad - TSPCB","09-04-2026 11:00:00",17.429398,78.569354,NO2,12,17,14
India,Telangana,Hyderabad,"Nacharam_TSIIC IALA, Hyderabad - TSPCB","09-04-2026 11:00:00",17.429398,78.569354,NH3,5,7,6
India,Telangana,Hyderabad,"Nacharam_TSIIC IALA, Hyderabad - TSPCB","09-04-2026 11:00:00",17.429398,78.569354,OZONE,15,33,17
India,Telangana,Hyderabad,"Ramachandrapuram, Hyderabad - TSPCB","09-04-2026 11:00:00",17.528544,78.286195,SO2,7,18,11
India,Telangana,Hyderabad,"Sanathnagar, Hyderabad - TSPCB","09-04-2026 11:00:00",17.4559458,78.4332152,SO2,4,31,14
India,Uttar_Pradesh,Agra,"Sector-3B Avas Vikas Colony, Agra - UPPCB","09-04-2026 11:00:00",27.19412,77.96237,NO2,35,36,36
India,Uttar_Pradesh,Bulandshahr,"Yamunapuram, Bulandshahr - UPPCB","09-04-2026 11:00:00",28.406963,77.849831,PM2.5,10,76,32
India,Uttar_Pradesh,Lucknow,"B R Ambedkar University, Lucknow - UPPCB","09-04-2026 11:00:00",26.766433,80.927299,CO,20,30,22
India,Uttar_Pradesh,Lucknow,"Gomti Nagar, Lucknow - UPPCB","09-04-2026 11:00:00",26.868120,81.005119,PM2.5,4,42,22
India,Uttar_Pradesh,Lucknow,"Gomti Nagar, Lucknow - UPPCB","09-04-2026 11:00:00",26.868120,81.005119,SO2,9,13,11
India,Uttar_Pradesh,Lucknow,"Kendriya Vidyalaya, Lucknow - CPCB","09-04-2026 11:00:00",26.906111,80.948222,SO2,6,14,9
India,Uttar_Pradesh,Lucknow,"Kendriya Vidyalaya, Lucknow - CPCB","09-04-2026 11:00:00",26.906111,80.948222,OZONE,28,53,30
India,Uttar_Pradesh,Lucknow,"Kukrail Picnic Spot-1, Lucknow - UPPCB","09-04-2026 11:00:00",26.90723,80.98579,PM10,18,61,36
India,Uttar_Pradesh,Lucknow,"Kukrail Picnic Spot-1, Lucknow - UPPCB","09-04-2026 11:00:00",26.90723,80.98579,CO,1,18,16
India,Uttar_Pradesh,Jhansi,"Shivaji Nagar, Jhansi - UPPCB","09-04-2026 11:00:00",25.4547,78.6039,CO,6,11,8
India,Uttar_Pradesh,Jhansi,"Shivaji Nagar, Jhansi - UPPCB","09-04-2026 11:00:00",25.4547,78.6039,OZONE,4,17,4
India,Uttar_Pradesh,Kanpur,"NSI Kalyanpur, Kanpur - UPPCB","09-04-2026 11:00:00",26.509954,80.249612,PM2.5,24,64,34
India,Uttar_Pradesh,Kanpur,"NSI Kalyanpur, Kanpur - UPPCB","09-04-2026 11:00:00",26.509954,80.249612,OZONE,17,21,19
India,Uttar_Pradesh,Kanpur,"Nehru Nagar, Kanpur - UPPCB","09-04-2026 11:00:00",26.4703136,80.3229863,SO2,14,17,15
India,Uttar_Pradesh,Kanpur,"Nehru Nagar, Kanpur - UPPCB","09-04-2026 11:00:00",26.4703136,80.3229863,CO,62,72,67
India,Uttar_Pradesh,Kanpur,"Nehru Nagar, Kanpur - UPPCB","09-04-2026 11:00:00",26.4703136,80.3229863,OZONE,6,30,12
India,Uttar_Pradesh,Gorakhpur,"Madan Mohan Malaviya University of Technology, Gorakhpur - UPPCB","09-04-2026 11:00:00",26.730136,83.433859,PM10,12,124,58
India,Uttar_Pradesh,Gorakhpur,"Madan Mohan Malaviya University of Technology, Gorakhpur - UPPCB","09-04-2026 11:00:00",26.730136,83.433859,NH3,1,1,1
India,Uttar_Pradesh,"Greater Noida","Knowledge Park - III, Greater Noida - UPPCB","09-04-2026 11:00:00",28.47272,77.482000,PM2.5,27,70,48
India,Uttar_Pradesh,"Greater Noida","Knowledge Park - III, Greater Noida - UPPCB","09-04-2026 11:00:00",28.47272,77.482000,SO2,8,17,13
India,Uttar_Pradesh,"Greater Noida","Knowledge Park - V, Greater Noida - UPPCB","09-04-2026 11:00:00",28.557054,77.453663,NO2,34,74,50
India,Uttar_Pradesh,Firozabad,"Nagla Bhau, Firozabad - UPPCB","09-04-2026 11:00:00",27.168897,78.376960,NO2,17,17,17
India,Uttar_Pradesh,Firozabad,"Vibhab Nagar, Firozabad - UPPCB","09-04-2026 11:00:00",27.1594,78.3953,CO,10,14,13
India,Uttar_Pradesh,Ghaziabad,"Loni, Ghaziabad - UPPCB","09-04-2026 11:00:00",28.757294,77.278792,NO2,9,42,20
India,Uttar_Pradesh,Ghaziabad,"Loni, Ghaziabad - UPPCB","09-04-2026 11:00:00",28.757294,77.278792,SO2,10,20,14
India,Uttar_Pradesh,Ghaziabad,"Loni, Ghaziabad - UPPCB","09-04-2026 11:00:00",28.757294,77.278792,CO,16,32,25
India,Uttar_Pradesh,Bulandshahr,"Yamunapuram, Bulandshahr - UPPCB","09-04-2026 11:00:00",28.406963,77.849831,PM10,28,132,59
India,Uttar_Pradesh,Bulandshahr,"Yamunapuram, Bulandshahr - UPPCB","09-04-2026 11:00:00",28.406963,77.849831,OZONE,17,45,25
India,Uttar_Pradesh,Ghaziabad,"Sanjay Nagar, Ghaziabad - UPPCB","09-04-2026 11:00:00",28.685382,77.453839,NH3,7,9,8
India,Uttar_Pradesh,Khurja,"Kalindi Kunj, Khurja - UPPCB","09-04-2026 11:00:00",28.2348927,77.8683002,NO2,12,14,12
India,Uttar_Pradesh,Hapur,"Anand Vihar, Hapur - UPPCB","09-04-2026 11:00:00",28.725645,77.749675,PM2.5,25,81,48
India,Uttar_Pradesh,Muzaffarnagar,"New Mandi, Muzaffarnagar - UPPCB","09-04-2026 11:00:00",29.4723508,77.7194031,CO,21,94,44
India,Uttar_Pradesh,Noida,"Sector - 125, Noida - UPPCB","09-04-2026 11:00:00",28.5447608,77.3231257,OZONE,17,161,39
India,Uttar_Pradesh,Noida,"Sector - 62, Noida - IMD","09-04-2026 11:00:00",28.6245479,77.3577104,NO2,9,23,14
India,Uttar_Pradesh,Noida,"Sector - 62, Noida - IMD","09-04-2026 11:00:00",28.6245479,77.3577104,CO,28,37,35
India,Uttar_Pradesh,Noida,"Sector - 62, Noida - IMD","09-04-2026 11:00:00",28.6245479,77.3577104,OZONE,31,127,48
India,Uttar_Pradesh,Noida,"Sector-1, Noida - UPPCB","09-04-2026 11:00:00",28.5898,77.3101,PM10,56,138,95
India,Uttar_Pradesh,Noida,"Sector-1, Noida - UPPCB","09-04-2026 11:00:00",28.5898,77.3101,NO2,12,69,30
India,Uttar_Pradesh,Noida,"Sector-116, Noida - UPPCB","09-04-2026 11:00:00",28.569230,77.393848,NO2,21,42,31
India,Uttar_Pradesh,Noida,"Sector-116, Noida - UPPCB","09-04-2026 11:00:00",28.569230,77.393848,NH3,9,14,11
India,Uttar_Pradesh,Moradabad,"Jigar Colony, Moradabad - UPPCB","09-04-2026 11:00:00",28.856664,78.772638,SO2,18,36,24
India,Uttar_Pradesh,Moradabad,"Kashiram Nagar, Moradabad - UPPCB","09-04-2026 11:00:00",28.849399,78.742362,SO2,1,34,12
India,Uttar_Pradesh,Moradabad,"Transport Nagar, Moradabad - UPPCB","09-04-2026 11:00:00",28.802625,78.753728,CO,80,130,116
India,Uttar_Pradesh,Moradabad,"Transport Nagar, Moradabad - UPPCB","09-04-2026 11:00:00",28.802625,78.753728,OZONE,27,60,60
India,Uttar_Pradesh,Lucknow,"Talkatora District Industries Center, Lucknow - CPCB","09-04-2026 11:00:00",26.83399722,80.8917361,PM2.5,35,86,59
India,Uttar_Pradesh,Lucknow,"Talkatora District Industries Center, Lucknow - CPCB","09-04-2026 11:00:00",26.83399722,80.8917361,PM10,37,92,60
India,Uttar_Pradesh,Lucknow,"Talkatora District Industries Center, Lucknow - CPCB","09-04-2026 11:00:00",26.83399722,80.8917361,SO2,3,59,9
India,Uttar_Pradesh,Lucknow,"Talkatora District Industries Center, Lucknow - CPCB","09-04-2026 11:00:00",26.83399722,80.8917361,CO,8,100,24
India,Uttar_Pradesh,Moradabad,"Eco Herbal Park, Moradabad - UPPCB","09-04-2026 11:00:00",28.840739,78.697531,NO2,15,31,22
India,Uttar_Pradesh,Moradabad,"Eco Herbal Park, Moradabad - UPPCB","09-04-2026 11:00:00",28.840739,78.697531,OZONE,15,90,40
India,Uttar_Pradesh,Moradabad,"Employment Office, Moradabad - UPPCB","09-04-2026 11:00:00",28.88528,78.73880,NH3,NA,NA,NA
India,Uttar_Pradesh,Moradabad,"Employment Office, Moradabad - UPPCB","09-04-2026 11:00:00",28.88528,78.73880,OZONE,NA,NA,NA
India,Uttar_Pradesh,Noida,"Sector-116, Noida - UPPCB","09-04-2026 11:00:00",28.569230,77.393848,SO2,8,16,11
India,Uttar_Pradesh,Noida,"Sector-116, Noida - UPPCB","09-04-2026 11:00:00",28.569230,77.393848,OZONE,9,54,13
India,Uttar_Pradesh,Prayagraj,"Jhunsi, Prayagraj - UPPCB","09-04-2026 11:00:00",25.425602,81.917152,NH3,6,6,6
India,Uttar_Pradesh,Modinagar,"SRM University, Modinagar - UPPCB","09-04-2026 11:00:00","28.798171 ","77.540243 ",PM10,82,160,123
India,Uttar_Pradesh,Modinagar,"SRM University, Modinagar - UPPCB","09-04-2026 11:00:00","28.798171 ","77.540243 ",OZONE,19,99,30
India,Uttar_Pradesh,Meerut,"Pallavpuram Phase 2, Meerut - UPPCB","09-04-2026 11:00:00",29.063510,77.709723,PM10,25,94,57
India,Uttar_Pradesh,Meerut,"Jai Bhim Nagar, Meerut - UPPCB","09-04-2026 11:00:00",28.9535882,77.7622941,NO2,10,22,16
India,Uttar_Pradesh,Meerut,"Ganga Nagar, Meerut - UPPCB","09-04-2026 11:00:00",28.999264,77.7590354,NO2,57,100,76
India,West_Bengal,Asansol,"Asansol Court Area, Asansol - WBPCB","09-04-2026 11:00:00",23.685297,86.945968,NO2,29,54,37
India,West_Bengal,Asansol,"Evelyn Lodge, Asansol - WBPCB","09-04-2026 11:00:00",23.6979360,86.9443950,NO2,9,41,20
India,West_Bengal,Asansol,"Evelyn Lodge, Asansol - WBPCB","09-04-2026 11:00:00",23.6979360,86.9443950,NH3,5,6,5
India,West_Bengal,Asansol,"Evelyn Lodge, Asansol - WBPCB","09-04-2026 11:00:00",23.6979360,86.9443950,OZONE,2,55,8
India,Uttar_Pradesh,Vrindavan,"Omex Eternity, Vrindavan - UPPCB","09-04-2026 11:00:00",27.5714090,77.6557570,PM2.5,9,46,23
India,Uttar_Pradesh,Vrindavan,"Omex Eternity, Vrindavan - UPPCB","09-04-2026 11:00:00",27.5714090,77.6557570,CO,14,24,20
India,Uttarakhand,Dehradun,"Doon University, Dehradun - UKPCB","09-04-2026 11:00:00",30.269444,78.044167,PM2.5,4,63,29
India,Uttar_Pradesh,Prayagraj,"Motilal Nehru NIT, Prayagraj - UPPCB","09-04-2026 11:00:00",25.494,81.863,OZONE,15,44,19
India,Uttar_Pradesh,Prayagraj,"Nagar Nigam, Prayagraj - UPPCB","09-04-2026 11:00:00","25.44919916 ","81.82735986 ",PM10,21,124,40
India,Uttar_Pradesh,Prayagraj,"Nagar Nigam, Prayagraj - UPPCB","09-04-2026 11:00:00","25.44919916 ","81.82735986 ",NH3,2,7,5
India,Uttar_Pradesh,Varanasi,"Bhelupur, Varanasi - UPPCB","09-04-2026 11:00:00",25.301778,82.996789,OZONE,5,9,5
India,Uttar_Pradesh,Varanasi,"IESD Banaras Hindu University, Varanasi - UPPCB","09-04-2026 11:00:00",25.262326,82.995408,PM2.5,18,47,30
India,Uttarakhand,Kashipur,"Govt. Girls Inter College, Kashipur - UKPCB","09-04-2026 11:00:00",29.2124114,78.9611753,PM2.5,NA,NA,NA
India,Uttarakhand,Kashipur,"Govt. Girls Inter College, Kashipur - UKPCB","09-04-2026 11:00:00",29.2124114,78.9611753,NO2,NA,NA,NA
India,Uttarakhand,Kashipur,"Govt. Girls Inter College, Kashipur - UKPCB","09-04-2026 11:00:00",29.2124114,78.9611753,OZONE,NA,NA,NA
India,West_Bengal,Asansol,"Mahabir Colliery, Asansol - WBPCB","09-04-2026 11:00:00",23.6181830,87.1057180,NO2,7,15,11
India,West_Bengal,Asansol,"Mahabir Colliery, Asansol - WBPCB","09-04-2026 11:00:00",23.6181830,87.1057180,OZONE,7,55,12
India,West_Bengal,Asansol,"Trivenidevi Bhalotia College, Asansol - WBPCB","09-04-2026 11:00:00",23.616515,87.119133,NO2,7,30,16
India,Uttar_Pradesh,Varanasi,"Ardhali Bazar, Varanasi - UPPCB","09-04-2026 11:00:00",25.3505986,82.9083074,CO,6,20,15
India,Uttar_Pradesh,Prayagraj,"Jhunsi, Prayagraj - UPPCB","09-04-2026 11:00:00",25.425602,81.917152,CO,9,17,12
India,West_Bengal,Durgapur,"Mahishkapur Road_B-Zone, Durgapur - WBPCB","09-04-2026 11:00:00",23.567923,87.306843,SO2,NA,NA,NA
India,West_Bengal,Durgapur,"PCBL Residential Complex, Durgapur - WBPCB","09-04-2026 11:00:00",23.5087640,87.3544400,PM2.5,26,105,59
India,West_Bengal,Durgapur,"PCBL Residential Complex, Durgapur - WBPCB","09-04-2026 11:00:00",23.5087640,87.3544400,PM10,35,91,61
India,West_Bengal,Kolkata,"Ballygunge, Kolkata - WBPCB","09-04-2026 11:00:00",22.5367507,88.3638022,SO2,9,37,16
India,West_Bengal,Kolkata,"Bidhannagar, Kolkata - WBPCB","09-04-2026 11:00:00",22.58157048,88.41002457,NH3,5,5,5
India,West_Bengal,Kolkata,"Bidhannagar, Kolkata - WBPCB","09-04-2026 11:00:00",22.58157048,88.41002457,OZONE,8,35,11
India,West_Bengal,Howrah,"Dasnagar, Howrah - WBPCB","09-04-2026 11:00:00",22.6025571,88.3105664,NO2,6,30,16
India,West_Bengal,Howrah,"Dasnagar, Howrah - WBPCB","09-04-2026 11:00:00",22.6025571,88.3105664,NH3,1,2,2
India,West_Bengal,Howrah,"Dasnagar, Howrah - WBPCB","09-04-2026 11:00:00",22.6025571,88.3105664,OZONE,18,63,28
India,West_Bengal,Haldia,"Priyambada Housing Estate, Haldia - WBPCB","09-04-2026 11:00:00",22.06047,88.109737,PM2.5,10,24,19
India,West_Bengal,Haldia,"Priyambada Housing Estate, Haldia - WBPCB","09-04-2026 11:00:00",22.06047,88.109737,SO2,12,15,14
India,West_Bengal,Haldia,"Priyambada Housing Estate, Haldia - WBPCB","09-04-2026 11:00:00",22.06047,88.109737,CO,21,54,28
India,West_Bengal,Howrah,"Belur Math, Howrah - WBPCB","09-04-2026 11:00:00",22.629801,88.352017,OZONE,13,33,18
India,West_Bengal,Howrah,"Botanical Garden, Howrah - WBPCB","09-04-2026 11:00:00",22.554954,88.292568,PM2.5,18,37,26
India,West_Bengal,Kolkata,"Jadavpur, Kolkata - WBPCB","09-04-2026 11:00:00",22.49929,88.36917,NO2,10,14,12
India,West_Bengal,Kolkata,"Jadavpur, Kolkata - WBPCB","09-04-2026 11:00:00",22.49929,88.36917,CO,21,29,27
India,West_Bengal,Kolkata,"Rabindra Bharati University, Kolkata - WBPCB","09-04-2026 11:00:00",22.627847,88.380669,NO2,31,108,55
India,West_Bengal,Kolkata,"Ballygunge, Kolkata - WBPCB","09-04-2026 11:00:00",22.5367507,88.3638022,PM2.5,4,63,37
India,West_Bengal,Kolkata,"Ballygunge, Kolkata - WBPCB","09-04-2026 11:00:00",22.5367507,88.3638022,NO2,16,30,22
India,West_Bengal,Kolkata,"Rabindra Sarobar, Kolkata - WBPCB","09-04-2026 11:00:00",22.51106,88.35142,OZONE,14,40,17
India,West_Bengal,Siliguri,"Ward-32 Bapupara, Siliguri - WBPCB","09-04-2026 11:00:00",26.6879226,88.4152495,SO2,13,18,15
India,West_Bengal,Siliguri,"Ward-32 Bapupara, Siliguri - WBPCB","09-04-2026 11:00:00",26.6879226,88.4152495,OZONE,12,93,29
India,Andhra_Pradesh,Rajamahendravaram,"Anand Kala Kshetram, Rajamahendravaram - APPCB","09-04-2026 11:00:00",16.9872867,81.7363176,PM10,31,74,54
India,Andhra_Pradesh,Rajamahendravaram,"Anand Kala Kshetram, Rajamahendravaram - APPCB","09-04-2026 11:00:00",16.9872867,81.7363176,NO2,4,21,11
India,Andhra_Pradesh,Amaravati,"Secretariat, Amaravati - APPCB","09-04-2026 11:00:00",16.5150833,80.5181667,PM10,44,107,69
India,Andhra_Pradesh,Amaravati,"Secretariat, Amaravati - APPCB","09-04-2026 11:00:00",16.5150833,80.5181667,NO2,7,13,9
India,Andhra_Pradesh,Nellore,"Ambedkar Nagar, Nellore - APPCB ","09-04-2026 11:00:00","14.438164 ","79.966814 ",NO2,14,17,15
India,Andhra_Pradesh,Nellore,"Ambedkar Nagar, Nellore - APPCB ","09-04-2026 11:00:00","14.438164 ","79.966814 ",NH3,2,5,3
India,Andhra_Pradesh,Kadapa,"Yerramukkapalli, Kadapa - APPCB","09-04-2026 11:00:00",14.465052,78.824187,SO2,12,20,13
India,Andhra_Pradesh,Kadapa,"Yerramukkapalli, Kadapa - APPCB","09-04-2026 11:00:00",14.465052,78.824187,CO,20,38,23
India,Andhra_Pradesh,Eluru,"District Court, Eluru - APPCB","09-04-2026 11:00:00",16.711754,81.092095,NO2,8,24,16
India,Andhra_Pradesh,Eluru,"District Court, Eluru - APPCB","09-04-2026 11:00:00",16.711754,81.092095,SO2,7,12,8
India,"Andaman and Nicobar","Sri Vijaya Puram","Police Line, Sri Vijaya Puram - ANPCC","09-04-2026 11:00:00",11.654054,92.734055,SO2,NA,NA,NA
India,Andhra_Pradesh,Guntur,"Rajendra Nagar North, Guntur - APPCB","09-04-2026 11:00:00",16.316553,80.413302,PM10,47,63,54
India,Andhra_Pradesh,Kadapa,"Yerramukkapalli, Kadapa - APPCB","09-04-2026 11:00:00",14.465052,78.824187,PM2.5,55,81,71
India,Andhra_Pradesh,Chittoor,"Gangineni Cheruvu, Chittoor - APPCB","09-04-2026 11:00:00",13.204880,79.097889,NH3,6,8,6
India,Andhra_Pradesh,Eluru,"District Court, Eluru - APPCB","09-04-2026 11:00:00",16.711754,81.092095,PM2.5,52,71,60
India,Assam,Guwahati,"Pan Bazaar, Guwahati - PCBA","09-04-2026 11:00:00",26.187500,91.744194,PM2.5,1,1,1
India,Assam,Guwahati,"Railway Colony, Guwahati - PCBA","09-04-2026 11:00:00",26.181742,91.78063,NH3,1,1,1
India,Assam,Guwahati,"Railway Colony, Guwahati - PCBA","09-04-2026 11:00:00",26.181742,91.78063,SO2,1,14,5
India,Assam,Nalbari,"Bata Chowk, Nalbari - PCBA","09-04-2026 11:00:00",26.446912,91.439057,PM2.5,19,49,39
India,Assam,Nalbari,"Bata Chowk, Nalbari - PCBA","09-04-2026 11:00:00",26.446912,91.439057,CO,20,22,21
India,Assam,Nalbari,"Bata Chowk, Nalbari - PCBA","09-04-2026 11:00:00",26.446912,91.439057,OZONE,13,16,16
India,Andhra_Pradesh,Vijayawada,"Rajiv Gandhi Park, Vijayawada - APPCB","09-04-2026 11:00:00",16.509717,80.612222,PM10,42,82,61
India,Andhra_Pradesh,Vijayawada,"Rajiv Nagar, Vijayawada - APPCB","09-04-2026 11:00:00",16.554731,80.649110,NH3,4,6,6
India,Andhra_Pradesh,Vijayawada,"Rajiv Nagar, Vijayawada - APPCB","09-04-2026 11:00:00",16.554731,80.649110,CO,20,32,27
India,Andhra_Pradesh,Vijayawada,"Rajiv Nagar, Vijayawada - APPCB","09-04-2026 11:00:00",16.554731,80.649110,OZONE,29,37,32
India,Assam,Silchar,"Tarapur, Silchar - PCBA","09-04-2026 11:00:00",24.82827,92.79525,SO2,6,8,7
India,Assam,Silchar,"Tarapur, Silchar - PCBA","09-04-2026 11:00:00",24.82827,92.79525,CO,18,44,24
India,Andhra_Pradesh,Tirupati,"Vaikuntapuram, Tirupati - APPCB","09-04-2026 11:00:00",13.615387,79.409230,SO2,9,22,12
India,Andhra_Pradesh,Vijayawada,"HB Colony, Vijayawada - APPCB","09-04-2026 11:00:00",16.536107,80.594233,CO,20,38,38
India,Bihar,Araria,"Kharahiya Basti, Araria - BSPCB","09-04-2026 11:00:00",26.146529,87.454184,OZONE,9,11,10
India,Andhra_Pradesh,Tirumala,"Toll Gate, Tirumala - APPCB","09-04-2026 11:00:00",13.67,79.35,NO2,26,74,50
India,Assam,Guwahati,"LGBI Airport, Guwahati - PCBA","09-04-2026 11:00:00",26.10887,91.589544,SO2,9,12,12
India,Assam,Silchar,"Tarapur, Silchar - PCBA","09-04-2026 11:00:00",24.82827,92.79525,NO2,22,32,28
India,Bihar,Gaya,"SFTI Kusdihra, Gaya - BSPCB","09-04-2026 11:00:00",24.762518,84.982348,OZONE,4,60,20
India,Bihar,Hajipur,"Industrial Area, Hajipur - BSPCB","09-04-2026 11:00:00",25.697189,85.245900,PM10,109,173,140
India,Bihar,Hajipur,"Industrial Area, Hajipur - BSPCB","09-04-2026 11:00:00",25.697189,85.245900,NO2,13,20,17
India,Bihar,Hajipur,"Industrial Area, Hajipur - BSPCB","09-04-2026 11:00:00",25.697189,85.245900,OZONE,9,331,35
India,Bihar,Bettiah,"Kamalnath Nagar, Bettiah - BSPCB","09-04-2026 11:00:00",26.80365,84.51954,SO2,25,36,34
India,Bihar,Bettiah,"Kamalnath Nagar, Bettiah - BSPCB","09-04-2026 11:00:00",26.80365,84.51954,CO,26,38,35
India,Bihar,Bhagalpur,"DM Office_Kachari Chowk, Bhagalpur - BSPCB","09-04-2026 11:00:00",25.251013,86.989001,PM10,21,121,54
India,Bihar,Chhapra,"Darshan Nagar, Chhapra - BSPCB","09-04-2026 11:00:00",25.7808257,84.7446768,PM2.5,75,120,89
India,Bihar,Chhapra,"Darshan Nagar, Chhapra - BSPCB","09-04-2026 11:00:00",25.7808257,84.7446768,NO2,3,4,4
India,Bihar,Chhapra,"Darshan Nagar, Chhapra - BSPCB","09-04-2026 11:00:00",25.7808257,84.7446768,OZONE,3,18,7
India,Bihar,Gaya,"SFTI Kusdihra, Gaya - BSPCB","09-04-2026 11:00:00",24.762518,84.982348,NO2,20,26,23
India,Bihar,Gaya,"SFTI Kusdihra, Gaya - BSPCB","09-04-2026 11:00:00",24.762518,84.982348,NH3,3,5,4
India,Bihar,Bhagalpur,"Mayaganj, Bhagalpur - BSPCB","09-04-2026 11:00:00",25.265194,87.012947,PM2.5,12,97,59
India,Bihar,Bhagalpur,"Mayaganj, Bhagalpur - BSPCB","09-04-2026 11:00:00",25.265194,87.012947,CO,66,92,76
India,Bihar,Begusarai,"Lohiyanagar, Begusarai - BSPCB","09-04-2026 11:00:00",25.42742023,86.13886079,NO2,11,16,14
India,Bihar,Arrah,"New DM Office, Arrah - BSPCB","09-04-2026 11:00:00",25.5626095,84.663264,CO,28,61,54
India,Bihar,Gaya,"Kareemganj, Gaya - BSPCB","09-04-2026 11:00:00",24.792403,84.992416,NH3,1,4,1
India,Bihar,Gaya,"Collectorate, Gaya - BSPCB","09-04-2026 11:00:00",24.7955,84.9994,NO2,NA,NA,NA
India,Bihar,Kishanganj,"SDM Office_Khagra, Kishanganj - BSPCB","09-04-2026 11:00:00",26.0881305,87.93840336,PM10,18,37,28
India,Bihar,Kishanganj,"SDM Office_Khagra, Kishanganj - BSPCB","09-04-2026 11:00:00",26.0881305,87.93840336,NO2,9,11,10
India,Bihar,Manguraha,"Forest Rest House, Manguraha - BSPCB","09-04-2026 11:00:00",27.308328,84.531742,NO2,NA,NA,NA
India,Bihar,Patna,"Govt. High School Shikarpur, Patna - BSPCB","09-04-2026 11:00:00",25.592539,85.227158,PM2.5,69,85,76
India,Bihar,Patna,"Govt. High School Shikarpur, Patna - BSPCB","09-04-2026 11:00:00",25.592539,85.227158,OZONE,19,89,37
India,Bihar,Muzaffarpur,"MIT-Daudpur Kothi, Muzaffarpur - BSPCB","09-04-2026 11:00:00",26.1403345,85.3650192,CO,30,48,32
India,Bihar,Patna,"IGSC Planetarium Complex, Patna - BSPCB","09-04-2026 11:00:00",25.610369,85.132568,OZONE,59,61,60
India,Bihar,Patna,"DRM Office Danapur, Patna - BSPCB","09-04-2026 11:00:00",25.586562,85.043586,PM10,78,166,107
India,Bihar,Muzaffarpur,"Buddha Colony, Muzaffarpur - BSPCB","09-04-2026 11:00:00",26.11442,85.39813,NO2,26,53,40
India,Bihar,Patna,"DRM Office Danapur, Patna - BSPCB","09-04-2026 11:00:00",25.586562,85.043586,SO2,4,7,6
India,Bihar,Patna,"Rajbansi Nagar, Patna - BSPCB","09-04-2026 11:00:00",25.599486,85.113666,SO2,5,30,14
India,Chhattisgarh,Bhilai,"32Bungalows, Bhilai - CECB","09-04-2026 11:00:00",21.194815,81.314770,PM2.5,30,46,36
India,Chhattisgarh,Bhilai,"32Bungalows, Bhilai - CECB","09-04-2026 11:00:00",21.194815,81.314770,NO2,6,48,20
India,Chhattisgarh,Bhilai,"32Bungalows, Bhilai - CECB","09-04-2026 11:00:00",21.194815,81.314770,OZONE,6,22,12
India,Chhattisgarh,Bhilai,"Civic Center, Bhilai - Bhilai Steel Plant","09-04-2026 11:00:00",21.185571,81.343175,NH3,3,3,3
India,Chhattisgarh,Bhilai,"Civic Center, Bhilai - Bhilai Steel Plant","09-04-2026 11:00:00",21.185571,81.343175,CO,25,32,26
India,Chhattisgarh,Bhilai,"Civic Center, Bhilai - Bhilai Steel Plant","09-04-2026 11:00:00",21.185571,81.343175,OZONE,9,13,10
India,Chhattisgarh,Bhilai,"Hathkhoj, Bhilai - CECB","09-04-2026 11:00:00",21.224231,81.408350,SO2,11,47,24
India,Chhattisgarh,Bhilai,"Hathkhoj, Bhilai - CECB","09-04-2026 11:00:00",21.224231,81.408350,CO,2,54,20
India,Chhattisgarh,Bilaspur,"Mangala, Bilaspur - NTPC","09-04-2026 11:00:00",22.08815,82.13737,SO2,14,43,22
India,Chhattisgarh,Chhal,"Nawapara SECL Colony, Chhal - CECB","09-04-2026 11:00:00",22.118125,83.140608,NO2,7,16,10
India,Chhattisgarh,Chhal,"Nawapara SECL Colony, Chhal - CECB","09-04-2026 11:00:00",22.118125,83.140608,CO,18,29,19
India,Chhattisgarh,Korba,"Rampur, Korba - CECB","09-04-2026 11:00:00",22.368195,82.746431,PM10,NA,NA,NA
India,Chhattisgarh,Korba,"Rampur, Korba - CECB","09-04-2026 11:00:00",22.368195,82.746431,NO2,NA,NA,NA
India,Chandigarh,Chandigarh,"Sector 22, Chandigarh - CPCC","09-04-2026 11:00:00",30.735567,76.775714,NH3,13,23,17
India,Chandigarh,Chandigarh,"Sector 22, Chandigarh - CPCC","09-04-2026 11:00:00",30.735567,76.775714,CO,57,90,70
India,Chandigarh,Chandigarh,"Sector 22, Chandigarh - CPCC","09-04-2026 11:00:00",30.735567,76.775714,OZONE,8,94,40
India,Chandigarh,Chandigarh,"Sector-25, Chandigarh - CPCC","09-04-2026 11:00:00",30.751462,76.762879,PM2.5,11,33,20
India,Chandigarh,Chandigarh,"Sector-25, Chandigarh - CPCC","09-04-2026 11:00:00",30.751462,76.762879,NO2,1,8,4
India,Chhattisgarh,Milupara,"Govt. Higher Secondary School, Milupara - CECB","09-04-2026 11:00:00",22.1910172,83.5197009,NH3,NA,NA,NA
India,Chhattisgarh,Milupara,"Govt. Higher Secondary School, Milupara - CECB","09-04-2026 11:00:00",22.1910172,83.5197009,OZONE,55,127,55
India,Bihar,Rajgir,"Dangi Tola, Rajgir - BSPCB","09-04-2026 11:00:00",25.03280,85.41948,NO2,13,14,14
India,Bihar,Rajgir,"Dangi Tola, Rajgir - BSPCB","09-04-2026 11:00:00",25.03280,85.41948,CO,35,48,42
India,Chhattisgarh,Korba,"Urja Nagar, Korba - CECB","09-04-2026 11:00:00",22.348441,82.549611,SO2,6,29,17
India,Bihar,Patna,"Samanpura, Patna - BSPCB","09-04-2026 11:00:00",25.596727,85.085624,PM2.5,79,187,124
India,Bihar,Saharsa,"Police Line, Saharsa - BSPCB","09-04-2026 11:00:00",25.892357,86.590325,NH3,4,4,4
India,Bihar,Patna,"Samanpura, Patna - BSPCB","09-04-2026 11:00:00",25.596727,85.085624,CO,34,52,46
India,Chhattisgarh,Raipur,"Siltara Phase-II, Raipur - CECB","09-04-2026 11:00:00",21.371751,81.664929,PM2.5,21,111,42
India,Chhattisgarh,Raipur,"Siltara Phase-II, Raipur - CECB","09-04-2026 11:00:00",21.371751,81.664929,NO2,19,41,23
India,Chhattisgarh,Raipur,"Siltara Phase-II, Raipur - CECB","09-04-2026 11:00:00",21.371751,81.664929,SO2,2,22,8
India,Chhattisgarh,Tumidih,"OP Jindal Industrial Park, Tumidih - CECB","09-04-2026 11:00:00",22.06631475,83.33820077,NO2,25,80,48
India,Delhi,Delhi,"Alipur, Delhi - DPCC","09-04-2026 11:00:00",28.815329,77.153010,PM10,53,151,89
India,Delhi,Delhi,"Anand Vihar, Delhi - DPCC","09-04-2026 11:00:00",28.647622,77.3158090,PM10,58,184,119
India,Delhi,Delhi,"Anand Vihar, Delhi - DPCC","09-04-2026 11:00:00",28.647622,77.3158090,NO2,8,27,18
India,Delhi,Delhi,"IGI Airport (T3), Delhi - IMD","09-04-2026 11:00:00",28.5627763,77.1180053,PM10,67,122,87
India,Delhi,Delhi,"IGI Airport (T3), Delhi - IMD","09-04-2026 11:00:00",28.5627763,77.1180053,CO,30,50,41
India,Delhi,Delhi,"IGNOU_Maidan Garhi, Delhi - DPCC","09-04-2026 11:00:00","28.493624 ","77.201159 ",PM2.5,38,110,71
India,Delhi,Delhi,"IGNOU_Maidan Garhi, Delhi - DPCC","09-04-2026 11:00:00","28.493624 ","77.201159 ",PM10,56,111,77
India,Delhi,Delhi,"IHBAS, Dilshad Garden, Delhi - CPCB","09-04-2026 11:00:00",28.6811736,77.3025234,PM10,55,104,82
India,Delhi,Delhi,"Commonwealth Sports Complex, Delhi - DPCC","09-04-2026 11:00:00","28.615828 ","77.271992 ",CO,30,62,38
India,Delhi,Delhi,"DTU, Delhi - CPCB","09-04-2026 11:00:00",28.7500499,77.1112615,NH3,7,15,11
India,Delhi,Delhi,"Dr. Karni Singh Shooting Range, Delhi - DPCC","09-04-2026 11:00:00",28.498571,77.264840,PM2.5,37,75,57
India,Delhi,Delhi,"Dr. Karni Singh Shooting Range, Delhi - DPCC","09-04-2026 11:00:00",28.498571,77.264840,NH3,3,5,4
India,Delhi,Delhi,"IIT Delhi, Delhi - IITM","09-04-2026 11:00:00",28.542460,77.191651,NO2,27,67,41
India,Delhi,Delhi,"IIT Delhi, Delhi - IITM","09-04-2026 11:00:00",28.542460,77.191651,OZONE,9,59,21
India,Delhi,Delhi,"ITO, Delhi - CPCB","09-04-2026 11:00:00",28.628624,77.241060,NO2,21,71,47
India,Delhi,Delhi,"JNU, Delhi - DPCC","09-04-2026 11:00:00","28.540721 ","77.168544 ",PM2.5,46,75,56
India,Delhi,Delhi,"JNU, Delhi - DPCC","09-04-2026 11:00:00","28.540721 ","77.168544 ",OZONE,2,30,9
India,Delhi,Delhi,"Jahangirpuri, Delhi - DPCC","09-04-2026 11:00:00",28.732820,77.170633,PM2.5,55,290,109
India,Delhi,Delhi,"Jahangirpuri, Delhi - DPCC","09-04-2026 11:00:00",28.732820,77.170633,NO2,30,67,45
India,Delhi,Delhi,"Jahangirpuri, Delhi - DPCC","09-04-2026 11:00:00",28.732820,77.170633,SO2,43,61,49
India,Chhattisgarh,Raipur,"AIIMS, Raipur - CECB","09-04-2026 11:00:00",21.258815,81.578979,OZONE,5,34,6
India,Chhattisgarh,Raipur,"Bhatagaon New ISBT, Raipur - CECB","09-04-2026 11:00:00",21.219665,81.630094,PM2.5,17,50,34
India,Chhattisgarh,Raipur,"Bhatagaon New ISBT, Raipur - CECB","09-04-2026 11:00:00",21.219665,81.630094,CO,12,77,30
India,Delhi,Delhi,"Bawana, Delhi - DPCC","09-04-2026 11:00:00",28.776200,77.051074,PM10,58,138,97
India,Delhi,Delhi,"Bawana, Delhi - DPCC","09-04-2026 11:00:00",28.776200,77.051074,SO2,8,23,11
India,Delhi,Delhi,"Burari Crossing, Delhi - IMD","09-04-2026 11:00:00",28.7256504,77.2011573,PM10,56,141,93
India,Delhi,Delhi,"Chandni Chowk, Delhi - IITM","09-04-2026 11:00:00",28.656756,77.227234,NO2,28,137,56
India,Delhi,Delhi,"Chandni Chowk, Delhi - IITM","09-04-2026 11:00:00",28.656756,77.227234,NH3,7,9,8
India,Delhi,Delhi,"Cantonment Area, Delhi - DPCC ","09-04-2026 11:00:00","28.594169 ","77.125100 ",NO2,17,86,50
India,Delhi,Delhi,"NSUT Jaffarpur, Delhi - DPCC","09-04-2026 11:00:00","28.594004 ","76.909423 ",NH3,5,64,10
India,Delhi,Delhi,"NSUT Jaffarpur, Delhi - DPCC","09-04-2026 11:00:00","28.594004 ","76.909423 ",CO,1,38,28
India,Delhi,Delhi,"NSUT Jaffarpur, Delhi - DPCC","09-04-2026 11:00:00","28.594004 ","76.909423 ",OZONE,19,73,47
India,Delhi,Delhi,"Najafgarh, Delhi - DPCC","09-04-2026 11:00:00",28.570173,76.933762,PM2.5,20,107,54
India,Delhi,Delhi,"Narela, Delhi - DPCC","09-04-2026 11:00:00",28.822836,77.101981,NH3,5,7,6
India,Delhi,Delhi,"Narela, Delhi - DPCC","09-04-2026 11:00:00",28.822836,77.101981,CO,38,69,51
India,Delhi,Delhi,"Nehru Nagar, Delhi - DPCC","09-04-2026 11:00:00",28.567890,77.250515,PM2.5,32,98,64
India,Delhi,Delhi,"Nehru Nagar, Delhi - DPCC","09-04-2026 11:00:00",28.567890,77.250515,NH3,2,10,6
India,Delhi,Delhi,"Nehru Nagar, Delhi - DPCC","09-04-2026 11:00:00",28.567890,77.250515,CO,3,119,14
India,Delhi,Delhi,"New Moti Bagh, Delhi - MHUA","09-04-2026 11:00:00",28.57834,77.18400,CO,16,28,23
India,Delhi,Delhi,"Okhla Phase-2, Delhi - DPCC","09-04-2026 11:00:00",28.530785,77.271255,PM10,66,126,94
India,Delhi,Delhi,"Mandir Marg, Delhi - DPCC","09-04-2026 11:00:00",28.636429,77.201067,PM10,NA,NA,NA
India,Delhi,Delhi,"Mundka, Delhi - DPCC","09-04-2026 11:00:00",28.684678,77.076574,PM2.5,38,130,69
India,Delhi,Delhi,"Mundka, Delhi - DPCC","09-04-2026 11:00:00",28.684678,77.076574,SO2,18,22,20
India,Delhi,Delhi,"NSIT Dwarka, Delhi - CPCB","09-04-2026 11:00:00",28.60909,77.0325413,CO,28,100,46
India,Delhi,Delhi,"R K Puram, Delhi - DPCC","09-04-2026 11:00:00",28.563262,77.186937,SO2,NA,NA,NA
India,Delhi,Delhi,"R K Puram, Delhi - DPCC","09-04-2026 11:00:00",28.563262,77.186937,OZONE,12,89,29
India,Delhi,Delhi,"Rohini, Delhi - DPCC","09-04-2026 11:00:00",28.732528,77.119920,PM10,62,321,145
India,Delhi,Delhi,"Major Dhyan Chand National Stadium, Delhi - DPCC","09-04-2026 11:00:00",28.611281,77.237738,PM2.5,27,73,38
India,Delhi,Delhi,"Major Dhyan Chand National Stadium, Delhi - DPCC","09-04-2026 11:00:00",28.611281,77.237738,PM10,42,113,72
India,Delhi,Delhi,"Major Dhyan Chand National Stadium, Delhi - DPCC","09-04-2026 11:00:00",28.611281,77.237738,NO2,23,93,54
India,Delhi,Delhi,"Punjabi Bagh, Delhi - DPCC","09-04-2026 11:00:00",28.674045,77.131023,PM10,57,149,95
India,Delhi,Delhi,"Punjabi Bagh, Delhi - DPCC","09-04-2026 11:00:00",28.674045,77.131023,SO2,39,47,43
India,Delhi,Delhi,"NSIT Dwarka, Delhi - CPCB","09-04-2026 11:00:00",28.60909,77.0325413,OZONE,27,92,41
India,Delhi,Delhi,"Rohini, Delhi - DPCC","09-04-2026 11:00:00",28.732528,77.119920,CO,22,99,32
India,Delhi,Delhi,"Pusa, Delhi - DPCC","09-04-2026 11:00:00",28.639652,77.146275,NH3,6,18,12
India,Delhi,Delhi,"Sonia Vihar, Delhi - DPCC","09-04-2026 11:00:00",28.710508,77.249485,SO2,26,68,42
India,Delhi,Delhi,"Sri Aurobindo Marg, Delhi - DPCC","09-04-2026 11:00:00",28.531346,77.190156,PM10,57,101,76
India,Delhi,Delhi,"Sri Aurobindo Marg, Delhi - DPCC","09-04-2026 11:00:00",28.531346,77.190156,CO,12,34,20
India,Delhi,Delhi,"Talkatora Garden, Delhi - DPCC","09-04-2026 11:00:00",28.621810,77.1944633,PM10,44,108,75
India,Delhi,Delhi,"Talkatora Garden, Delhi - DPCC","09-04-2026 11:00:00",28.621810,77.1944633,NO2,9,25,16
India,Gujarat,Ahmedabad,"Gyaspur, Ahmedabad - IITM","09-04-2026 11:00:00",22.977134,72.553024,PM2.5,37,72,56
India,Gujarat,Ahmedabad,"Gyaspur, Ahmedabad - IITM","09-04-2026 11:00:00",22.977134,72.553024,NO2,23,96,61
India,Gujarat,Ahmedabad,"Raikhad, Ahmedabad - IITM","09-04-2026 11:00:00",23.020509,72.579261,PM10,97,149,123
India,Gujarat,Ahmedabad,"Raikhad, Ahmedabad - IITM","09-04-2026 11:00:00",23.020509,72.579261,NO2,8,45,23
India,Gujarat,Ahmedabad,"Raikhad, Ahmedabad - IITM","09-04-2026 11:00:00",23.020509,72.579261,NH3,7,10,8
India,Gujarat,Ahmedabad,"Raikhad, Ahmedabad - IITM","09-04-2026 11:00:00",23.020509,72.579261,SO2,2,27,9
India,Gujarat,Gandhinagar,"GIFT City, Gandhinagar - IITM","09-04-2026 11:00:00",23.163798,72.677768,NO2,14,36,24
India,Gujarat,Gandhinagar,"IIPHG Lekawada, Gandhinagar - IITM","09-04-2026 11:00:00",23.243639,72.68994,PM2.5,24,49,38
India,Gujarat,Gandhinagar,"IIPHG Lekawada, Gandhinagar - IITM","09-04-2026 11:00:00",23.243639,72.68994,CO,7,26,16
India,Gujarat,Gandhinagar,"IIPHG Lekawada, Gandhinagar - IITM","09-04-2026 11:00:00",23.243639,72.68994,OZONE,2,20,8
India,Delhi,Delhi,"Talkatora Garden, Delhi - DPCC","09-04-2026 11:00:00",28.621810,77.1944633,CO,18,44,31
India,Delhi,Delhi,"Vivek Vihar, Delhi - DPCC","09-04-2026 11:00:00",28.672342,77.315260,PM2.5,52,248,98
India,Delhi,Delhi,"Wazirpur, Delhi - DPCC","09-04-2026 11:00:00",28.699793,77.165453,PM2.5,NA,NA,NA
India,Delhi,Delhi,"Wazirpur, Delhi - DPCC","09-04-2026 11:00:00",28.699793,77.165453,NH3,NA,NA,NA
India,Gujarat,Ahmedabad,"SVPI Airport Hansol, Ahmedabad - IITM","09-04-2026 11:00:00",23.076793,72.627874,OZONE,NA,NA,NA
India,Gujarat,Ankleshwar,"GIDC, Ankleshwar - GPCB","09-04-2026 11:00:00",21.613267,73.010555,PM2.5,45,83,64
India,Gujarat,Ankleshwar,"GIDC, Ankleshwar - GPCB","09-04-2026 11:00:00",21.613267,73.010555,SO2,21,22,21
India,Gujarat,Ankleshwar,"GIDC, Ankleshwar - GPCB","09-04-2026 11:00:00",21.613267,73.010555,OZONE,11,26,19
India,Delhi,Delhi,"Sirifort, Delhi - CPCB","09-04-2026 11:00:00",28.5504249,77.2159377,PM2.5,53,106,72
India,Delhi,Delhi,"Sirifort, Delhi - CPCB","09-04-2026 11:00:00",28.5504249,77.2159377,PM10,69,160,99
India,Delhi,Delhi,"Sirifort, Delhi - CPCB","09-04-2026 11:00:00",28.5504249,77.2159377,NO2,18,31,24
India,Delhi,Delhi,"Sirifort, Delhi - CPCB","09-04-2026 11:00:00",28.5504249,77.2159377,SO2,18,34,26
India,Delhi,Delhi,"Sirifort, Delhi - CPCB","09-04-2026 11:00:00",28.5504249,77.2159377,CO,4,14,12
India,Gujarat,Mehsana,"Sadanand Nagar, Mehsana - Nexteng Enviro","09-04-2026 11:00:00",23.593150,72.372792,NH3,2,4,3
India,Gujarat,Mehsana,"Sadanand Nagar, Mehsana - Nexteng Enviro","09-04-2026 11:00:00",23.593150,72.372792,CO,55,74,60
India,Gujarat,Mehsana,"Sadanand Nagar, Mehsana - Nexteng Enviro","09-04-2026 11:00:00",23.593150,72.372792,OZONE,8,10,8
India,Gujarat,Ahmedabad,"SAC ISRO Bopal, Ahmedabad - IITM","09-04-2026 11:00:00",23.041137,72.456691,CO,2,28,16
India,Gujarat,Ahmedabad,"SAC ISRO Bopal, Ahmedabad - IITM","09-04-2026 11:00:00",23.041137,72.456691,OZONE,3,82,32
India,Gujarat,Ahmedabad,"Rakhial, Ahmedabad - IITM","09-04-2026 11:00:00",23.016834,72.625775,NO2,26,135,59
India,Gujarat,Nandesari,"GIDC, Nandesari - Nandesari Ind. Association","09-04-2026 11:00:00",22.410802,73.097923,PM10,80,159,113
India,Gujarat,Nandesari,"GIDC, Nandesari - Nandesari Ind. Association","09-04-2026 11:00:00",22.410802,73.097923,CO,20,89,32
India,Gujarat,Rajkot,"Mavdi, Rajkot - Nexteng Enviro ","09-04-2026 11:00:00",22.248853,70.776774,NO2,6,24,11
India,Gujarat,Surat,"Katargam, Surat - Nexteng Enviro","09-04-2026 11:00:00","21.217779 ","72.834787 ",PM2.5,20,130,84
India,Haryana,Bahadurgarh,"Arya Nagar, Bahadurgarh - HSPCB","09-04-2026 11:00:00",28.6701,76.9254,CO,43,50,48
India,Haryana,Bahadurgarh,"Arya Nagar, Bahadurgarh - HSPCB","09-04-2026 11:00:00",28.6701,76.9254,OZONE,22,27,24
India,Haryana,Ballabgarh,"Nathu Colony, Ballabgarh - HSPCB","09-04-2026 11:00:00",28.3419248,77.319699,PM2.5,22,71,42
India,Gujarat,Vatva,"Phase-4 GIDC, Vatva - GPCB","09-04-2026 11:00:00",22.969611,72.643500,NH3,15,23,20
India,Gujarat,Vatva,"Phase-4 GIDC, Vatva - GPCB","09-04-2026 11:00:00",22.969611,72.643500,SO2,55,77,66
India,Haryana,Ambala,"Patti Mehar, Ambala - HSPCB","09-04-2026 11:00:00",30.379589,76.778328,PM2.5,22,68,42
India,Gujarat,Vadodara,"Bapunagar, Vadodara - Nexteng Enviro","09-04-2026 11:00:00",22.320153,73.216285,CO,64,72,68
India,Gujarat,Vapi,"Phase-1 GIDC, Vapi - GPCB","09-04-2026 11:00:00",20.362421,72.918013,NO2,NA,NA,NA
India,Haryana,Ambala,"Patti Mehar, Ambala - HSPCB","09-04-2026 11:00:00",30.379589,76.778328,NO2,8,11,10
India,Haryana,Ambala,"Patti Mehar, Ambala - HSPCB","09-04-2026 11:00:00",30.379589,76.778328,NH3,7,8,8
India,Gujarat,Vadodara,"Bapunagar, Vadodara - Nexteng Enviro","09-04-2026 11:00:00",22.320153,73.216285,NH3,3,3,3
India,Gujarat,Vadodara,"Bapunagar, Vadodara - Nexteng Enviro","09-04-2026 11:00:00",22.320153,73.216285,SO2,5,7,5
India,Gujarat,Surat,"Katargam, Surat - Nexteng Enviro","09-04-2026 11:00:00","21.217779 ","72.834787 ",PM10,76,121,95
India,Gujarat,Surat,"Science Center, Surat - SMC","09-04-2026 11:00:00",21.170046,72.795405,PM2.5,33,67,48
India,Haryana,Bahadurgarh,"Arya Nagar, Bahadurgarh - HSPCB","09-04-2026 11:00:00",28.6701,76.9254,NH3,12,13,13
India,Haryana,Dharuhera,"Municipal Corporation Office, Dharuhera -  HSPCB","09-04-2026 11:00:00",28.206800,76.799700,NO2,15,50,38
India,Haryana,Dharuhera,"Municipal Corporation Office, Dharuhera -  HSPCB","09-04-2026 11:00:00",28.206800,76.799700,OZONE,23,32,27
India,Haryana,Faridabad,"New Industrial Town, Faridabad - HSPCB","09-04-2026 11:00:00",28.39072,77.30059,NO2,24,27,25
India,Haryana,Faridabad,"New Industrial Town, Faridabad - HSPCB","09-04-2026 11:00:00",28.39072,77.30059,SO2,8,8,8
India,Haryana,Faridabad,"Sector 11, Faridabad - HSPCB","09-04-2026 11:00:00",28.376058,77.315741,SO2,3,3,3
India,Haryana,Mandikhera,"General Hospital, Mandikhera(Nuh) - HSPCB","09-04-2026 11:00:00",27.9002,76.9938,SO2,NA,NA,NA
India,Haryana,Mandikhera,"General Hospital, Mandikhera(Nuh) - HSPCB","09-04-2026 11:00:00",27.9002,76.9938,OZONE,NA,NA,NA
India,Haryana,Manesar,"Sector-2 IMT, Manesar - HSPCB","09-04-2026 11:00:00",28.360699,76.936090,NO2,25,32,28
India,Haryana,Manesar,"Sector-2 IMT, Manesar - HSPCB","09-04-2026 11:00:00",28.360699,76.936090,NH3,6,8,7
India,Haryana,Manesar,"Sector-2 IMT, Manesar - HSPCB","09-04-2026 11:00:00",28.360699,76.936090,OZONE,7,9,7
India,Haryana,Gurugram,"NISE Gwal Pahari, Gurugram - IMD","09-04-2026 11:00:00",28.422681,77.148944,PM10,25,117,70
India,Haryana,Gurugram,"NISE Gwal Pahari, Gurugram - IMD","09-04-2026 11:00:00",28.422681,77.148944,CO,36,48,44
India,Haryana,Gurugram,"Sector-51, Gurugram - HSPCB","09-04-2026 11:00:00",28.4227,77.0667,NH3,6,10,8
India,Haryana,Gurugram,"Teri Gram, Gurugram - HSPCB","09-04-2026 11:00:00",28.4275,77.1465,NH3,11,20,15
India,Haryana,Gurugram,"Vikas Sadan, Gurugram - HSPCB","09-04-2026 11:00:00",28.4501238,77.0263051,PM10,55,473,110
India,Haryana,Gurugram,"Vikas Sadan, Gurugram - HSPCB","09-04-2026 11:00:00",28.4501238,77.0263051,SO2,3,8,5
India,Haryana,Karnal,"Sector-12, Karnal - HSPCB","09-04-2026 11:00:00",29.695300,77.002700,PM10,27,112,59
India,Haryana,Karnal,"Sector-12, Karnal - HSPCB","09-04-2026 11:00:00",29.695300,77.002700,CO,12,20,12
India,Haryana,Ballabgarh,"Nathu Colony, Ballabgarh - HSPCB","09-04-2026 11:00:00",28.3419248,77.319699,NO2,19,21,20
India,Haryana,Ballabgarh,"Nathu Colony, Ballabgarh - HSPCB","09-04-2026 11:00:00",28.3419248,77.319699,CO,46,70,57
India,Haryana,Palwal,"Shyam Nagar, Palwal - HSPCB","09-04-2026 11:00:00",28.1485564,77.3320667,OZONE,23,25,24
India,Haryana,Bhiwani,"H.B. Colony, Bhiwani - HSPCB","09-04-2026 11:00:00",28.806223,76.141105,OZONE,5,14,8
India,"Himachal Pradesh",Baddi,"HIMUDA Complex Phase-1, Baddi - HPPCB","09-04-2026 11:00:00",30.943887,76.801991,NH3,2,5,2
India,"Himachal Pradesh",Baddi,"HIMUDA Complex Phase-1, Baddi - HPPCB","09-04-2026 11:00:00",30.943887,76.801991,CO,33,50,39
India,"Himachal Pradesh",Baddi,"HIMUDA Complex Phase-1, Baddi - HPPCB","09-04-2026 11:00:00",30.943887,76.801991,OZONE,4,116,85
India,Jammu_and_Kashmir,Pampore,"Khrew, Pampore - JKPCC","09-04-2026 11:00:00",34.031606,75.009712,SO2,3,4,4
India,Jammu_and_Kashmir,Srinagar,"Khunmoh, Srinagar - JKPCC","09-04-2026 11:00:00",34.06313,74.96017,PM2.5,5,13,9
India,Jammu_and_Kashmir,Srinagar,"Khunmoh, Srinagar - JKPCC","09-04-2026 11:00:00",34.06313,74.96017,PM10,10,30,18
India,Jammu_and_Kashmir,Srinagar,"Khunmoh, Srinagar - JKPCC","09-04-2026 11:00:00",34.06313,74.96017,SO2,4,6,5
India,Jammu_and_Kashmir,Srinagar,"Rajbagh, Srinagar - JKPCC","09-04-2026 11:00:00",34.066206,74.819820,PM10,18,19,18
India,Karnataka,Belgaum,"Ramteerth Nagar, Belgaum - KSPCB","09-04-2026 11:00:00",15.888653,74.541751,CO,2,3,2
India,Karnataka,Bengaluru,"BTM Layout, Bengaluru - CPCB","09-04-2026 11:00:00",12.9135218,77.5950804,PM2.5,29,54,39
India,Karnataka,Bengaluru,"BTM Layout, Bengaluru - CPCB","09-04-2026 11:00:00",12.9135218,77.5950804,SO2,18,18,18
India,Karnataka,Bengaluru,"BTM Layout, Bengaluru - CPCB","09-04-2026 11:00:00",12.9135218,77.5950804,OZONE,23,24,24
India,Karnataka,Bengaluru,"BWSSB Kadabesanahalli, Bengaluru - CPCB","09-04-2026 11:00:00",12.9352049,77.6814488,CO,20,56,20
India,Karnataka,Bengaluru,"BWSSB Kadabesanahalli, Bengaluru - CPCB","09-04-2026 11:00:00",12.9352049,77.6814488,OZONE,15,61,20
India,Karnataka,Bengaluru,"Bapuji Nagar, Bengaluru - KSPCB","09-04-2026 11:00:00",12.951913,77.539784,NO2,25,42,31
India,Karnataka,Bengaluru,"City Railway Station, Bengaluru - KSPCB","09-04-2026 11:00:00",12.9756843,77.5660749,PM10,NA,NA,NA
India,Karnataka,Bengaluru,"City Railway Station, Bengaluru - KSPCB","09-04-2026 11:00:00",12.9756843,77.5660749,NO2,NA,NA,NA
India,Karnataka,Bengaluru,"Hebbal, Bengaluru - KSPCB","09-04-2026 11:00:00",13.029152,77.585901,PM2.5,20,104,51
India,Jharkhand,Jorapokhar,"Tata Stadium, Jorapokhar - JSPCB","09-04-2026 11:00:00",23.707909,86.414670,PM10,41,185,68
India,Jharkhand,Jorapokhar,"Tata Stadium, Jorapokhar - JSPCB","09-04-2026 11:00:00",23.707909,86.414670,CO,38,40,39
India,Haryana,Sonipat,"Murthal, Sonipat - HSPCB","09-04-2026 11:00:00",29.027200,77.062100,PM10,107,199,155
India,Haryana,Sonipat,"Murthal, Sonipat - HSPCB","09-04-2026 11:00:00",29.027200,77.062100,SO2,4,4,4
India,Haryana,Sirsa,"F-Block, Sirsa - HSPCB","09-04-2026 11:00:00",29.536400,75.015800,PM2.5,3,40,18
India,Haryana,Sirsa,"F-Block, Sirsa - HSPCB","09-04-2026 11:00:00",29.536400,75.015800,PM10,6,68,31
India,Haryana,Panchgaon,"Amity University, Panchgaon - IITM","09-04-2026 11:00:00",28.3153,76.9143,SO2,2,14,7
India,Karnataka,Bengaluru,"Hebbal, Bengaluru - KSPCB","09-04-2026 11:00:00",13.029152,77.585901,SO2,10,17,14
India,Haryana,Sonipat,"Murthal, Sonipat - HSPCB","09-04-2026 11:00:00",29.027200,77.062100,CO,51,68,64
India,Karnataka,Bengaluru,"Silk Board, Bengaluru - KSPCB","09-04-2026 11:00:00",12.917348,77.622813,SO2,1,10,5
India,Karnataka,Chamarajanagar,"Urban, Chamarajanagar - KSPCB","09-04-2026 11:00:00",11.55358,76.55521,PM2.5,6,38,27
India,Karnataka,Chamarajanagar,"Urban, Chamarajanagar - KSPCB","09-04-2026 11:00:00",11.55358,76.55521,PM10,14,50,43
India,Karnataka,Chamarajanagar,"Urban, Chamarajanagar - KSPCB","09-04-2026 11:00:00",11.55358,76.55521,NH3,1,2,2
India,Karnataka,Chamarajanagar,"Urban, Chamarajanagar - KSPCB","09-04-2026 11:00:00",11.55358,76.55521,CO,14,24,21
India,Karnataka,Chikkaballapur,"Chikkaballapur Rural, Chikkaballapur - KSPCB","09-04-2026 11:00:00",13.428828,77.731418,PM10,62,132,84
India,Karnataka,Chikkaballapur,"Chikkaballapur Rural, Chikkaballapur - KSPCB","09-04-2026 11:00:00",13.428828,77.731418,SO2,1,18,10
India,Karnataka,Chikkaballapur,"Chikkaballapur Rural, Chikkaballapur - KSPCB","09-04-2026 11:00:00",13.428828,77.731418,CO,2,50,3
India,Karnataka,Tumakuru,"Thimmalapura, Tumakuru - KSPCB","09-04-2026 11:00:00",13.377516,77.099072,CO,52,54,54
India,Karnataka,Tumakuru,"Thimmalapura, Tumakuru - KSPCB","09-04-2026 11:00:00",13.377516,77.099072,OZONE,23,23,23
India,Karnataka,Vijayapura,"Ibrahimpur, Vijayapura - KSPCB","09-04-2026 11:00:00",16.802639,75.722694,PM2.5,21,31,30
India,Karnataka,Vijayapura,"Ibrahimpur, Vijayapura - KSPCB","09-04-2026 11:00:00",16.802639,75.722694,SO2,3,6,3
India,Karnataka,Yadgir,"Collector Office, Yadgir - KSPCB","09-04-2026 11:00:00",16.7602,77.1428,PM10,107,157,129
India,Karnataka,Yadgir,"Collector Office, Yadgir - KSPCB","09-04-2026 11:00:00",16.7602,77.1428,SO2,9,18,14
India,Karnataka,Bengaluru,"Jayanagar 5th Block, Bengaluru - KSPCB","09-04-2026 11:00:00",12.920984,77.584908,PM2.5,39,108,63
India,Karnataka,Bengaluru,"Jayanagar 5th Block, Bengaluru - KSPCB","09-04-2026 11:00:00",12.920984,77.584908,PM10,58,154,92
India,Karnataka,Bengaluru,"Jayanagar 5th Block, Bengaluru - KSPCB","09-04-2026 11:00:00",12.920984,77.584908,SO2,2,51,25
India,Karnataka,Bengaluru,"Jayanagar 5th Block, Bengaluru - KSPCB","09-04-2026 11:00:00",12.920984,77.584908,OZONE,2,52,25
India,Karnataka,Bengaluru,"Jigani, Bengaluru - KSPCB","09-04-2026 11:00:00",12.7816279,77.6299145,PM2.5,45,75,60
India,Karnataka,Bengaluru,"Jigani, Bengaluru - KSPCB","09-04-2026 11:00:00",12.7816279,77.6299145,PM10,67,130,101
India,Karnataka,Mysuru,"Hebbal 1st Stage, Mysuru - KSPCB","09-04-2026 11:00:00",12.21041,76.37376,NO2,8,27,18
India,Karnataka,Ramanagara,"Vijay Nagar, Ramanagara - KSPCB","09-04-2026 11:00:00",12.733409,77.298051,NH3,2,4,3
India,Karnataka,Ramanagara,"Vijay Nagar, Ramanagara - KSPCB","09-04-2026 11:00:00",12.733409,77.298051,OZONE,10,51,22
India,Karnataka,Shivamogga,"Vinoba Nagara, Shivamogga - KSPCB","09-04-2026 11:00:00",13.940000,75.555917,SO2,2,5,4
India,Karnataka,Tumakuru,"Thimmalapura, Tumakuru - KSPCB","09-04-2026 11:00:00",13.377516,77.099072,PM2.5,61,137,88
India,Karnataka,Madikeri,"Stuart Hill, Madikeri - KSPCB","09-04-2026 11:00:00",12.415911,75.735050,PM2.5,7,37,22
India,Karnataka,Mangalore,"Kadri, Mangalore - KSPCB","09-04-2026 11:00:00",12.889250,74.853000,NH3,1,2,2
India,Karnataka,Bengaluru,"Peenya, Bengaluru - CPCB","09-04-2026 11:00:00",13.0270199,77.494094,CO,53,126,77
India,Karnataka,Bengaluru,"Hebbal, Bengaluru - KSPCB","09-04-2026 11:00:00",13.029152,77.585901,OZONE,8,11,10
India,Karnataka,Dharwad,"Kalabhavan, Dharwad - KSPCB","09-04-2026 11:00:00",15.459706,75.008381,PM10,NA,NA,NA
India,Kerala,Kollam,"Polayathode, Kollam - Kerala PCB","09-04-2026 11:00:00",8.8787,76.6073,OZONE,32,36,34
India,Kerala,Thiruvananthapuram,"Kariavattom, Thiruvananthapuram - Kerala PCB","09-04-2026 11:00:00",8.563700,76.886500,NO2,6,7,6
India,Kerala,Thiruvananthapuram,"Plammoodu, Thiruvananthapuram - Kerala PCB","09-04-2026 11:00:00",8.5149093,76.9435879,PM10,34,56,46
India,Kerala,Thiruvananthapuram,"Plammoodu, Thiruvananthapuram - Kerala PCB","09-04-2026 11:00:00",8.5149093,76.9435879,NO2,NA,NA,NA
India,Kerala,Thiruvananthapuram,"Plammoodu, Thiruvananthapuram - Kerala PCB","09-04-2026 11:00:00",8.5149093,76.9435879,CO,2,61,8
India,Kerala,Thiruvananthapuram,"Plammoodu, Thiruvananthapuram - Kerala PCB","09-04-2026 11:00:00",8.5149093,76.9435879,OZONE,10,25,21
India,"Madhya Pradesh",Bhopal,"Idgah Hills, Bhopal - MPPCB","09-04-2026 11:00:00",23.264759,77.381568,NH3,5,12,8
India,"Madhya Pradesh",Bhopal,"T T Nagar, Bhopal - MPPCB","09-04-2026 11:00:00",23.233584,77.400574,CO,14,70,39
India,"Madhya Pradesh",Damoh,"Shrivastav Colony, Damoh - MPPCB","09-04-2026 11:00:00",23.81748678,79.446246,PM2.5,28,67,41
India,"Madhya Pradesh",Dewas,"Bhopal Chauraha, Dewas - MPPCB","09-04-2026 11:00:00",22.9682591,76.064118,PM2.5,45,371,183
India,"Madhya Pradesh",Dewas,"Bhopal Chauraha, Dewas - MPPCB","09-04-2026 11:00:00",22.9682591,76.064118,CO,30,85,55
India,"Madhya Pradesh",Gwalior,"City Center, Gwalior - MPPCB","09-04-2026 11:00:00",26.203442,78.193251,NO2,10,94,25
India,"Madhya Pradesh",Gwalior,"City Center, Gwalior - MPPCB","09-04-2026 11:00:00",26.203442,78.193251,CO,28,90,38
India,"Madhya Pradesh",Jabalpur,"Govindh Bhavan Colony, Jabalpur - JMC","09-04-2026 11:00:00",23.163174,79.973061,OZONE,3,47,16
India,"Madhya Pradesh",Jabalpur,"Gupteshwar, Jabalpur - JMC","09-04-2026 11:00:00",23.142888,79.916147,CO,29,82,36
India,"Madhya Pradesh",Jabalpur,"Marhatal, Jabalpur - MPPCB","09-04-2026 11:00:00",23.168606,79.932247,PM2.5,42,107,68
India,"Madhya Pradesh",Jabalpur,"Marhatal, Jabalpur - MPPCB","09-04-2026 11:00:00",23.168606,79.932247,NO2,25,33,27
India,"Madhya Pradesh",Jabalpur,"Marhatal, Jabalpur - MPPCB","09-04-2026 11:00:00",23.168606,79.932247,NH3,2,2,2
India,"Madhya Pradesh",Jabalpur,"Marhatal, Jabalpur - MPPCB","09-04-2026 11:00:00",23.168606,79.932247,OZONE,8,56,14
India,"Madhya Pradesh",Gwalior,"Maharaj Bada, Gwalior - MPPCB","09-04-2026 11:00:00",26.200388,78.147714,CO,12,134,22
India,"Madhya Pradesh",Indore,"Airport Area, Indore - IMC","09-04-2026 11:00:00",22.7289,75.8076,PM2.5,16,432,232
India,"Madhya Pradesh",Indore,"Airport Area, Indore - IMC","09-04-2026 11:00:00",22.7289,75.8076,PM10,82,289,137
India,"Madhya Pradesh",Indore,"Airport Area, Indore - IMC","09-04-2026 11:00:00",22.7289,75.8076,SO2,7,22,12
India,"Madhya Pradesh",Indore,"Airport Area, Indore - IMC","09-04-2026 11:00:00",22.7289,75.8076,CO,44,82,65
India,"Madhya Pradesh",Indore,"Residency Area, Indore - IMC","09-04-2026 11:00:00",22.7084,75.8815,PM10,68,157,107
India,"Madhya Pradesh",Jabalpur,"Govindh Bhavan Colony, Jabalpur - JMC","09-04-2026 11:00:00",23.163174,79.973061,PM2.5,NA,NA,NA
India,"Madhya Pradesh",Jabalpur,"Govindh Bhavan Colony, Jabalpur - JMC","09-04-2026 11:00:00",23.163174,79.973061,PM10,NA,NA,NA
India,Kerala,Kannur,"Thavakkara, Kannur - Kerala PCB","09-04-2026 11:00:00",11.875000,75.373200,PM2.5,62,91,82
India,Kerala,Kollam,"Polayathode, Kollam - Kerala PCB","09-04-2026 11:00:00",8.8787,76.6073,NO2,8,10,9
India,"Madhya Pradesh",Indore,"Regional Park, Indore - IMC","09-04-2026 11:00:00",22.6780,75.8559,SO2,31,36,33
India,"Madhya Pradesh",Indore,"Regional Park, Indore - IMC","09-04-2026 11:00:00",22.6780,75.8559,OZONE,5,11,7
India,"Madhya Pradesh",Bhopal,"T T Nagar, Bhopal - MPPCB","09-04-2026 11:00:00",23.233584,77.400574,PM10,82,145,116
India,"Madhya Pradesh",Jabalpur,"Suhagi, Jabalpur - JMC","09-04-2026 11:00:00",23.218135,79.957770,NO2,31,59,42
India,Maharashtra,Ahmednagar,"Tarakpur, Ahmednagar - MPCB","09-04-2026 11:00:00",19.10122,74.73339,CO,6,50,12
India,Maharashtra,Akola,"Ramdaspeth, Akola - MPCB","09-04-2026 11:00:00",20.719516,77.000253,NH3,4,10,6
India,"Madhya Pradesh",Mandideep,"Sector-D Industrial Area, Mandideep - MPPCB","09-04-2026 11:00:00",23.108440,77.511428,NO2,10,89,38
India,"Madhya Pradesh",Mandideep,"Sector-D Industrial Area, Mandideep - MPPCB","09-04-2026 11:00:00",23.108440,77.511428,CO,23,84,40
India,"Madhya Pradesh",Satna,"Bandhavgar Colony, Satna - Birla Cement","09-04-2026 11:00:00",24.58434363,80.8549414,PM10,70,71,70
India,"Madhya Pradesh",Satna,"Bandhavgar Colony, Satna - Birla Cement","09-04-2026 11:00:00",24.58434363,80.8549414,CO,18,28,24
India,Maharashtra,Ambernath,"Chinchpada, Ambernath - MPCB","09-04-2026 11:00:00",19.2157840,73.1997810,SO2,1,8,4
India,Maharashtra,Ambernath,"Chinchpada, Ambernath - MPCB","09-04-2026 11:00:00",19.2157840,73.1997810,CO,1,13,4
India,"Madhya Pradesh",Singrauli,"Suryakiran Bhawan NCL, Singrauli - MPPCB","09-04-2026 11:00:00",24.108970,82.645580,OZONE,2,5,3
India,"Madhya Pradesh",Ratlam,"Shasthri Nagar, Ratlam - IPCA Lab","09-04-2026 11:00:00",23.331731,75.045981,PM10,88,164,120
India,"Madhya Pradesh",Sagar,"Deen Dayal Nagar, Sagar - MPPCB","09-04-2026 11:00:00",23.8640158,78.80289321,PM2.5,1,61,28
India,"Madhya Pradesh",Sagar,"Civil Lines, Sagar - MPPCB","09-04-2026 11:00:00",23.838586,78.759431,PM10,57,98,76
India,Maharashtra,Ahmednagar,"Tarakpur, Ahmednagar - MPCB","09-04-2026 11:00:00",19.10122,74.73339,PM10,45,83,64
India,Maharashtra,Ambernath,"Chinchpada, Ambernath - MPCB","09-04-2026 11:00:00",19.2157840,73.1997810,OZONE,1,27,6
India,Maharashtra,Amravati,"Shivneri Colony, Amravati - MPCB","09-04-2026 11:00:00",20.9402359,77.7895248,PM2.5,40,73,55
India,Maharashtra,Amravati,"Shivneri Colony, Amravati - MPCB","09-04-2026 11:00:00",20.9402359,77.7895248,PM10,69,116,95
India,Maharashtra,Amravati,"Shivneri Colony, Amravati - MPCB","09-04-2026 11:00:00",20.9402359,77.7895248,NO2,5,24,14
India,Maharashtra,Amravati,"Shivneri Colony, Amravati - MPCB","09-04-2026 11:00:00",20.9402359,77.7895248,CO,10,30,18
India,Maharashtra,Amravati,"Shri Shivaji Science College, Amravati - MPCB","09-04-2026 11:00:00",20.939198,77.765701,NO2,4,16,9
India,Maharashtra,Amravati,"Shri Shivaji Science College, Amravati - MPCB","09-04-2026 11:00:00",20.939198,77.765701,NH3,3,4,3
India,Maharashtra,Aurangabad,"Rachnakar Colony, Aurangabad - MPCB","09-04-2026 11:00:00",19.863756,75.321188,CO,33,41,37
India,Maharashtra,Aurangabad,"Rachnakar Colony, Aurangabad - MPCB","09-04-2026 11:00:00",19.863756,75.321188,OZONE,14,74,34
India,Maharashtra,Dhule,"Deopur, Dhule - MPCB","09-04-2026 11:00:00",20.918946,74.776388,PM10,65,91,79
India,Maharashtra,Dhule,"Deopur, Dhule - MPCB","09-04-2026 11:00:00",20.918946,74.776388,NO2,3,40,10
India,Maharashtra,Aurangabad,"More Chowk Waluj, Aurangabad - MPCB","09-04-2026 11:00:00",19.8389439,75.244448,PM10,13,186,94
India,Maharashtra,Chandrapur,"MIDC Khutala, Chandrapur - MPCB","09-04-2026 11:00:00",19.9775302,79.2337086,NH3,2,4,3
India,Maharashtra,Bhiwandi,"Gokul Nagar, Bhiwandi - MPCB","09-04-2026 11:00:00",19.309073,73.057223,NH3,3,6,5
India,Maharashtra,Badlapur,"Katrap, Badlapur - MPCB","09-04-2026 11:00:00",19.16485,73.23409,SO2,3,16,9
India,Maharashtra,Beed,"Bir, Beed - MPCB","09-04-2026 11:00:00",18.988474,75.753873,CO,15,62,19
India,Maharashtra,Mumbai,"Bandra Kurla Complex, Mumbai - IITM","09-04-2026 11:00:00",19.053536,72.84643,NH3,17,61,30
India,Maharashtra,Mumbai,"Borivali East, Mumbai - IITM","09-04-2026 11:00:00",19.23241,72.86895,CO,13,46,38
India,Maharashtra,Mumbai,"Borivali East, Mumbai - MPCB","09-04-2026 11:00:00",19.2243333,72.8658113,NO2,NA,NA,NA
India,Maharashtra,Mumbai,"Borivali East, Mumbai - MPCB","09-04-2026 11:00:00",19.2243333,72.8658113,NH3,1,7,4
India,Maharashtra,Mumbai,"Chakala-Andheri East, Mumbai - IITM","09-04-2026 11:00:00",19.11074,72.86084,NH3,11,24,20
India,Maharashtra,Mumbai,"Chembur, Mumbai - MPCB","09-04-2026 11:00:00",19.0364585,72.8954371,NH3,11,17,13
India,Maharashtra,Mumbai,"Colaba, Mumbai - MPCB","09-04-2026 11:00:00",18.910000,72.820000,PM2.5,3,24,12
India,Maharashtra,Malegaon,"Mahesh Nagar, Malegaon - MPCB","09-04-2026 11:00:00",20.555712,74.529236,NO2,7,43,17
India,Maharashtra,Mira-Bhayandar,"Bhayandar West, Mira-Bhayandar - MPCB","09-04-2026 11:00:00",19.296481,72.840923,CO,10,32,23
India,Maharashtra,Mira-Bhayandar,"Bhayandar West, Mira-Bhayandar - MPCB","09-04-2026 11:00:00",19.296481,72.840923,OZONE,1,11,6
India,Maharashtra,Latur,"Sawe Wadi, Latur - MPCB","09-04-2026 11:00:00",18.39963,76.57452,PM2.5,39,71,59
India,Maharashtra,Latur,"Sawe Wadi, Latur - MPCB","09-04-2026 11:00:00",18.39963,76.57452,CO,8,21,17
India,Maharashtra,Latur,"Sawe Wadi, Latur - MPCB","09-04-2026 11:00:00",18.39963,76.57452,OZONE,15,34,22
India,Maharashtra,Jalgaon,"Prabhat Colony, Jalgaon - MPCB","09-04-2026 11:00:00",21.001264,75.565602,PM2.5,49,107,70
India,Maharashtra,Jalgaon,"Prabhat Colony, Jalgaon - MPCB","09-04-2026 11:00:00",21.001264,75.565602,SO2,4,7,6
India,Maharashtra,Mumbai,"Ghatkopar, Mumbai - BMC","09-04-2026 11:00:00",19.083694,72.920967,SO2,1,4,3
India,Maharashtra,Mumbai,"Ghatkopar, Mumbai - BMC","09-04-2026 11:00:00",19.083694,72.920967,CO,18,18,18
India,Maharashtra,Dhule,"Deopur, Dhule - MPCB","09-04-2026 11:00:00",20.918946,74.776388,OZONE,21,61,22
India,Maharashtra,Jalna,"Old MIDC, Jalna - MPCB","09-04-2026 11:00:00",19.854616,75.905894,OZONE,NA,NA,NA
India,Maharashtra,Jalna,"Old MIDC, Jalna - MPCB","09-04-2026 11:00:00",19.854616,75.905894,PM10,NA,NA,NA
India,Maharashtra,Mumbai,"Kurla, Mumbai - MPCB","09-04-2026 11:00:00",19.0863,72.8888,SO2,29,29,29
India,Maharashtra,Mumbai,"Malad West, Mumbai - IITM","09-04-2026 11:00:00",19.19709,72.82204,PM2.5,8,53,25
India,Maharashtra,Mumbai,"Malad West, Mumbai - IITM","09-04-2026 11:00:00",19.19709,72.82204,PM10,32,106,66
India,Maharashtra,Mumbai,"Malad West, Mumbai - IITM","09-04-2026 11:00:00",19.19709,72.82204,SO2,2,17,11
India,Maharashtra,Mumbai,"Mazgaon, Mumbai - IITM","09-04-2026 11:00:00",18.96702,72.84214,PM10,54,99,68
India,Maharashtra,Mumbai,"Mazgaon, Mumbai - IITM","09-04-2026 11:00:00",18.96702,72.84214,NH3,9,13,11
India,Maharashtra,Mumbai,"Mazgaon, Mumbai - IITM","09-04-2026 11:00:00",18.96702,72.84214,CO,32,74,48
India,Maharashtra,Mumbai,"Kandivali West, Mumbai - BMC","09-04-2026 11:00:00",19.215859,72.831718,CO,1,16,5
India,Maharashtra,Mumbai,"Kandivali West, Mumbai - BMC","09-04-2026 11:00:00",19.215859,72.831718,OZONE,6,26,16
India,Maharashtra,Mumbai,"Kherwadi_Bandra East, Mumbai - MPCB","09-04-2026 11:00:00",19.0632143,72.8456324,CO,15,25,22
India,Maharashtra,Mumbai,"Kherwadi_Bandra East, Mumbai - MPCB","09-04-2026 11:00:00",19.0632143,72.8456324,OZONE,4,25,11
India,Maharashtra,Mumbai,"Khindipada-Bhandup West, Mumbai - IITM","09-04-2026 11:00:00",19.1653323,72.922099,PM2.5,3,37,17
India,Maharashtra,Mumbai,"Khindipada-Bhandup West, Mumbai - IITM","09-04-2026 11:00:00",19.1653323,72.922099,NO2,12,22,16
India,Maharashtra,Nagpur,"Ram Nagar, Nagpur - MPCB","09-04-2026 11:00:00",21.143383,79.048912,PM10,74,103,87
India,Maharashtra,Nagpur,"Ram Nagar, Nagpur - MPCB","09-04-2026 11:00:00",21.143383,79.048912,SO2,9,47,17
India,Maharashtra,Nagpur,"Ram Nagar, Nagpur - MPCB","09-04-2026 11:00:00",21.143383,79.048912,CO,10,29,20
India,Maharashtra,Nanded,"Sneh Nagar, Nanded - MPCB","09-04-2026 11:00:00",19.173852,77.296291,SO2,6,7,7
India,Maharashtra,Mumbai,"Mindspace-Malad West, Mumbai - MPCB","09-04-2026 11:00:00",19.1878657,72.8304069,SO2,4,9,6
India,Maharashtra,Mumbai,"Mulund West, Mumbai - MPCB","09-04-2026 11:00:00",19.1750,72.9419,SO2,NA,NA,NA
India,Maharashtra,Mumbai,"Navy Nagar-Colaba, Mumbai - IITM","09-04-2026 11:00:00",18.897756,72.813320,NH3,7,9,8
India,Maharashtra,Mumbai,"Shivaji Nagar, Mumbai - BMC","09-04-2026 11:00:00",19.060498,72.923356,OZONE,2,15,6
India,Maharashtra,Mumbai,"Siddharth Nagar-Worli, Mumbai - IITM","09-04-2026 11:00:00",19.000083,72.813993,PM2.5,21,55,33
India,Maharashtra,Mumbai,"Siddharth Nagar-Worli, Mumbai - IITM","09-04-2026 11:00:00",19.000083,72.813993,PM10,21,83,54
India,Maharashtra,Nagpur,"Ambazari, Nagpur - MPCB","09-04-2026 11:00:00",21.121801,79.04952,PM2.5,43,72,55
India,Maharashtra,Nagpur,"Ambazari, Nagpur - MPCB","09-04-2026 11:00:00",21.121801,79.04952,NO2,11,40,18
India,Maharashtra,Nagpur,"Ambazari, Nagpur - MPCB","09-04-2026 11:00:00",21.121801,79.04952,NH3,1,4,2
India,Maharashtra,Mumbai,"Sewri, Mumbai - BMC","09-04-2026 11:00:00",19.000084,72.856730,OZONE,2,22,10
India,Maharashtra,Mumbai,"Shivaji Nagar, Mumbai - BMC","09-04-2026 11:00:00",19.060498,72.923356,CO,10,101,12
India,Maharashtra,Nagpur,"Opp GPO Civil Lines, Nagpur - MPCB","09-04-2026 11:00:00",21.152875,79.0517531,PM2.5,18,81,53
India,Maharashtra,Nagpur,"Opp GPO Civil Lines, Nagpur - MPCB","09-04-2026 11:00:00",21.152875,79.0517531,NH3,3,6,4
India,Maharashtra,Mumbai,"Vile Parle West, Mumbai - MPCB","09-04-2026 11:00:00",19.10861,72.83622,NO2,11,11,11
India,Maharashtra,Mumbai,"Worli, Mumbai -MPCB","09-04-2026 11:00:00",18.9942180,72.8158167,NO2,12,12,12
India,Maharashtra,Pimpri-Chinchwad,"Park Street Wakad, Pimpri Chinchwad - MPCB","09-04-2026 11:00:00",18.59051,73.77946,PM2.5,NA,NA,NA
India,Maharashtra,Pimpri-Chinchwad,"Park Street Wakad, Pimpri Chinchwad - MPCB","09-04-2026 11:00:00",18.59051,73.77946,NO2,16,31,23
India,Maharashtra,Pimpri-Chinchwad,"Park Street Wakad, Pimpri Chinchwad - MPCB","09-04-2026 11:00:00",18.59051,73.77946,SO2,1,3,2
India,Maharashtra,Pimpri-Chinchwad,"Park Street Wakad, Pimpri Chinchwad - MPCB","09-04-2026 11:00:00",18.59051,73.77946,CO,12,53,33
India,Maharashtra,Pimpri-Chinchwad,"Park Street Wakad, Pimpri Chinchwad - MPCB","09-04-2026 11:00:00",18.59051,73.77946,OZONE,2,64,7
India,Maharashtra,Pimpri-Chinchwad,"Savta Mali Nagar, Pimpri-Chinchwad - IITM","09-04-2026 11:00:00",18.614767,73.799516,PM2.5,22,79,48
India,Maharashtra,Pimpri-Chinchwad,"Savta Mali Nagar, Pimpri-Chinchwad - IITM","09-04-2026 11:00:00",18.614767,73.799516,CO,6,101,48
India,Maharashtra,Pimpri-Chinchwad,"Thergaon, Pimpri Chinchwad - MPCB","09-04-2026 11:00:00",18.616318,73.765797,PM2.5,42,136,68
India,Maharashtra,"Navi Mumbai","Kopripada-Vashi, Navi Mumbai - MPCB","09-04-2026 11:00:00",19.090337,73.014232,SO2,1,2,1
India,Maharashtra,"Navi Mumbai","Kopripada-Vashi, Navi Mumbai - MPCB","09-04-2026 11:00:00",19.090337,73.014232,OZONE,4,21,5
India,Maharashtra,"Navi Mumbai","Mahape, Navi Mumbai - MPCB","09-04-2026 11:00:00",19.1135051,73.008978,SO2,17,19,18
India,Maharashtra,"Navi Mumbai","Nerul, Navi Mumbai - MPCB","09-04-2026 11:00:00",19.008751,73.016620,NH3,6,7,6
India,Maharashtra,"Navi Mumbai","Sector-2E Kalamboli, Navi Mumbai - MPCB","09-04-2026 11:00:00",19.02579,73.10297,PM10,41,64,51
India,Maharashtra,"Navi Mumbai","Sector-2E Kalamboli, Navi Mumbai - MPCB","09-04-2026 11:00:00",19.02579,73.10297,NH3,3,5,4
India,Maharashtra,"Navi Mumbai","Tondare-Taloja, Navi Mumbai - MPCB","09-04-2026 11:00:00",19.0630,73.1209,NH3,3,5,4
India,Maharashtra,Parbhani,"Masoom Colony, Parbhani - MPCB","09-04-2026 11:00:00",19.265594,76.761463,PM2.5,35,119,66
India,Maharashtra,Parbhani,"Masoom Colony, Parbhani - MPCB","09-04-2026 11:00:00",19.265594,76.761463,SO2,NA,NA,NA
India,Maharashtra,Pimpri-Chinchwad,"Bhosari, Pune - IITM","09-04-2026 11:00:00",18.640051,73.848956,PM10,43,102,74
India,Maharashtra,Pimpri-Chinchwad,"Bhosari, Pune - IITM","09-04-2026 11:00:00",18.640051,73.848956,CO,2,50,30
India,Maharashtra,Pimpri-Chinchwad,"Gavalinagar, Pimpri Chinchwad - MPCB","09-04-2026 11:00:00",18.63673,73.82487,NO2,9,27,16
India,Maharashtra,Nashik,"Hirawadi, Nashik - MPCB","09-04-2026 11:00:00",20.021503,73.813844,SO2,2,15,7
India,Maharashtra,Nashik,"MIDC Ambad, Nashik - MPCB","09-04-2026 11:00:00",19.950220,73.731480,OZONE,17,60,34
India,Maharashtra,Nashik,"Pandav Nagari, Nashik - MPCB","09-04-2026 11:00:00",19.9591346,73.7788008,PM2.5,35,101,56
India,Maharashtra,Nashik,"Gangapur Road, Nashik - MPCB","09-04-2026 11:00:00",20.0073285,73.7762427,NH3,3,3,3
India,Maharashtra,Nashik,"Hirawadi, Nashik - MPCB","09-04-2026 11:00:00",20.021503,73.813844,PM2.5,31,56,44
India,Maharashtra,Nashik,"Pandav Nagari, Nashik - MPCB","09-04-2026 11:00:00",19.9591346,73.7788008,NO2,7,14,9
India,Maharashtra,Nashik,"Pandav Nagari, Nashik - MPCB","09-04-2026 11:00:00",19.9591346,73.7788008,CO,12,32,20
India,Maharashtra,Pimpri-Chinchwad,"Thergaon, Pimpri Chinchwad - MPCB","09-04-2026 11:00:00",18.616318,73.765797,NO2,11,42,20
India,Maharashtra,Pimpri-Chinchwad,"Thergaon, Pimpri Chinchwad - MPCB","09-04-2026 11:00:00",18.616318,73.765797,NH3,NA,NA,NA
India,Maharashtra,Pimpri-Chinchwad,"Transport Nagar-Nigdi, Pune - IITM","09-04-2026 11:00:00",18.664282,73.763966,CO,49,83,76
India,Maharashtra,"Navi Mumbai","Kopripada-Vashi, Navi Mumbai - MPCB","09-04-2026 11:00:00",19.090337,73.014232,NO2,8,21,13
India,Meghalaya,Byrnihat,"15th Mile-Nongthymmai, Byrnihat - Meghalaya PCB","09-04-2026 11:00:00",26.05374,91.86796,CO,4,107,17
India,Meghalaya,Shillong,"JN Stadium, Shillong - Meghalaya PCB","09-04-2026 11:00:00",25.5803419,91.8942571,PM2.5,NA,NA,NA
India,Meghalaya,Shillong,"JN Stadium, Shillong - Meghalaya PCB","09-04-2026 11:00:00",25.5803419,91.8942571,NO2,10,36,27
India,Meghalaya,Shillong,"Lumpyngngad, Shillong - Meghalaya PCB","09-04-2026 11:00:00",25.5586,91.8985,PM2.5,1,15,9
India,Meghalaya,Shillong,"Lumpyngngad, Shillong - Meghalaya PCB","09-04-2026 11:00:00",25.5586,91.8985,CO,5,42,6
India,Maharashtra,Pune,"Savitribai Phule Pune University, Pune - MPCB","09-04-2026 11:00:00",18.547056,73.826908,CO,12,33,18
India,Maharashtra,Solapur,"Dnyaneshwar Nagar, Solapur - MPCB","09-04-2026 11:00:00",17.6336264,75.9132495,PM2.5,33,64,45
India,Maharashtra,Solapur,"Ratandeep Housing Society, Solapur - MPCB","09-04-2026 11:00:00",17.65439,75.90649,PM2.5,55,82,66
India,Maharashtra,Solapur,"Ratandeep Housing Society, Solapur - MPCB","09-04-2026 11:00:00",17.65439,75.90649,SO2,1,7,3
India,Maharashtra,Ulhasnagar,"Vithalwadi, Ulhasnagar - MPCB","09-04-2026 11:00:00","19.2307571 ",73.1551920,SO2,1,6,2
India,Maharashtra,Ulhasnagar,"Vithalwadi, Ulhasnagar - MPCB","09-04-2026 11:00:00","19.2307571 ",73.1551920,CO,4,37,14
India,Maharashtra,Thane,"Upvan Fort, Thane - MPCB","09-04-2026 11:00:00",19.222279,72.957979,NH3,3,3,3
India,Maharashtra,Thane,"Upvan Fort, Thane - MPCB","09-04-2026 11:00:00",19.222279,72.957979,SO2,1,22,9
India,Mizoram,Aizawl,"Sikulpuikawn, Aizawl - Mizoram PCB","09-04-2026 11:00:00",23.7176342,92.7192841,SO2,14,15,15
India,Maharashtra,Thane,"Kasarvadavali, Thane - MPCB","09-04-2026 11:00:00",19.26777,72.97182,PM10,38,106,58
India,Maharashtra,Pune,"Katraj Dairy, Pune - MPCB","09-04-2026 11:00:00",18.454450,73.854155,PM10,24,62,39
India,Maharashtra,Pune,"Katraj Dairy, Pune - MPCB","09-04-2026 11:00:00",18.454450,73.854155,NO2,1,24,8
India,Odisha,Bhubaneswar,"Patia, Bhubaneswar - OSPCB","09-04-2026 11:00:00",20.34652,85.81630,CO,68,91,69
India,Odisha,Bhubaneswar,"Patia, Bhubaneswar - OSPCB","09-04-2026 11:00:00",20.34652,85.81630,OZONE,4,54,21
India,Odisha,Bileipada,"Tata Township, Bileipada - OSPCB","09-04-2026 11:00:00",22.06156703,85.47409613,PM10,21,118,82
India,Odisha,Baripada,"Meher Colony, Baripada - OSPCB","09-04-2026 11:00:00",21.941841,86.728318,NH3,1,2,2
India,Odisha,Baripada,"Meher Colony, Baripada - OSPCB","09-04-2026 11:00:00",21.941841,86.728318,CO,2,42,12
India,Odisha,Bhubaneswar,"Lingraj Mandir, Bhubaneswar - OSPCB","09-04-2026 11:00:00",20.240790,85.836784,NO2,NA,NA,NA
India,Odisha,Balasore,"Kalidaspur, Balasore - OSPCB","09-04-2026 11:00:00",21.51161,86.89088,OZONE,43,86,66
India,Odisha,Barbil,"Forest Office, Barbil - OSPCB","09-04-2026 11:00:00",22.1166054,85.3945546,NO2,12,19,15
India,Odisha,Barbil,"Forest Office, Barbil - OSPCB","09-04-2026 11:00:00",22.1166054,85.3945546,SO2,14,36,19
India,Odisha,Byasanagar,"Ferro Chrome Colony, Byasanagar - OSPCB","09-04-2026 11:00:00",20.94185,86.11510,NO2,6,28,12
India,Odisha,Cuttack,"CDA Area, Cuttack - OSPCB","09-04-2026 11:00:00","20.48891     ","85.84768     ",SO2,5,7,6
India,Odisha,Brajrajnagar,"GM Office, Brajrajnagar - OSPCB","09-04-2026 11:00:00",21.8004996,83.8396977,PM2.5,6,72,31
India,Odisha,Brajrajnagar,"GM Office, Brajrajnagar - OSPCB","09-04-2026 11:00:00",21.8004996,83.8396977,PM10,8,100,44
India,Odisha,Brajrajnagar,"GM Office, Brajrajnagar - OSPCB","09-04-2026 11:00:00",21.8004996,83.8396977,NH3,6,6,6
India,Odisha,Byasanagar,"Ferro Chrome Colony, Byasanagar - OSPCB","09-04-2026 11:00:00",20.94185,86.11510,PM2.5,15,45,33
India,Nagaland,Kohima,"PWD Junction, Kohima - NPCB","09-04-2026 11:00:00",25.6635413,94.0989878,PM10,14,54,26
India,Nagaland,Kohima,"PWD Junction, Kohima - NPCB","09-04-2026 11:00:00",25.6635413,94.0989878,NO2,3,4,4
India,Odisha,Angul,"Hakimapada, Angul - OSPCB","09-04-2026 11:00:00",20.832874,85.104082,PM10,24,384,95
India,Punjab,Rupnagar,"Ratanpura, Rupnagar - Ambuja Cements","09-04-2026 11:00:00",31.0325454,76.5623046,NO2,NA,NA,NA
India,Punjab,Rupnagar,"Ratanpura, Rupnagar - Ambuja Cements","09-04-2026 11:00:00",31.0325454,76.5623046,SO2,8,16,13
India,Rajasthan,Ajmer,"Civil Lines,  Ajmer - RSPCB","09-04-2026 11:00:00",26.470859,74.646594,PM2.5,49,86,60
India,Rajasthan,Ajmer,"Civil Lines,  Ajmer - RSPCB","09-04-2026 11:00:00",26.470859,74.646594,NO2,22,33,29
India,Rajasthan,Ajmer,"Civil Lines,  Ajmer - RSPCB","09-04-2026 11:00:00",26.470859,74.646594,CO,16,84,49
India,Rajasthan,Alwar,"Moti Doongri, Alwar - RSPCB","09-04-2026 11:00:00",27.554793,76.611536,PM10,67,121,93
India,Rajasthan,Alwar,"Moti Doongri, Alwar - RSPCB","09-04-2026 11:00:00",27.554793,76.611536,NO2,29,65,41
India,Rajasthan,Alwar,"Moti Doongri, Alwar - RSPCB","09-04-2026 11:00:00",27.554793,76.611536,NH3,11,16,12
India,Rajasthan,Alwar,"Moti Doongri, Alwar - RSPCB","09-04-2026 11:00:00",27.554793,76.611536,OZONE,17,90,38
India,Rajasthan,Banswara,"Rati Talai, Banswara - RSPCB","09-04-2026 11:00:00",23.555190,74.440010,SO2,2,13,4
India,Rajasthan,Bikaner,"MM Ground, Bikaner - RSPCB","09-04-2026 11:00:00",28.018792,73.292658,CO,8,48,29
India,Rajasthan,Bikaner,"MM Ground, Bikaner - RSPCB","09-04-2026 11:00:00",28.018792,73.292658,OZONE,38,130,68
India,Rajasthan,Bundi,"New Colony, Bundi - RSPCB","09-04-2026 11:00:00",25.435774,75.644272,SO2,4,9,6
India,Rajasthan,Bundi,"New Colony, Bundi - RSPCB","09-04-2026 11:00:00",25.435774,75.644272,CO,8,72,18
India,Rajasthan,Chittorgarh,"Shastri Nagar, Chittorgarh - RSPCB","09-04-2026 11:00:00",24.892047,74.623527,PM2.5,33,170,72
India,Rajasthan,Chittorgarh,"Shastri Nagar, Chittorgarh - RSPCB","09-04-2026 11:00:00",24.892047,74.623527,SO2,2,124,44
India,Rajasthan,Chittorgarh,"Shastri Nagar, Chittorgarh - RSPCB","09-04-2026 11:00:00",24.892047,74.623527,OZONE,16,101,50
India,Rajasthan,Churu,"Subash Chowk, Churu - RSPCB","09-04-2026 11:00:00",28.296139,74.961696,OZONE,33,145,64
India,Punjab,Khanna,"Kalal Majra, Khanna - PPCB","09-04-2026 11:00:00","30.736056 ",76.209694,PM2.5,10,37,22
India,Punjab,Ludhiana,"Punjab Agricultural University, Ludhiana - PPCB","09-04-2026 11:00:00",30.9028,75.8086,PM10,69,99,80
India,Punjab,Ludhiana,"Punjab Agricultural University, Ludhiana - PPCB","09-04-2026 11:00:00",30.9028,75.8086,CO,38,82,54
India,Punjab,"Mandi Gobindgarh","RIMT University, Mandi Gobindgarh - PPCB","09-04-2026 11:00:00",30.649961,76.331442,NH3,6,6,6
India,Punjab,Patiala,"Model Town, Patiala - PPCB","09-04-2026 11:00:00",30.349388,76.366642,PM10,16,42,31
India,Punjab,Patiala,"Model Town, Patiala - PPCB","09-04-2026 11:00:00",30.349388,76.366642,NH3,6,6,6
India,Odisha,Rourkela,"Raghunathpali, Rourkela - OSPCB","09-04-2026 11:00:00",22.220833,84.809444,CO,12,69,37
India,Odisha,Suakati,"OMC Colony, Suakati - OSPCB","09-04-2026 11:00:00",21.606865,85.510538,PM2.5,33,69,39
India,Odisha,Suakati,"OMC Colony, Suakati - OSPCB","09-04-2026 11:00:00",21.606865,85.510538,CO,9,26,17
India,Odisha,Talcher,"Talcher Coalfields,Talcher - OSPCB","09-04-2026 11:00:00",20.9360711,85.1707021,PM2.5,2,76,35
India,Odisha,Talcher,"Talcher Coalfields,Talcher - OSPCB","09-04-2026 11:00:00",20.9360711,85.1707021,PM10,1,106,44
India,Odisha,Talcher,"Talcher Coalfields,Talcher - OSPCB","09-04-2026 11:00:00",20.9360711,85.1707021,NH3,4,4,4
India,Odisha,Talcher,"Talcher Coalfields,Talcher - OSPCB","09-04-2026 11:00:00",20.9360711,85.1707021,OZONE,28,49,36
India,Odisha,Keonjhar,"Jagamohanpur, Keonjhar - OSPCB","09-04-2026 11:00:00",21.643900,85.599355,NH3,2,2,2
India,Odisha,Keonjhar,"Jagamohanpur, Keonjhar - OSPCB","09-04-2026 11:00:00",21.643900,85.599355,SO2,NA,NA,NA
India,Odisha,Nayagarh,"Dabuna, Nayagarh - OSPCB","09-04-2026 11:00:00",21.847279,85.416905,PM2.5,31,54,41
India,Odisha,Rourkela,"Fertilizer Township, Rourkela - OSPCB","09-04-2026 11:00:00",22.18972222,84.86277778,PM10,44,55,47
India,Rajasthan,Baran,"Bamboliya, Baran - RSPCB","09-04-2026 11:00:00",25.106006,76.469948,PM10,48,114,72
India,Rajasthan,Barmer,"Railway Colony, Barmer - RSPCB","09-04-2026 11:00:00",25.747299,71.393989,PM2.5,25,147,49
India,Rajasthan,Bharatpur,"Krishna Nagar, Bharatpur - RSPCB","09-04-2026 11:00:00",27.215415,77.50873,NH3,NA,NA,NA
India,Puducherry,Puducherry,"Jawahar Nagar, Puducherry - PPCC","09-04-2026 11:00:00",11.9309,79.8027,PM2.5,16,45,27
India,Puducherry,Puducherry,"Jawahar Nagar, Puducherry - PPCC","09-04-2026 11:00:00",11.9309,79.8027,CO,2,30,11
India,Punjab,Jalandhar,"Civil Line, Jalandhar - PPCB","09-04-2026 11:00:00",31.321907,75.578914,NH3,3,4,4
India,Rajasthan,Bhiwadi,"RIICO Ind. Area III, Bhiwadi - RSPCB","09-04-2026 11:00:00",28.194909,76.862296,NO2,14,56,35
India,Rajasthan,Bhiwadi,"Vasundhara Nagar_UIT, Bhiwadi - RSPCB","09-04-2026 11:00:00",28.207266,76.829265,SO2,5,24,14
India,Rajasthan,Bikaner,"MM Ground, Bikaner - RSPCB","09-04-2026 11:00:00",28.018792,73.292658,PM2.5,22,84,49
India,Rajasthan,Jaipur,"Adarsh Nagar, Jaipur - RSPCB","09-04-2026 11:00:00",26.902909,75.836858,NO2,NA,NA,NA
India,Rajasthan,Jaipur,"Adarsh Nagar, Jaipur - RSPCB","09-04-2026 11:00:00",26.902909,75.836858,SO2,NA,NA,NA
India,Rajasthan,Jaipur,"Mansarovar Sector-12, Jaipur - RSPCB","09-04-2026 11:00:00",26.843698,75.766894,NO2,35,60,49
India,Rajasthan,Jaipur,"Police Commissionerate, Jaipur - RSPCB","09-04-2026 11:00:00",26.9164092,75.7994901,PM10,NA,NA,NA
India,Rajasthan,Jaipur,"Police Commissionerate, Jaipur - RSPCB","09-04-2026 11:00:00",26.9164092,75.7994901,NO2,NA,NA,NA
India,Rajasthan,Jodhpur,"Samrat Ashok Udhyan, Jodhpur - RSPCB","09-04-2026 11:00:00",26.253384,72.976571,PM2.5,32,67,45
India,Rajasthan,Jodhpur,"Samrat Ashok Udhyan, Jodhpur - RSPCB","09-04-2026 11:00:00",26.253384,72.976571,PM10,76,139,104
India,Rajasthan,Jodhpur,"Samrat Ashok Udhyan, Jodhpur - RSPCB","09-04-2026 11:00:00",26.253384,72.976571,NO2,4,60,26
India,Rajasthan,Jhunjhunu,"Indra Nagar, Jhunjhunu - RSPCB","09-04-2026 11:00:00",28.108988,75.386577,CO,7,43,19
India,Rajasthan,Jodhpur,"Collectorate, Jodhpur - RSPCB","09-04-2026 11:00:00",26.268249,73.0193853,CO,5,76,32
India,Rajasthan,Kota,"Dhanmandi, Kota - RSPCB","09-04-2026 11:00:00",25.164090,75.858137,PM10,NA,NA,NA
India,Rajasthan,Kota,"Dhanmandi, Kota - RSPCB","09-04-2026 11:00:00",25.164090,75.858137,OZONE,6,101,101
India,Rajasthan,Karauli,"Satyawati Vihar, Karauli - RSPCB","09-04-2026 11:00:00",26.506177,77.025989,NO2,7,21,14
India,Rajasthan,Karauli,"Satyawati Vihar, Karauli - RSPCB","09-04-2026 11:00:00",26.506177,77.025989,SO2,2,7,4
India,Rajasthan,Jodhpur,"Mandor, Jodhpur - RSPCB","09-04-2026 11:00:00",26.358805,73.047444,PM10,55,92,78
India,Rajasthan,Jodhpur,"Mandor, Jodhpur - RSPCB","09-04-2026 11:00:00",26.358805,73.047444,NO2,8,53,23
India,Rajasthan,Hanumangarh,"Housing Board, Hanumangarh - RSPCB","09-04-2026 11:00:00",29.610750,74.283608,PM10,26,132,64
India,Rajasthan,Jaisalmer,"Sadar Bazar, Jaisalmer - RSPCB","09-04-2026 11:00:00",26.912329,70.909168,NH3,10,17,12
India,Rajasthan,Jhalawar,"Rajlaxmi Nagar, Jhalawar - RSPCB","09-04-2026 11:00:00",24.588397,76.172782,CO,2,52,41
India,Sikkim,Gangtok,"Zero Point GICI, Gangtok - SSPCB","09-04-2026 11:00:00",27.338530,88.614099,NO2,6,7,6
India,TamilNadu,Chennai,"Arumbakkam, Chennai - TNPCB","09-04-2026 11:00:00",13.0664,"80.2112 ",SO2,1,3,2
India,TamilNadu,Chennai,"Kodungaiyur, Chennai - TNPCB","09-04-2026 11:00:00",13.1278,80.2642,NO2,12,16,14
India,TamilNadu,Chennai,"Kodungaiyur, Chennai - TNPCB","09-04-2026 11:00:00",13.1278,80.2642,SO2,5,8,6
India,TamilNadu,Chennai,"Manali Village, Chennai - TNPCB","09-04-2026 11:00:00",13.1662,80.2584,NO2,5,73,9
India,TamilNadu,Chennai,"Manali Village, Chennai - TNPCB","09-04-2026 11:00:00",13.1662,80.2584,NH3,2,27,4
India,TamilNadu,Chennai,"Manali, Chennai - CPCB","09-04-2026 11:00:00",13.164544,80.26285,PM2.5,9,66,24
India,TamilNadu,Chennai,"Manali, Chennai - CPCB","09-04-2026 11:00:00",13.164544,80.26285,NH3,6,7,6
India,TamilNadu,Chennai,"Manali, Chennai - CPCB","09-04-2026 11:00:00",13.164544,80.26285,SO2,10,21,15
India,Rajasthan,Sirohi,"Vedhaynath Colony, Sirohi - RSPCB","09-04-2026 11:00:00",24.885261,72.857549,PM2.5,38,100,51
India,Rajasthan,Sirohi,"Vedhaynath Colony, Sirohi - RSPCB","09-04-2026 11:00:00",24.885261,72.857549,NO2,4,46,19
India,Rajasthan,Sirohi,"Vedhaynath Colony, Sirohi - RSPCB","09-04-2026 11:00:00",24.885261,72.857549,OZONE,21,76,40
India,Rajasthan,Tonk,"Shastri Nagar, Tonk - RSPCB","09-04-2026 11:00:00",26.159933,75.780517,SO2,3,5,4
India,Rajasthan,Tonk,"Shastri Nagar, Tonk - RSPCB","09-04-2026 11:00:00",26.159933,75.780517,CO,23,33,26
India,TamilNadu,Chennai,"Manali, Chennai - CPCB","09-04-2026 11:00:00",13.164544,80.26285,OZONE,18,58,31
India,TamilNadu,Chennai,"Perungudi, Chennai - TNPCB","09-04-2026 11:00:00",12.9533,80.2357,NH3,NA,NA,NA
India,TamilNadu,Chennai,"Perungudi, Chennai - TNPCB","09-04-2026 11:00:00",12.9533,80.2357,OZONE,1,5,2
India,TamilNadu,Chennai,"Royapuram, Chennai - TNPCB","09-04-2026 11:00:00",13.1036,80.2909,NO2,12,17,14
India,TamilNadu,Chennai,"Royapuram, Chennai - TNPCB","09-04-2026 11:00:00",13.1036,80.2909,NH3,4,5,4
India,Rajasthan,Kota,"Nayapura, Kota - RSPCB","09-04-2026 11:00:00",25.196024,75.855668,NH3,3,7,5
India,Rajasthan,Kota,"Nayapura, Kota - RSPCB","09-04-2026 11:00:00",25.196024,75.855668,SO2,7,67,15
India,Rajasthan,Kota,"Nayapura, Kota - RSPCB","09-04-2026 11:00:00",25.196024,75.855668,OZONE,7,112,52
India,Rajasthan,Nagaur,"Karni Colony, Nagaur - RSPCB","09-04-2026 11:00:00",27.213494,73.734444,PM2.5,15,87,42
India,Rajasthan,"Sawai Madhopur","Sahu Nagar, Sawai Madhopur - RSPCB","09-04-2026 11:00:00",26.031443,76.359327,SO2,2,8,5
India,Rajasthan,Sikar,"Radhakishan Pura, Sikar - RSPCB","09-04-2026 11:00:00",27.608912,75.153302,NH3,8,17,14
India,Rajasthan,Sikar,"Radhakishan Pura, Sikar - RSPCB","09-04-2026 11:00:00",27.608912,75.153302,SO2,5,8,6
India,TamilNadu,Coimbatore,"SIDCO Kurichi, Coimbatore - TNPCB","09-04-2026 11:00:00",10.942451,76.978996,PM10,32,71,50
India,TamilNadu,Coimbatore,"SIDCO Kurichi, Coimbatore - TNPCB","09-04-2026 11:00:00",10.942451,76.978996,CO,24,34,29
India,TamilNadu,Coimbatore,"SIDCO Kurichi, Coimbatore - TNPCB","09-04-2026 11:00:00",10.942451,76.978996,OZONE,20,22,21
India,Rajasthan,Pratapgarh,"Pragati Nagar, Pratapgarh - RSPCB","09-04-2026 11:00:00",24.041198,74.780702,PM10,92,157,125
India,Rajasthan,Pratapgarh,"Pragati Nagar, Pratapgarh - RSPCB","09-04-2026 11:00:00",24.041198,74.780702,NH3,5,10,7
India,Rajasthan,Nagaur,"Karni Colony, Nagaur - RSPCB","09-04-2026 11:00:00",27.213494,73.734444,CO,10,36,18
India,Rajasthan,Nagaur,"Karni Colony, Nagaur - RSPCB","09-04-2026 11:00:00",27.213494,73.734444,NH3,4,12,9
India,Telangana,Hyderabad,"IITH Kandi, Hyderabad - TSPCB","09-04-2026 11:00:00",17.585705,78.126199,NO2,12,16,14
India,Telangana,Hyderabad,"IITH Kandi, Hyderabad - TSPCB","09-04-2026 11:00:00",17.585705,78.126199,CO,18,70,37
India,Telangana,Hyderabad,"Kokapet, Hyderabad - TSPCB","09-04-2026 11:00:00",17.393559,78.339194,OZONE,20,36,21
India,Telangana,Hyderabad,"Kompally Municipal Office, Hyderabad - TSPCB","09-04-2026 11:00:00",17.544899,78.486949,NO2,13,16,13
India,Telangana,Hyderabad,"Kompally Municipal Office, Hyderabad - TSPCB","09-04-2026 11:00:00",17.544899,78.486949,NH3,3,5,4
India,Telangana,Hyderabad,"Kompally Municipal Office, Hyderabad - TSPCB","09-04-2026 11:00:00",17.544899,78.486949,CO,10,72,33
India,TamilNadu,Gummidipoondi,"Anthoni Pillai Nagar, Gummidipoondi - TNPCB","09-04-2026 11:00:00",13.4127,80.1081,PM2.5,42,197,87
India,TamilNadu,Madurai,"Uchapatti, Madurai - TNPCB","09-04-2026 11:00:00",9.865935,78.022669,SO2,48,56,50
India,TamilNadu,Ooty,"Bombay Castel, Ooty - TNPCB","09-04-2026 11:00:00",11.4068288,76.7138973,PM2.5,NA,NA,NA
India,TamilNadu,Ooty,"Bombay Castel, Ooty - TNPCB","09-04-2026 11:00:00",11.4068288,76.7138973,PM10,NA,NA,NA
India,TamilNadu,Tirupur,"Kumaran College, Tirupur - TNPCB","09-04-2026 11:00:00",11.0973603,77.3228673,SO2,16,110,45
India,TamilNadu,Tirupur,"Kumaran College, Tirupur - TNPCB","09-04-2026 11:00:00",11.0973603,77.3228673,OZONE,NA,NA,NA
India,Telangana,Hyderabad,"Central University, Hyderabad - TSPCB","09-04-2026 11:00:00",17.460103,78.334361,PM2.5,9,40,23
India,Telangana,Hyderabad,"New Malakpet, Hyderabad - TSPCB","09-04-2026 11:00:00",17.37206,78.50864,PM2.5,40,179,77
India,Telangana,Hyderabad,"New Malakpet, Hyderabad - TSPCB","09-04-2026 11:00:00",17.37206,78.50864,PM10,79,114,95
India,Telangana,Hyderabad,"New Malakpet, Hyderabad - TSPCB","09-04-2026 11:00:00",17.37206,78.50864,NH3,2,3,3
India,Telangana,Hyderabad,"Ramachandrapuram, Hyderabad - TSPCB","09-04-2026 11:00:00",17.528544,78.286195,CO,26,70,46
India,Telangana,Hyderabad,"Sanathnagar, Hyderabad - TSPCB","09-04-2026 11:00:00",17.4559458,78.4332152,PM2.5,22,93,48
India,Telangana,Hyderabad,"ICRISAT Patancheru, Hyderabad - TSPCB","09-04-2026 11:00:00",17.518400,78.278777,PM2.5,140,190,166
India,Telangana,Hyderabad,"ICRISAT Patancheru, Hyderabad - TSPCB","09-04-2026 11:00:00",17.518400,78.278777,OZONE,2,50,14
India,Telangana,Hyderabad,"Central University, Hyderabad - TSPCB","09-04-2026 11:00:00",17.460103,78.334361,NH3,2,8,4
India,Telangana,Hyderabad,"ECIL Kapra, Hyderabad - TSPCB","09-04-2026 11:00:00",17.470431,78.566959,CO,15,40,28
India,Telangana,Hyderabad,"ECIL Kapra, Hyderabad - TSPCB","09-04-2026 11:00:00",17.470431,78.566959,NH3,2,5,4
India,Tripura,Agartala,"Bardowali, Agartala - Tripura SPCB","09-04-2026 11:00:00",23.8175497,91.2726974,SO2,3,4,4
India,Tripura,Agartala,"Bardowali, Agartala - Tripura SPCB","09-04-2026 11:00:00",23.8175497,91.2726974,OZONE,2,13,6
India,Uttar_Pradesh,Agra,"Manoharpur, Agra - UPPCB","09-04-2026 11:00:00",27.23711,78.01936,PM2.5,19,49,34
India,Uttar_Pradesh,Agra,"Manoharpur, Agra - UPPCB","09-04-2026 11:00:00",27.23711,78.01936,PM10,12,149,72
India,Uttar_Pradesh,Agra,"Manoharpur, Agra - UPPCB","09-04-2026 11:00:00",27.23711,78.01936,NH3,5,6,5
India,Uttar_Pradesh,Agra,"Manoharpur, Agra - UPPCB","09-04-2026 11:00:00",27.23711,78.01936,SO2,8,13,10
India,Uttar_Pradesh,Agra,"Manoharpur, Agra - UPPCB","09-04-2026 11:00:00",27.23711,78.01936,CO,18,18,18
India,Uttar_Pradesh,Agra,"Manoharpur, Agra - UPPCB","09-04-2026 11:00:00",27.23711,78.01936,OZONE,6,6,6
India,Uttar_Pradesh,Agra,"Rohta, Agra - UPPCB","09-04-2026 11:00:00",27.106972,78.000111,NH3,5,5,5
India,Uttar_Pradesh,Agra,"Rohta, Agra - UPPCB","09-04-2026 11:00:00",27.106972,78.000111,OZONE,13,15,14
India,Uttar_Pradesh,Agra,"Sanjay Palace, Agra - UPPCB","09-04-2026 11:00:00",27.19865833,78.00598056,OZONE,14,80,32
India,Uttar_Pradesh,Agra,"Shastripuram, Agra - UPPCB","09-04-2026 11:00:00",27.19862,77.92066,NO2,16,30,17
India,Uttar_Pradesh,Agra,"Shastripuram, Agra - UPPCB","09-04-2026 11:00:00",27.19862,77.92066,CO,6,10,8
India,Uttar_Pradesh,Baghpat,"Sardar Patel Inter College, Baghpat - UPPCB","09-04-2026 11:00:00",28.964949,77.278761,PM10,44,88,64
India,Uttar_Pradesh,Baghpat,"Sardar Patel Inter College, Baghpat - UPPCB","09-04-2026 11:00:00",28.964949,77.278761,CO,26,82,68
India,Uttar_Pradesh,Bareilly,"Civil Lines, Bareilly - UPPCB","09-04-2026 11:00:00",28.359581,79.414455,PM2.5,19,34,29
India,Uttar_Pradesh,Bareilly,"Civil Lines, Bareilly - UPPCB","09-04-2026 11:00:00",28.359581,79.414455,OZONE,9,18,11
India,Uttar_Pradesh,Firozabad,"Nagla Bhau, Firozabad - UPPCB","09-04-2026 11:00:00",27.168897,78.376960,NH3,2,2,2
India,Uttar_Pradesh,Firozabad,"Nagla Bhau, Firozabad - UPPCB","09-04-2026 11:00:00",27.168897,78.376960,OZONE,7,18,12
India,Uttar_Pradesh,Firozabad,"Vibhab Nagar, Firozabad - UPPCB","09-04-2026 11:00:00",27.1594,78.3953,PM10,36,79,51
India,Telangana,Hyderabad,"Somajiguda, Hyderabad - TSPCB","09-04-2026 11:00:00",17.417094,78.457437,CO,8,31,25
India,Telangana,Hyderabad,"Zoo Park, Hyderabad - TSPCB","09-04-2026 11:00:00",17.349694,78.451437,CO,2,34,14
India,Uttar_Pradesh,Ghaziabad,"Indirapuram, Ghaziabad - UPPCB","09-04-2026 11:00:00",28.646233,77.358075,NH3,16,17,16
India,Uttar_Pradesh,Ghaziabad,"Indirapuram, Ghaziabad - UPPCB","09-04-2026 11:00:00",28.646233,77.358075,SO2,9,12,11
India,Uttar_Pradesh,Bareilly,"Rajendra Nagar, Bareilly - UPPCB","09-04-2026 11:00:00",28.38910936,79.42963708,PM2.5,9,18,13
India,Uttar_Pradesh,Bulandshahr,"Yamunapuram, Bulandshahr - UPPCB","09-04-2026 11:00:00",28.406963,77.849831,NO2,3,21,10
India,Uttar_Pradesh,Firozabad,"Nagla Bhau, Firozabad - UPPCB","09-04-2026 11:00:00",27.168897,78.376960,PM10,25,72,42
India,Uttar_Pradesh,Agra,"Shahjahan Garden, Agra - UPPCB","09-04-2026 11:00:00",27.169338,78.03582,PM10,60,140,82
India,Uttar_Pradesh,Lucknow,"Kukrail Picnic Spot-1, Lucknow - UPPCB","09-04-2026 11:00:00",26.90723,80.98579,OZONE,8,34,14
India,Uttar_Pradesh,Lucknow,"Lalbagh, Lucknow - CPCB","09-04-2026 11:00:00",26.8458805,80.9365541,PM10,24,115,59
India,Uttar_Pradesh,Lucknow,"Lalbagh, Lucknow - CPCB","09-04-2026 11:00:00",26.8458805,80.9365541,NO2,36,49,40
India,Uttar_Pradesh,Lucknow,"Lalbagh, Lucknow - CPCB","09-04-2026 11:00:00",26.8458805,80.9365541,OZONE,6,34,16
India,Uttar_Pradesh,Lucknow,"Talkatora District Industries Center, Lucknow - CPCB","09-04-2026 11:00:00",26.83399722,80.8917361,NH3,11,13,12
India,Uttar_Pradesh,Gorakhpur,"Madan Mohan Malaviya University of Technology, Gorakhpur - UPPCB","09-04-2026 11:00:00",26.730136,83.433859,SO2,46,48,47
India,Uttar_Pradesh,Gorakhpur,"Madan Mohan Malaviya University of Technology, Gorakhpur - UPPCB","09-04-2026 11:00:00",26.730136,83.433859,OZONE,1,4,1
India,Uttar_Pradesh,"Greater Noida","Knowledge Park - V, Greater Noida - UPPCB","09-04-2026 11:00:00",28.557054,77.453663,PM2.5,39,139,79
India,Uttar_Pradesh,"Greater Noida","Knowledge Park - V, Greater Noida - UPPCB","09-04-2026 11:00:00",28.557054,77.453663,OZONE,9,84,26
India,Uttar_Pradesh,Khora,"Prashant Garden, Khora - UPPCB","09-04-2026 11:00:00",28.61119,77.34206,PM2.5,66,154,109
India,Uttar_Pradesh,Khora,"Prashant Garden, Khora - UPPCB","09-04-2026 11:00:00",28.61119,77.34206,PM10,83,120,106
India,Uttar_Pradesh,Khurja,"Kalindi Kunj, Khurja - UPPCB","09-04-2026 11:00:00",28.2348927,77.8683002,PM10,6,82,24
India,Uttar_Pradesh,Ghaziabad,"Sanjay Nagar, Ghaziabad - UPPCB","09-04-2026 11:00:00",28.685382,77.453839,NO2,25,65,40
India,Uttar_Pradesh,Ghaziabad,"Vasundhara, Ghaziabad - UPPCB","09-04-2026 11:00:00",28.6603346,77.3572563,PM10,52,131,96
India,Uttar_Pradesh,Ghaziabad,"Vasundhara, Ghaziabad - UPPCB","09-04-2026 11:00:00",28.6603346,77.3572563,NH3,5,19,11
India,Uttar_Pradesh,Ghaziabad,"Ved Vihar-Loni, Ghaziabad - UPPCB","09-04-2026 11:00:00","28.739153 ","77.273668 ",PM2.5,74,279,131
India,Uttar_Pradesh,Gorakhpur,"Madan Mohan Malaviya University of Technology, Gorakhpur - UPPCB","09-04-2026 11:00:00",26.730136,83.433859,PM2.5,33,95,52
India,Uttar_Pradesh,Kanpur,"FTI Kidwai Nagar, Kanpur - UPPCB","09-04-2026 11:00:00",26.428282,80.327067,NO2,26,27,27
India,Uttar_Pradesh,Kanpur,"FTI Kidwai Nagar, Kanpur - UPPCB","09-04-2026 11:00:00",26.428282,80.327067,SO2,12,32,25
India,Uttar_Pradesh,Kanpur,"NSI Kalyanpur, Kanpur - UPPCB","09-04-2026 11:00:00",26.509954,80.249612,SO2,11,15,12
India,Uttar_Pradesh,Lucknow,"Talkatora District Industries Center, Lucknow - CPCB","09-04-2026 11:00:00",26.83399722,80.8917361,OZONE,9,58,20
India,Uttar_Pradesh,Meerut,"Jai Bhim Nagar, Meerut - UPPCB","09-04-2026 11:00:00",28.9535882,77.7622941,PM10,20,58,41
India,Uttar_Pradesh,Lucknow,"Gomti Nagar, Lucknow - UPPCB","09-04-2026 11:00:00",26.868120,81.005119,PM10,6,55,32
India,Uttar_Pradesh,Moradabad,"Employment Office, Moradabad - UPPCB","09-04-2026 11:00:00",28.88528,78.73880,PM2.5,NA,NA,NA
India,Uttar_Pradesh,Moradabad,"Jigar Colony, Moradabad - UPPCB","09-04-2026 11:00:00",28.856664,78.772638,CO,39,40,40
India,Uttar_Pradesh,Moradabad,"Kashiram Nagar, Moradabad - UPPCB","09-04-2026 11:00:00",28.849399,78.742362,PM2.5,8,34,19
India,Uttar_Pradesh,Moradabad,"Kashiram Nagar, Moradabad - UPPCB","09-04-2026 11:00:00",28.849399,78.742362,NO2,25,25,25
India,Uttar_Pradesh,Moradabad,"Kashiram Nagar, Moradabad - UPPCB","09-04-2026 11:00:00",28.849399,78.742362,NH3,4,4,4
India,Uttar_Pradesh,Moradabad,"Kashiram Nagar, Moradabad - UPPCB","09-04-2026 11:00:00",28.849399,78.742362,OZONE,11,48,18
India,Uttar_Pradesh,Noida,"Sector - 62, Noida - IMD","09-04-2026 11:00:00",28.6245479,77.3577104,PM10,42,107,82
India,Uttar_Pradesh,Noida,"Sector-1, Noida - UPPCB","09-04-2026 11:00:00",28.5898,77.3101,PM2.5,45,109,62
India,Uttar_Pradesh,Noida,"Sector-1, Noida - UPPCB","09-04-2026 11:00:00",28.5898,77.3101,NH3,7,11,8
India,Uttar_Pradesh,Noida,"Sector-116, Noida - UPPCB","09-04-2026 11:00:00",28.569230,77.393848,PM2.5,41,148,71
India,Uttar_Pradesh,Noida,"Sector-116, Noida - UPPCB","09-04-2026 11:00:00",28.569230,77.393848,PM10,48,127,93
India,Uttar_Pradesh,Noida,"Sector-116, Noida - UPPCB","09-04-2026 11:00:00",28.569230,77.393848,CO,29,46,35
India,Uttar_Pradesh,Meerut,"Jai Bhim Nagar, Meerut - UPPCB","09-04-2026 11:00:00",28.9535882,77.7622941,SO2,4,8,6
India,Uttar_Pradesh,Meerut,"Pallavpuram Phase 2, Meerut - UPPCB","09-04-2026 11:00:00",29.063510,77.709723,PM2.5,8,47,30
India,Uttar_Pradesh,Muzaffarnagar,"New Mandi, Muzaffarnagar - UPPCB","09-04-2026 11:00:00",29.4723508,77.7194031,PM10,26,160,79
India,Uttar_Pradesh,Muzaffarnagar,"New Mandi, Muzaffarnagar - UPPCB","09-04-2026 11:00:00",29.4723508,77.7194031,NH3,6,8,7
India,Uttar_Pradesh,Modinagar,"SRM University, Modinagar - UPPCB","09-04-2026 11:00:00","28.798171 ","77.540243 ",PM2.5,49,131,85
India,Uttar_Pradesh,Meerut,"Pallavpuram Phase 2, Meerut - UPPCB","09-04-2026 11:00:00",29.063510,77.709723,CO,5,31,10
India,Uttar_Pradesh,Meerut,"Jai Bhim Nagar, Meerut - UPPCB","09-04-2026 11:00:00",28.9535882,77.7622941,NH3,6,8,7
India,Uttar_Pradesh,Moradabad,"Buddhi Vihar, Moradabad - UPPCB","09-04-2026 11:00:00",28.83526,78.74460,PM10,16,40,26
India,Uttar_Pradesh,Prayagraj,"Jhunsi, Prayagraj - UPPCB","09-04-2026 11:00:00",25.425602,81.917152,SO2,18,34,24
India,Uttar_Pradesh,Raebareli," Indira Nagar, Raebareli - NTPC Unchahar","09-04-2026 11:00:00",26.207781,81.245571,SO2,10,13,12
India,Uttar_Pradesh,Raebareli," Indira Nagar, Raebareli - NTPC Unchahar","09-04-2026 11:00:00",26.207781,81.245571,CO,10,10,10
India,Uttar_Pradesh,Varanasi,"Ardhali Bazar, Varanasi - UPPCB","09-04-2026 11:00:00",25.3505986,82.9083074,PM2.5,25,104,58
India,Uttar_Pradesh,Varanasi,"Ardhali Bazar, Varanasi - UPPCB","09-04-2026 11:00:00",25.3505986,82.9083074,PM10,32,119,73
India,Uttarakhand,Rishikesh,"Shivaji Nagar, Rishikesh - UKPCB","09-04-2026 11:00:00",30.075911,78.2859547,SO2,1,1,1
India,Uttarakhand,Rishikesh,"Shivaji Nagar, Rishikesh - UKPCB","09-04-2026 11:00:00",30.075911,78.2859547,CO,37,38,37
India,Uttar_Pradesh,Varanasi,"Bhelupur, Varanasi - UPPCB","09-04-2026 11:00:00",25.301778,82.996789,PM2.5,6,31,15
India,Uttar_Pradesh,Varanasi,"Bhelupur, Varanasi - UPPCB","09-04-2026 11:00:00",25.301778,82.996789,PM10,14,76,37
India,Uttar_Pradesh,Vrindavan,"Omex Eternity, Vrindavan - UPPCB","09-04-2026 11:00:00",27.5714090,77.6557570,OZONE,15,16,15
India,Uttarakhand,Rishikesh,"Shivaji Nagar, Rishikesh - UKPCB","09-04-2026 11:00:00",30.075911,78.2859547,NH3,3,20,13
India,Uttar_Pradesh,Prayagraj,"Nagar Nigam, Prayagraj - UPPCB","09-04-2026 11:00:00","25.44919916 ","81.82735986 ",NO2,5,5,5
India,Uttar_Pradesh,Prayagraj,"Motilal Nehru NIT, Prayagraj - UPPCB","09-04-2026 11:00:00",25.494,81.863,NH3,8,8,8
India,Uttar_Pradesh,Varanasi,"Maldahiya, Varanasi - UPPCB","09-04-2026 11:00:00",25.32393,82.99687,CO,15,28,17
India,Uttar_Pradesh,Varanasi,"Bhelupur, Varanasi - UPPCB","09-04-2026 11:00:00",25.301778,82.996789,CO,6,14,7
India,West_Bengal,Asansol,"Asansol Court Area, Asansol - WBPCB","09-04-2026 11:00:00",23.685297,86.945968,CO,16,104,60
India,West_Bengal,Asansol,"Evelyn Lodge, Asansol - WBPCB","09-04-2026 11:00:00",23.6979360,86.9443950,PM10,27,73,51
India,West_Bengal,Asansol,"Mahabir Colliery, Asansol - WBPCB","09-04-2026 11:00:00",23.6181830,87.1057180,SO2,3,8,4
India,West_Bengal,Asansol,"Trivenidevi Bhalotia College, Asansol - WBPCB","09-04-2026 11:00:00",23.616515,87.119133,PM10,NA,NA,NA
India,West_Bengal,Durgapur,"Womens College_City Center, Durgapur - WBPCB","09-04-2026 11:00:00",23.549395,87.300496,NO2,22,34,26
India,West_Bengal,Durgapur,"Womens College_City Center, Durgapur - WBPCB","09-04-2026 11:00:00",23.549395,87.300496,SO2,27,28,28
India,West_Bengal,Durgapur,"Womens College_City Center, Durgapur - WBPCB","09-04-2026 11:00:00",23.549395,87.300496,OZONE,2,66,4
India,West_Bengal,Howrah,"Belur Math, Howrah - WBPCB","09-04-2026 11:00:00",22.629801,88.352017,NH3,4,6,5
India,West_Bengal,Kolkata,"Bidhannagar, Kolkata - WBPCB","09-04-2026 11:00:00",22.58157048,88.41002457,PM10,43,63,53
India,West_Bengal,Kolkata,"Fort William, Kolkata - WBPCB","09-04-2026 11:00:00",22.556640,88.342674,PM2.5,14,35,24
India,West_Bengal,Kolkata,"Fort William, Kolkata - WBPCB","09-04-2026 11:00:00",22.556640,88.342674,NO2,22,44,30
India,West_Bengal,Barrackpore,"SVSPA Campus, Barrackpore - WBPCB","09-04-2026 11:00:00",22.7605581,88.3617589,PM10,13,46,29
India,West_Bengal,Durgapur,"PCBL Residential Complex, Durgapur - WBPCB","09-04-2026 11:00:00",23.5087640,87.3544400,SO2,5,6,5
India,West_Bengal,Asansol,"Trivenidevi Bhalotia College, Asansol - WBPCB","09-04-2026 11:00:00",23.616515,87.119133,CO,24,79,54
India,West_Bengal,Asansol,"Trivenidevi Bhalotia College, Asansol - WBPCB","09-04-2026 11:00:00",23.616515,87.119133,OZONE,7,44,8
India,West_Bengal,Durgapur,"PCBL Residential Complex, Durgapur - WBPCB","09-04-2026 11:00:00",23.5087640,87.3544400,CO,56,109,91
India,West_Bengal,Howrah,"Ghusuri, Howrah - WBPCB","09-04-2026 11:00:00",22.611968,88.347422,PM2.5,31,56,45
India,West_Bengal,Howrah,"Belur Math, Howrah - WBPCB","09-04-2026 11:00:00",22.629801,88.352017,CO,7,27,17
India,West_Bengal,Howrah,"Ghusuri, Howrah - WBPCB","09-04-2026 11:00:00",22.611968,88.347422,OZONE,3,31,14
India,West_Bengal,Kolkata,"Fort William, Kolkata - WBPCB","09-04-2026 11:00:00",22.556640,88.342674,NH3,9,10,9
India,West_Bengal,Kolkata,"Fort William, Kolkata - WBPCB","09-04-2026 11:00:00",22.556640,88.342674,SO2,3,28,7
India,West_Bengal,Kolkata,"Fort William, Kolkata - WBPCB","09-04-2026 11:00:00",22.556640,88.342674,CO,10,32,23
India,West_Bengal,Kolkata,"Jadavpur, Kolkata - WBPCB","09-04-2026 11:00:00",22.49929,88.36917,NH3,12,16,14
India,West_Bengal,Kolkata,"Rabindra Bharati University, Kolkata - WBPCB","09-04-2026 11:00:00",22.627847,88.380669,PM2.5,25,47,35
India,West_Bengal,Kolkata,"Rabindra Bharati University, Kolkata - WBPCB","09-04-2026 11:00:00",22.627847,88.380669,PM10,19,52,32
India,West_Bengal,Kolkata,"Rabindra Bharati University, Kolkata - WBPCB","09-04-2026 11:00:00",22.627847,88.380669,NH3,8,12,12
India,West_Bengal,Kolkata,"Victoria, Kolkata - WBPCB","09-04-2026 11:00:00",22.5448082,88.3403691,NH3,7,8,8
India,West_Bengal,Kolkata,"Victoria, Kolkata - WBPCB","09-04-2026 11:00:00",22.5448082,88.3403691,CO,1,66,5
India,West_Bengal,Siliguri,"Ward-32 Bapupara, Siliguri - WBPCB","09-04-2026 11:00:00",26.6879226,88.4152495,PM2.5,22,56,35
India,West_Bengal,Siliguri,"Ward-32 Bapupara, Siliguri - WBPCB","09-04-2026 11:00:00",26.6879226,88.4152495,PM10,34,121,55
India,West_Bengal,Siliguri,"Ward-32 Bapupara, Siliguri - WBPCB","09-04-2026 11:00:00",26.6879226,88.4152495,CO,24,68,36
